date,TanChau_Discharge,MyTho_EC,MyTho_Salinity,TanChau_Discharge_lag_1,TanChau_Discharge_lag_2,MyTho_Salinity_lag_1,Month
1985-07-01,5229.748,12.2,7.808,3049.04,1796.593,7.808,7
1985-08-01,6520.703,16.1,10.304,5229.748,3049.04,7.808,8
1985-09-01,6993.7725,12.1,7.744,6520.703,5229.748,10.304,9
1985-10-01,5942.2783,15.3,9.792,6993.7725,6520.703,7.744,10
1985-11-01,2830.018,13.4,8.576,5942.2783,6993.7725,9.792,11
1985-12-01,1927.5829,13.9,8.896,2830.018,5942.2783,8.576,12
1986-01-01,711.61066,8.2,5.247999999999999,1927.5829,2830.018,8.896,1
1986-02-01,394.7535,8.9,5.696000000000001,711.61066,1927.5829,5.247999999999999,2
1986-03-01,279.41528,17.0,10.88,394.7535,711.61066,5.696000000000001,3
1986-04-01,216.44559,24.1,15.424000000000001,279.41528,394.7535,10.88,4
1986-05-01,1344.8071,24.6,15.744000000000002,216.44559,279.41528,15.424000000000001,5
1986-06-01,3569.338,16.6,10.624,1344.8071,216.44559,15.744000000000002,6
1986-07-01,5675.384,11.4,7.296,3569.338,1344.8071,10.624,7
1986-08-01,7795.673,14.7,9.408,5675.384,3569.338,7.296,8
1986-09-01,8439.644,10.5,6.72,7795.673,5675.384,9.408,9
1986-10-01,5636.6426,13.0,8.32,8439.644,7795.673,6.72,10
1986-11-01,3403.8713,14.0,8.96,5636.6426,8439.644,8.32,11
1986-12-01,1702.208,15.1,9.664,3403.8713,5636.6426,8.96,12
1987-01-01,656.5348,13.6,8.704,1702.208,3403.8713,9.664,1
1987-02-01,385.40405,20.2,12.927999999999999,656.5348,1702.208,8.704,2
1987-03-01,274.33862,19.1,12.224000000000002,385.40405,656.5348,12.927999999999999,3
1987-04-01,209.55853,353.0,225.92000000000002,274.33862,385.40405,12.224000000000002,4
1987-05-01,366.1035,480.0,307.2,209.55853,274.33862,225.92000000000002,5
1987-06-01,1743.9341,79.7,51.008,366.1035,209.55853,307.2,6
1987-07-01,3664.7896,15.8,10.112,1743.9341,366.1035,51.008,7
1987-08-01,6021.9116,15.9,10.176,3664.7896,1743.9341,10.112,8
1987-09-01,8658.629,13.3,8.512,6021.9116,3664.7896,10.176,9
1987-10-01,5893.426,15.1,9.664,8658.629,6021.9116,8.512,10
1987-11-01,2921.9304,55.8,35.711999999999996,5893.426,8658.629,9.664,11
1987-12-01,2096.4468,18.0,11.52,2921.9304,5893.426,35.711999999999996,12
1988-01-01,649.93744,16.5,10.56,2096.4468,2921.9304,11.52,1
1988-02-01,378.28577,17.0,10.88,649.93744,2096.4468,10.56,2
1988-03-01,290.89423,19.1,12.224000000000002,378.28577,649.93744,10.88,3
1988-04-01,241.47673,797.0,510.08,290.89423,378.28577,12.224000000000002,4
1988-05-01,984.19666,45.3,28.991999999999997,241.47673,290.89423,510.08,5
1988-06-01,3701.947,34.9,22.336,984.19666,241.47673,28.991999999999997,6
1988-07-01,3264.6602,19.3,12.352,3701.947,984.19666,22.336,7
1988-08-01,5404.044,12.2,7.808,3264.6602,3701.947,12.352,8
1988-09-01,4989.0264,15.4,9.856,5404.044,3264.6602,7.808,9
1988-10-01,6139.916,13.2,8.448,4989.0264,5404.044,9.856,10
1988-11-01,3917.412,12.6,8.064,6139.916,4989.0264,8.448,11
1988-12-01,1088.0945,13.8,8.832,3917.412,6139.916,8.064,12
1989-01-01,555.7741,14.5,9.28,1088.0945,3917.412,8.832,1
1989-02-01,364.97626,15.2,9.728,555.7741,1088.0945,9.28,2
1989-03-01,284.82,48.7,31.168000000000003,364.97626,555.7741,9.728,3
1989-04-01,434.7964,38.0,24.32,284.82,364.97626,31.168000000000003,4
1989-05-01,884.51794,32.7,20.928,434.7964,284.82,24.32,5
1989-06-01,3621.788,19.0,12.16,884.51794,434.7964,20.928,6
1989-07-01,4522.5957,26.9,17.216,3621.788,884.51794,12.16,7
1989-08-01,6538.2896,12.1,7.744,4522.5957,3621.788,17.216,8
1989-09-01,6514.659,16.7,10.688,6538.2896,4522.5957,7.744,9
1989-10-01,5315.454,14.7,9.408,6514.659,6538.2896,10.688,10
1989-11-01,2853.374,15.5,9.92,5315.454,6514.659,9.408,11
1989-12-01,1051.2174,15.1,9.664,2853.374,5315.454,9.92,12
1990-01-01,553.8921,15.5,9.92,1051.2174,2853.374,9.664,1
1990-02-01,349.95886,16.6,10.624,553.8921,1051.2174,9.92,2
1990-03-01,324.53027,152.2,97.408,349.95886,553.8921,10.624,3
1990-04-01,465.79877,47.5,30.400000000000002,324.53027,349.95886,97.408,4
1990-05-01,667.874,221.0,141.44,465.79877,324.53027,30.400000000000002,5
1990-06-01,4045.2744,22.6,14.464,667.874,465.79877,141.44,6
1990-07-01,5819.2393,13.8,8.832,4045.2744,667.874,14.464,7
1990-08-01,6789.791,15.5,9.92,5819.2393,4045.2744,8.832,8
1990-09-01,8276.766,12.7,8.128,6789.791,5819.2393,9.92,9
1990-10-01,5674.5596,16.9,10.815999999999999,8276.766,6789.791,8.128,10
1990-11-01,3162.2036,15.7,10.048,5674.5596,8276.766,10.815999999999999,11
1990-12-01,1343.9525,17.9,11.456,3162.2036,5674.5596,10.048,12
1991-01-01,560.75964,15.7,10.048,1343.9525,3162.2036,11.456,1
1991-02-01,373.73035,25.7,16.448,560.75964,1343.9525,10.048,2
1991-03-01,276.8931,50.8,32.512,373.73035,560.75964,16.448,3
1991-04-01,223.82442,211.0,135.04,276.8931,373.73035,32.512,4
1991-05-01,451.95493,96.6,61.824,223.82442,276.8931,135.04,5
1991-06-01,1627.0623,41.1,26.304000000000002,451.95493,223.82442,61.824,6
1991-07-01,3631.2573,24.9,15.936,1627.0623,451.95493,26.304000000000002,7
1991-08-01,7192.32,13.2,8.448,3631.2573,1627.0623,15.936,8
1991-09-01,9048.754,31.3,20.032,7192.32,3631.2573,8.448,9
1991-10-01,6473.4233,19.2,12.288,9048.754,7192.32,20.032,10
1991-11-01,3299.4878,16.8,10.752,6473.4233,9048.754,12.288,11
1991-12-01,1129.1162,15.2,9.728,3299.4878,6473.4233,10.752,12
1992-01-01,676.82324,17.5,11.200000000000001,1129.1162,3299.4878,9.728,1
1992-02-01,463.93225,42.6,27.264000000000003,676.82324,1129.1162,11.200000000000001,2
1992-03-01,305.04526,24.1,15.424000000000001,463.93225,676.82324,27.264000000000003,3
1992-04-01,251.46057,42.4,27.136,305.04526,463.93225,15.424000000000001,4
1992-05-01,394.34308,259.0,165.76,251.46057,305.04526,27.136,5
1992-06-01,1603.0938,70.5,45.12,394.34308,251.46057,165.76,6
1992-07-01,4384.915,25.8,16.512,1603.0938,394.34308,45.12,7
1992-08-01,7199.5435,23.1,14.784,4384.915,1603.0938,16.512,8
1992-09-01,7271.158,11.0,7.04,7199.5435,4384.915,14.784,9
1992-10-01,5240.6655,12.7,8.128,7271.158,7199.5435,7.04,10
1992-11-01,4054.8467,13.2,8.448,5240.6655,7271.158,8.128,11
1992-12-01,940.40845,14.8,9.472000000000001,4054.8467,5240.6655,8.448,12
1993-01-01,557.1013,15.5,9.92,940.40845,4054.8467,9.472000000000001,1
1993-02-01,368.30463,18.1,11.584000000000001,557.1013,940.40845,9.92,2
1993-03-01,273.85022,165.0,105.60000000000001,368.30463,557.1013,11.584000000000001,3
1993-04-01,322.6112,535.0,342.40000000000003,273.85022,368.30463,105.60000000000001,4
1993-05-01,613.3267,58.8,37.632,322.6112,273.85022,342.40000000000003,5
1993-06-01,2137.456,27.7,17.728,613.3267,322.6112,37.632,6
1993-07-01,4441.8955,22.5,14.4,2137.456,613.3267,17.728,7
1993-08-01,5406.966,17.4,11.136,4441.8955,2137.456,14.4,8
1993-09-01,6069.121,17.6,11.264000000000001,5406.966,4441.8955,11.136,9
1993-10-01,5362.3203,18.2,11.648,6069.121,5406.966,11.264000000000001,10
1993-11-01,2714.4888,14.8,9.472000000000001,5362.3203,6069.121,11.648,11
1993-12-01,1426.7366,16.2,10.368,2714.4888,5362.3203,9.472000000000001,12
1994-01-01,565.0083,18.4,11.776,1426.7366,2714.4888,10.368,1
1994-02-01,336.5302,80.5,51.52,565.0083,1426.7366,11.776,2
1994-03-01,279.123,451.0,288.64,336.5302,565.0083,51.52,3
1994-04-01,331.0811,699.0,447.36,279.123,336.5302,288.64,4
1994-05-01,816.9827,73.8,47.232,331.0811,279.123,447.36,5
1994-06-01,2669.6992,32.0,20.48,816.9827,331.0811,47.232,6
1994-07-01,6126.96,18.3,11.712000000000002,2669.6992,816.9827,20.48,7
1994-08-01,7508.2705,10.9,6.976,6126.96,2669.6992,11.712000000000002,8
1994-09-01,8360.49,14.0,8.96,7508.2705,6126.96,6.976,9
1994-10-01,5989.9043,18.0,11.52,8360.49,7508.2705,8.96,10
1994-11-01,2167.0562,16.7,10.688,5989.9043,8360.49,11.52,11
1994-12-01,856.61487,14.0,8.96,2167.0562,5989.9043,10.688,12
1995-01-01,578.2237,15.8,10.112,856.61487,2167.0562,8.96,1
1995-02-01,349.16248,17.0,10.88,578.2237,856.61487,10.112,2
1995-03-01,234.18239,52.9,33.856,349.16248,578.2237,10.88,3
1995-04-01,192.27762,93.9,60.096000000000004,234.18239,349.16248,33.856,4
1995-05-01,478.84576,603.0,385.92,192.27762,234.18239,60.096000000000004,5
1995-06-01,1589.0583,52.0,33.28,478.84576,192.27762,385.92,6
1995-07-01,3892.6406,25.2,16.128,1589.0583,478.84576,33.28,7
1995-08-01,6613.113,14.3,9.152000000000001,3892.6406,1589.0583,16.128,8
1995-09-01,9294.995,14.2,9.088,6613.113,3892.6406,9.152000000000001,9
1995-10-01,6187.434,13.4,8.576,9294.995,6613.113,9.088,10
1995-11-01,3453.4712,12.8,8.192,6187.434,9294.995,8.576,11
1995-12-01,1111.7585,15.7,10.048,3453.4712,6187.434,8.192,12
1996-01-01,584.1509,15.5,9.92,1111.7585,3453.4712,10.048,1
1996-02-01,355.0708,17.5,11.200000000000001,584.1509,1111.7585,9.92,2
1996-03-01,269.53085,20.6,13.184000000000001,355.0708,584.1509,11.200000000000001,3
1996-04-01,263.922,210.0,134.4,269.53085,355.0708,13.184000000000001,4
1996-05-01,1194.2427,35.4,22.656,263.922,269.53085,134.4,5
1996-06-01,2292.518,19.4,12.415999999999999,1194.2427,263.922,22.656,6
1996-07-01,3086.1746,23.1,14.784,2292.518,1194.2427,12.415999999999999,7
1996-08-01,5862.286,12.7,8.128,3086.1746,2292.518,14.784,8
1996-09-01,7386.7114,14.3,9.152000000000001,5862.286,3086.1746,8.128,9
1996-10-01,7848.5347,14.2,9.088,7386.7114,5862.286,9.152000000000001,10
1996-11-01,4019.5376,10.7,6.848,7848.5347,7386.7114,9.088,11
1996-12-01,1652.2332,12.7,8.128,4019.5376,7848.5347,6.848,12
1997-01-01,704.54333,12.9,8.256,1652.2332,4019.5376,8.128,1
1997-02-01,426.5287,15.5,9.92,704.54333,1652.2332,8.256,2
1997-03-01,308.22876,35.5,22.72,426.5287,704.54333,9.92,3
1997-04-01,348.31497,27.0,17.28,308.22876,426.5287,22.72,4
1997-05-01,870.4261,22.7,14.528,348.31497,308.22876,17.28,5
1997-06-01,2186.838,28.6,18.304000000000002,870.4261,348.31497,14.528,6
1997-07-01,4594.8174,22.4,14.335999999999999,2186.838,870.4261,18.304000000000002,7
1997-08-01,8140.624,13.5,8.64,4594.8174,2186.838,14.335999999999999,8
1997-09-01,7269.818,13.5,8.64,8140.624,4594.8174,8.64,9
1997-10-01,6458.8076,12.7,8.128,7269.818,8140.624,8.64,10
1997-11-01,2243.9731,13.0,8.32,6458.8076,7269.818,8.128,11
1997-12-01,832.9647,14.3,9.152000000000001,2243.9731,6458.8076,8.32,12
1998-01-01,474.71283,17.4,11.136,832.9647,2243.9731,9.152000000000001,1
1998-02-01,300.84686,4.2,2.688,474.71283,832.9647,11.136,2
1998-03-01,201.76187,131.9,84.41600000000001,300.84686,474.71283,2.688,3
1998-04-01,74.88133,841.0,538.24,201.76187,300.84686,84.41600000000001,4
1998-05-01,401.6031,118.8,76.032,74.88133,201.76187,538.24,5
1998-06-01,1934.3196,90.3,57.792,401.6031,74.88133,76.032,6
1998-07-01,2529.1177,21.1,13.504000000000001,1934.3196,401.6031,57.792,7
1998-08-01,4167.715,17.9,11.456,2529.1177,1934.3196,13.504000000000001,8
1998-09-01,4568.813,21.5,13.76,4167.715,2529.1177,11.456,9
1998-10-01,5595.086,17.0,10.88,4568.813,4167.715,13.76,10
1998-11-01,2407.19,20.9,13.376,5595.086,4568.813,10.88,11
1998-12-01,2433.6982,49.4,31.616,2407.19,5595.086,13.376,12
1999-01-01,662.927,17.0,10.88,2433.6982,2407.19,31.616,1
1999-02-01,366.73578,18.2,11.648,662.927,2433.6982,10.88,2
1999-03-01,218.14594,51.0,32.64,366.73578,662.927,11.648,3
1999-04-01,449.8737,98.5,63.04,218.14594,366.73578,32.64,4
1999-05-01,2120.5361,58.3,37.312,449.8737,218.14594,63.04,5
1999-06-01,3849.3967,15.2,9.728,2120.5361,449.8737,37.312,6
1999-07-01,3829.6353,13.5,8.64,3849.3967,2120.5361,9.728,7
1999-08-01,5622.9443,13.8,8.832,3829.6353,3849.3967,8.64,8
1999-09-01,5260.8257,14.5,9.28,5622.9443,3829.6353,8.832,9
1999-10-01,5462.332,13.6,8.704,5260.8257,5622.9443,9.28,10
1999-11-01,4121.656,15.6,9.984,5462.332,5260.8257,8.704,11
1999-12-01,1756.2063,15.2,9.728,4121.656,5462.332,9.984,12
2000-01-01,718.6319,23.72,15.1808,1756.2063,4121.656,9.728,1
2000-02-01,391.0334,14.4,9.216000000000001,718.6319,1756.2063,15.1808,2
2000-03-01,350.45352,19.8,12.672,391.0334,718.6319,9.216000000000001,3
2000-04-01,489.64215,20.8,13.312000000000001,350.45352,391.0334,12.672,4
2000-05-01,1643.4121,22.6,14.464,489.64215,350.45352,13.312000000000001,5
2000-06-01,4229.6104,16.48,10.5472,1643.4121,489.64215,14.464,6
2000-07-01,6000.708,8.61,5.5104,4229.6104,1643.4121,10.5472,7
2000-08-01,6749.8643,11.45,7.327999999999999,6000.708,4229.6104,5.5104,8
2000-09-01,7842.17,10.84,6.9376,6749.8643,6000.708,7.327999999999999,9
2000-10-01,5540.074,12.9,8.256,7842.17,6749.8643,6.9376,10
2000-11-01,3100.4082,12.59,8.0576,5540.074,7842.17,8.256,11
2000-12-01,1138.0632,12.05,7.712000000000001,3100.4082,5540.074,8.0576,12
2001-01-01,615.73206,12.48,7.9872000000000005,1138.0632,3100.4082,7.712000000000001,1
2001-02-01,393.6422,14.15,9.056000000000001,615.73206,1138.0632,7.9872000000000005,2
2001-03-01,310.34222,18.19,11.6416,393.6422,615.73206,9.056000000000001,3
2001-04-01,500.0199,14.22,9.100800000000001,310.34222,393.6422,11.6416,4
2001-05-01,852.4139,17.15,10.975999999999999,500.0199,310.34222,9.100800000000001,5
2001-06-01,2641.457,13.83,8.8512,852.4139,500.0199,10.975999999999999,6
2001-07-01,4751.0464,12.03,7.699199999999999,2641.457,852.4139,8.8512,7
2001-08-01,7095.1924,10.62,6.796799999999999,4751.0464,2641.457,7.699199999999999,8
2001-09-01,7885.944,10.99,7.0336,7095.1924,4751.0464,6.796799999999999,9
2001-10-01,4635.385,10.71,6.854400000000001,7885.944,7095.1924,7.0336,10
2001-11-01,2886.688,12.19,7.8016,4635.385,7885.944,6.854400000000001,11
2001-12-01,1102.862,15.3,9.792,2886.688,4635.385,7.8016,12
2002-01-01,601.8206,14.32,9.1648,1102.862,2886.688,9.792,1
2002-02-01,360.36456,15.67,10.0288,601.8206,1102.862,9.1648,2
2002-03-01,237.26913,25.3,16.192,360.36456,601.8206,10.0288,3
2002-04-01,180.19983,78.2,50.048,237.26913,360.36456,16.192,4
2002-05-01,595.19666,94.5,60.480000000000004,180.19983,237.26913,50.048,5
2002-06-01,3246.356,28.2,18.048,595.19666,180.19983,60.480000000000004,6
2002-07-01,4988.1416,13.66,8.7424,3246.356,595.19666,18.048,7
2002-08-01,8481.942,13.67,8.748800000000001,4988.1416,3246.356,8.7424,8
2002-09-01,8190.6226,13.3,8.512,8481.942,4988.1416,8.748800000000001,9
2002-10-01,6020.0947,12.84,8.217600000000001,8190.6226,8481.942,8.512,10
2002-11-01,2525.3108,14.83,9.491200000000001,6020.0947,8190.6226,8.217600000000001,11
2002-12-01,1097.4438,14.3,9.152000000000001,2525.3108,6020.0947,9.491200000000001,12
2003-01-01,705.24506,14.5,9.28,1097.4438,2525.3108,9.152000000000001,1
2003-02-01,443.32156,12.6,8.064,705.24506,1097.4438,9.28,2
2003-03-01,330.247,13.6,8.704,443.32156,705.24506,8.064,3
2003-04-01,313.77188,23.6,15.104000000000001,330.247,443.32156,8.704,4
2003-05-01,775.4239,26.6,17.024,313.77188,330.247,15.104000000000001,5
2003-06-01,2791.883,21.2,13.568,775.4239,313.77188,17.024,6
2003-07-01,2905.709,23.7,15.168,2791.883,775.4239,13.568,7
2003-08-01,5397.542,23.6,15.104000000000001,2905.709,2791.883,15.168,8
2003-09-01,6377.5615,15.5,9.92,5397.542,2905.709,15.104000000000001,9
2003-10-01,5393.5996,19.4,12.415999999999999,6377.5615,5397.542,9.92,10
2003-11-01,1900.2893,14.1,9.024,5393.5996,6377.5615,12.415999999999999,11
2003-12-01,720.56934,14.5,9.28,1900.2893,5393.5996,9.024,12
2004-01-01,467.43005,20.63,13.203199999999999,720.56934,1900.2893,9.28,1
2004-02-01,322.839,21.4,13.696,467.43005,720.56934,13.203199999999999,2
2004-03-01,194.22868,122.9,78.656,322.839,467.43005,13.696,3
2004-04-01,122.99195,187.3,119.87200000000001,194.22868,322.839,78.656,4
2004-05-01,768.29895,124.6,79.744,122.99195,194.22868,119.87200000000001,5
2004-06-01,2870.7476,39.0,24.96,768.29895,122.99195,79.744,6
2004-07-01,3636.711,19.7,12.608,2870.7476,768.29895,24.96,7
2004-08-01,6715.291,16.3,10.432,3636.711,2870.7476,12.608,8
2004-09-01,6455.8936,13.8,8.832,6715.291,3636.711,10.432,9
2004-10-01,3843.0786,15.1,9.664,6455.8936,6715.291,8.832,10
2004-11-01,1276.0516,15.0,9.6,3843.0786,6455.8936,9.664,11
2004-12-01,683.711,14.2,9.088,1276.0516,3843.0786,9.6,12
2005-01-01,413.0338,17.4,11.136,683.711,1276.0516,9.088,1
2005-02-01,279.23462,19.0,12.16,413.0338,683.711,11.136,2
2005-03-01,172.29599,112.6,72.064,279.23462,413.0338,12.16,3
2005-04-01,85.63305,121.8,77.952,172.29599,279.23462,72.064,4
2005-05-01,280.8205,28.6,18.304000000000002,85.63305,172.29599,77.952,5
2005-06-01,1070.4866,36.4,23.296,280.8205,85.63305,18.304000000000002,6
2005-07-01,3087.8264,18.6,11.904000000000002,1070.4866,280.8205,23.296,7
2005-08-01,7122.638,12.8,8.192,3087.8264,1070.4866,11.904000000000002,8
2005-09-01,7006.1797,14.8,9.472000000000001,7122.638,3087.8264,8.192,9
2005-10-01,5244.3555,13.1,8.384,7006.1797,7122.638,9.472000000000001,10
2005-11-01,2228.1306,14.0,8.96,5244.3555,7006.1797,8.384,11
2005-12-01,1105.9452,15.2,9.728,2228.1306,5244.3555,8.96,12
2006-01-01,652.789,14.9,9.536,1105.9452,2228.1306,9.728,1
2006-02-01,308.0097,15.8,10.112,652.789,1105.9452,9.536,2
2006-03-01,229.16139,19.3,12.352,308.0097,652.789,10.112,3
2006-04-01,215.09651,26.2,16.768,229.16139,308.0097,12.352,4
2006-05-01,709.92566,60.6,38.784,215.09651,229.16139,16.768,5
2006-06-01,1418.228,20.0,12.8,709.92566,215.09651,38.784,6
2006-07-01,3698.16,16.1,10.304,1418.228,709.92566,12.8,7
2006-08-01,7765.9897,11.7,7.4879999999999995,3698.16,1418.228,10.304,8
2006-09-01,7881.252,12.6,8.064,7765.9897,3698.16,7.4879999999999995,9
2006-10-01,6697.1626,10.7,6.848,7881.252,7765.9897,8.064,10
2006-11-01,2217.486,12.7,8.128,6697.1626,7881.252,6.848,11
2006-12-01,793.00684,14.9,9.536,2217.486,6697.1626,8.128,12
2007-01-01,443.07632,14.1,9.024,793.00684,2217.486,9.536,1
2007-02-01,257.3213,16.4,10.495999999999999,443.07632,793.00684,9.024,2
2007-03-01,188.31604,46.4,29.695999999999998,257.3213,443.07632,10.495999999999999,3
2007-04-01,212.88217,168.6,107.904,188.31604,257.3213,29.695999999999998,4
2007-05-01,966.1918,38.0,24.32,212.88217,188.31604,107.904,5
2007-06-01,1531.6982,21.8,13.952,966.1918,212.88217,24.32,6
2007-07-01,3431.2925,19.3,12.352,1531.6982,966.1918,13.952,7
2007-08-01,7255.7573,14.4,9.216000000000001,3431.2925,1531.6982,12.352,8
2007-09-01,6333.3643,15.0,9.6,7255.7573,3431.2925,9.216000000000001,9
2007-10-01,6259.083,15.9,10.176,6333.3643,7255.7573,9.6,10
2007-11-01,3853.8193,16.1,10.304,6259.083,6333.3643,10.176,11
2007-12-01,1401.1393,14.9,9.536,3853.8193,6259.083,10.304,12
2008-01-01,472.38187,14.7,9.408,1401.1393,3853.8193,9.536,1
2008-02-01,349.8321,15.2,9.728,472.38187,1401.1393,9.408,2
2008-03-01,236.1265,18.7,11.968,349.8321,472.38187,9.728,3
2008-04-01,219.6736,44.6,28.544,236.1265,349.8321,11.968,4
2008-05-01,1026.9265,25.7,16.448,219.6736,236.1265,28.544,5
2008-06-01,2702.4124,22.6,14.464,1026.9265,219.6736,16.448,6
2008-07-01,3752.5798,15.9,10.176,2702.4124,1026.9265,14.464,7
2008-08-01,6816.191,15.8,10.112,3752.5798,2702.4124,10.176,8
2008-09-01,5865.934,17.1,10.944,6816.191,3752.5798,10.112,9
2008-10-01,5718.1675,14.5,9.28,5865.934,6816.191,10.944,10
2008-11-01,4120.059,14.9,9.536,5718.1675,5865.934,9.28,11
2008-12-01,1611.8358,16.7,10.688,4120.059,5718.1675,9.536,12
2009-01-01,645.21594,21.0,13.44,1611.8358,4120.059,10.688,1
2009-02-01,360.16107,17.6,11.264000000000001,645.21594,1611.8358,13.44,2
2009-03-01,262.53958,25.7,16.448,360.16107,645.21594,11.264000000000001,3
2009-04-01,445.6197,159.1,101.824,262.53958,360.16107,16.448,4
2009-05-01,1659.0485,26.2,16.768,445.6197,262.53958,101.824,5
2009-06-01,2809.9207,22.4,14.335999999999999,1659.0485,445.6197,16.768,6
2009-07-01,3619.5583,17.8,11.392000000000001,2809.9207,1659.0485,14.335999999999999,7
2009-08-01,5821.2964,10.1,6.4639999999999995,3619.5583,2809.9207,11.392000000000001,8
2009-09-01,5769.4487,13.41,8.5824,5821.2964,3619.5583,6.4639999999999995,9
2009-10-01,10527.953,11.26,7.2064,5769.4487,5821.2964,8.5824,10
2009-11-01,2810.44,12.44,7.9616,10527.953,5769.4487,7.2064,11
2009-12-01,785.7223,14.38,9.2032,2810.44,10527.953,7.9616,12
2010-01-01,464.5986,18.1,11.584000000000001,785.7223,2810.44,9.2032,1
2010-02-01,398.0426,19.09,12.217600000000001,464.5986,785.7223,11.584000000000001,2
2010-03-01,187.2469,26.4,16.896,398.0426,464.5986,12.217600000000001,3
2010-04-01,40.994442,141.3,90.432,187.2469,398.0426,16.896,4
2010-05-01,307.7417,260.0,166.4,40.994442,187.2469,90.432,5
2010-06-01,1375.4236,24.7,15.808,307.7417,40.994442,166.4,6
2010-07-01,2074.6572,27.2,17.408,1375.4236,307.7417,15.808,7
2010-08-01,5823.236,18.7,11.968,2074.6572,1375.4236,17.408,8
2010-09-01,7282.617,17.6,11.264000000000001,5823.236,2074.6572,11.968,9
2010-10-01,6139.5723,15.78,10.0992,7282.617,5823.236,11.264000000000001,10
2010-11-01,3783.5322,15.43,9.8752,6139.5723,7282.617,10.0992,11
2010-12-01,1188.26,19.12,12.2368,3783.5322,6139.5723,9.8752,12
2011-01-01,542.1424,17.63,11.283199999999999,1188.26,3783.5322,12.2368,1
2011-02-01,333.15726,25.2,16.128,542.1424,1188.26,11.283199999999999,2
2011-03-01,200.04196,29.0,18.56,333.15726,542.1424,16.128,3
2011-04-01,211.54355,23.8,15.232000000000001,200.04196,333.15726,18.56,4
2011-05-01,956.75885,26.1,16.704,211.54355,200.04196,15.232000000000001,5
2011-06-01,3135.5742,22.4,14.335999999999999,956.75885,211.54355,16.704,6
2011-07-01,4531.003,14.97,9.5808,3135.5742,956.75885,14.335999999999999,7
2011-08-01,7191.0435,11.2,7.167999999999999,4531.003,3135.5742,9.5808,8
2011-09-01,7396.258,12.0,7.68,7191.0435,4531.003,7.167999999999999,9
2011-10-01,8315.099,13.9,8.896,7396.258,7191.0435,7.68,10
2011-11-01,2985.874,12.8,8.192,8315.099,7396.258,8.896,11
2011-12-01,921.9523,14.3,9.152000000000001,2985.874,8315.099,8.192,12
2012-01-01,539.63074,13.1,8.384,921.9523,2985.874,9.152000000000001,1
2012-02-01,420.5247,15.5,9.92,539.63074,921.9523,8.384,2
2012-03-01,279.7373,17.3,11.072000000000001,420.5247,539.63074,9.92,3
2012-04-01,408.89783,48.3,30.912,279.7373,420.5247,11.072000000000001,4
2012-05-01,775.04034,50.7,32.448,408.89783,279.7373,30.912,5
2012-06-01,2555.8442,21.2,13.568,775.04034,408.89783,32.448,6
2012-07-01,3498.3828,18.84,12.0576,2555.8442,775.04034,13.568,7
2012-08-01,5832.1826,14.9,9.536,3498.3828,2555.8442,12.0576,8
2012-09-01,6675.513,16.59,10.6176,5832.1826,3498.3828,9.536,9
2012-10-01,5571.395,13.28,8.4992,6675.513,5832.1826,10.6176,10
2012-11-01,1705.9652,15.2,9.728,5571.395,6675.513,8.4992,11
2012-12-01,1086.4404,15.1,9.664,1705.9652,5571.395,9.728,12
2013-01-01,468.65918,17.03,10.8992,1086.4404,1705.9652,9.664,1
2013-02-01,280.1999,22.8,14.592,468.65918,1086.4404,10.8992,2
2013-03-01,182.43164,72.0,46.08,280.1999,468.65918,14.592,3
2013-04-01,182.56078,38.9,24.896,182.43164,280.1999,46.08,4
2013-05-01,815.7985,27.2,17.408,182.56078,182.43164,24.896,5
2013-06-01,1901.8126,21.7,13.888,815.7985,182.56078,17.408,6
2013-07-01,3666.22,20.2,12.927999999999999,1901.8126,815.7985,13.888,7
2013-08-01,7085.244,16.67,10.668800000000001,3666.22,1901.8126,12.927999999999999,8
2013-09-01,7577.203,20.8,13.312000000000001,7085.244,3666.22,10.668800000000001,9
2013-10-01,8363.285,14.37,9.1968,7577.203,7085.244,13.312000000000001,10
2013-11-01,2687.1523,14.52,9.2928,8363.285,7577.203,9.1968,11
2013-12-01,1357.6051,13.92,8.9088,2687.1523,8363.285,9.2928,12
2014-01-01,788.8269,15.76,10.0864,1357.6051,2687.1523,8.9088,1
2014-02-01,322.18036,14.6,9.344,788.8269,1357.6051,10.0864,2
2014-03-01,179.55696,20.9,13.376,322.18036,788.8269,9.344,3
2014-04-01,131.71814,24.2,15.488,179.55696,322.18036,13.376,4
2014-05-01,495.20053,23.1,14.784,131.71814,179.55696,15.488,5
2014-06-01,1375.9705,25.2,16.128,495.20053,131.71814,14.784,6
2014-07-01,4528.4863,12.9,8.256,1375.9705,495.20053,16.128,7
2014-08-01,6434.698,11.87,7.5968,4528.4863,1375.9705,8.256,8
2014-09-01,6126.3564,12.16,7.7824,6434.698,4528.4863,7.5968,9
2014-10-01,4760.5522,14.48,9.2672,6126.3564,6434.698,7.7824,10
2014-11-01,2378.584,13.91,8.9024,4760.5522,6126.3564,9.2672,11
2014-12-01,848.44495,16.0,10.24,2378.584,4760.5522,8.9024,12
2015-01-01,514.5627,18.16,11.6224,848.44495,2378.584,10.24,1
2015-02-01,354.95413,41.8,26.752,514.5627,848.44495,11.6224,2
2015-03-01,200.89789,42.5,27.2,354.95413,514.5627,26.752,3
2015-04-01,66.001045,31.1,19.904,200.89789,354.95413,27.2,4
2015-05-01,316.84464,29.3,18.752000000000002,66.001045,200.89789,19.904,5
2015-06-01,1045.3975,40.6,25.984,316.84464,66.001045,18.752000000000002,6
2015-07-01,2867.8428,21.4,13.696,1045.3975,316.84464,25.984,7
2015-08-01,6064.4966,14.4,9.216000000000001,2867.8428,1045.3975,13.696,8
2015-09-01,6505.208,13.9,8.896,6064.4966,2867.8428,9.216000000000001,9
2015-10-01,5040.0977,12.08,7.7312,6505.208,6064.4966,8.896,10
2015-11-01,2100.9233,13.86,8.8704,5040.0977,6505.208,7.7312,11
2015-12-01,868.86914,16.9,10.815999999999999,2100.9233,5040.0977,8.8704,12
2016-01-01,526.27325,173.0,110.72,868.86914,2100.9233,10.815999999999999,1
2016-02-01,344.15198,91.5,58.56,526.27325,868.86914,110.72,2
2016-03-01,188.0813,385.0,246.4,344.15198,526.27325,58.56,3
2016-04-01,47.416317,103.3,66.112,188.0813,344.15198,246.4,4
2016-05-01,240.36172,32.8,20.991999999999997,47.416317,188.0813,66.112,5
2016-06-01,1862.9259,32.3,20.671999999999997,240.36172,47.416317,20.991999999999997,6
2016-07-01,4574.082,16.29,10.4256,1862.9259,240.36172,20.671999999999997,7
2016-08-01,5675.912,15.1,9.664,4574.082,1862.9259,10.4256,8
2016-09-01,7008.1465,23.3,14.912,5675.912,4574.082,9.664,9
2016-10-01,6751.272,14.07,9.004800000000001,7008.1465,5675.912,14.912,10
2016-11-01,3417.4292,14.06,8.9984,6751.272,7008.1465,9.004800000000001,11
2016-12-01,2007.0767,18.19,11.6416,3417.4292,6751.272,8.9984,12
2017-01-01,945.48193,17.15,10.975999999999999,2007.0767,3417.4292,11.6416,1
2017-02-01,501.79688,20.2,12.927999999999999,945.48193,2007.0767,10.975999999999999,2
2017-03-01,313.6578,19.34,12.377600000000001,501.79688,945.48193,12.927999999999999,3
2017-04-01,702.1614,28.4,18.176,313.6578,501.79688,12.377600000000001,4
2017-05-01,1137.5437,25.6,16.384,702.1614,313.6578,18.176,5
2017-06-01,3636.7178,19.45,12.448,1137.5437,702.1614,16.384,6
2017-07-01,4798.4873,16.41,10.5024,3636.7178,1137.5437,12.448,7
2017-08-01,7479.294,11.84,7.5776,4798.4873,3636.7178,10.5024,8
2017-09-01,7385.916,13.42,8.5888,7479.294,4798.4873,7.5776,9
2017-10-01,5949.37,12.55,8.032,7385.916,7479.294,8.5888,10
2017-11-01,3498.4482,14.95,9.568,5949.37,7385.916,8.032,11
2017-12-01,1724.7922,17.32,11.0848,3498.4482,5949.37,9.568,12
2018-01-01,719.7217,19.02,12.1728,1724.7922,3498.4482,11.0848,1
2018-02-01,455.9322,18.77,12.0128,719.7217,1724.7922,12.1728,2
2018-03-01,329.97974,23.1,14.784,455.9322,719.7217,12.0128,3
2018-04-01,310.71744,50.7,32.448,329.97974,455.9322,14.784,4
2018-05-01,745.0883,29.0,18.56,310.71744,329.97974,32.448,5
2018-06-01,2609.877,21.6,13.824000000000002,745.0883,310.71744,18.56,6
2018-07-01,5597.996,24.0,15.36,2609.877,745.0883,13.824000000000002,7
2018-08-01,10569.653,22.1,14.144000000000002,5597.996,2609.877,15.36,8
2018-09-01,9053.824,13.57,8.684800000000001,10569.653,5597.996,14.144000000000002,9
2018-10-01,4650.9033,15.3,9.792,9053.824,10569.653,8.684800000000001,10
2018-11-01,2211.7568,16.04,10.2656,4650.9033,9053.824,9.792,11
2018-12-01,1204.1812,16.64,10.649600000000001,2211.7568,4650.9033,10.2656,12
2019-01-01,738.44495,19.58,12.531199999999998,1204.1812,2211.7568,10.649600000000001,1
2019-02-01,513.04626,23.3,14.912,738.44495,1204.1812,12.531199999999998,2
2019-03-01,293.2614,31.5,20.16,513.04626,738.44495,14.912,3
2019-04-01,276.56805,26.7,17.088,293.2614,513.04626,20.16,4
2019-05-01,495.73074,57.4,36.736,276.56805,293.2614,17.088,5
2019-06-01,1251.8978,25.8,16.512,495.73074,276.56805,36.736,6
2019-07-01,1614.6096,24.1,15.424000000000001,1251.8978,495.73074,16.512,7
2019-08-01,4402.75,15.95,10.208,1614.6096,1251.8978,15.424000000000001,8
2019-09-01,9489.31,8.75,5.6000000000000005,4402.75,1614.6096,10.208,9
2019-10-01,3829.647,13.99,8.9536,9489.31,4402.75,5.6000000000000005,10
2019-11-01,1400.3713,16.53,10.5792,3829.647,9489.31,8.9536,11
2019-12-01,615.59265,47.7,30.528000000000002,1400.3713,3829.647,10.5792,12
2020-01-01,346.01453,22.1,14.144000000000002,615.59265,1400.3713,30.528000000000002,1
2020-02-01,203.77026,558.0,357.12,346.01453,615.59265,14.144000000000002,2
2020-03-01,118.41909,692.0,442.88,203.77026,346.01453,357.12,3
2020-04-01,20.534248,607.0,388.48,118.41909,203.77026,442.88,4
2020-05-01,99.66168,398.0,254.72,20.534248,118.41909,388.48,5
2020-06-01,835.4127,55.8,35.711999999999996,99.66168,20.534248,254.72,6
2020-07-01,1363.4529,36.4,23.296,835.4127,99.66168,35.711999999999996,7
2020-08-01,4970.332,22.8,14.592,1363.4529,835.4127,23.296,8
2020-09-01,4970.254,20.7,13.248,4970.332,1363.4529,14.592,9
2020-10-01,6819.7715,20.95,13.408,4970.254,4970.332,13.248,10
2020-11-01,6451.215,22.85,14.624,6819.7715,4970.254,13.408,11
2020-12-01,1114.8125,22.15,14.176,6451.215,6819.7715,14.624,12
2021-01-01,474.5938,19.74,12.6336,1114.8125,6451.215,14.176,1
2021-02-01,228.275,55.2,35.328,474.5938,1114.8125,12.6336,2
2021-03-01,166.96028,191.5,122.56,228.275,474.5938,35.328,3
2021-04-01,25.356983,194.5,124.48,166.96028,228.275,122.56,4
2021-05-01,422.7835,34.0,21.76,25.356983,166.96028,124.48,5
2021-06-01,1723.8005,31.3,20.032,422.7835,25.356983,21.76,6
2021-07-01,2261.995,35.0,22.400000000000002,1723.8005,422.7835,20.032,7
2021-08-01,4026.8247,20.0,12.8,2261.995,1723.8005,22.400000000000002,8
2021-09-01,5971.1514,14.44,9.2416,4026.8247,2261.995,12.8,9
2021-10-01,7179.801,16.96,10.8544,5971.1514,4026.8247,9.2416,10
2021-11-01,4019.7163,20.3,12.992,7179.801,5971.1514,10.8544,11
2021-12-01,1503.5388,19.43,12.4352,4019.7163,7179.801,12.992,12
2022-01-01,571.432,18.5,11.84,1503.5388,4019.7163,12.4352,1
2022-02-01,280.76468,50.0,32.0,571.432,1503.5388,11.84,2
2022-03-01,323.19144,38.7,24.768,280.76468,571.432,32.0,3
2022-04-01,627.8047,25.7,16.448,323.19144,280.76468,24.768,4
2022-05-01,1265.4833,33.0,21.12,627.8047,323.19144,16.448,5
2022-06-01,3100.5857,23.7,15.168,1265.4833,627.8047,21.12,6
2022-07-01,3777.9294,24.6,15.744000000000002,3100.5857,1265.4833,15.168,7
2022-08-01,6360.854,16.68,10.6752,3777.9294,3100.5857,15.744000000000002,8
2022-09-01,7026.8477,16.3,10.432,6360.854,3777.9294,10.6752,9
2022-10-01,11387.337,13.53,8.6592,7026.8477,6360.854,10.432,10
2022-11-01,2865.029,18.62,11.9168,11387.337,7026.8477,8.6592,11
2022-12-01,1578.5118,17.15,10.975999999999999,2865.029,11387.337,11.9168,12
2023-01-01,628.0987,19.36,12.3904,1578.5118,2865.029,10.975999999999999,1
2023-02-01,415.0536,25.9,16.576,628.0987,1578.5118,12.3904,2
2023-03-01,213.73248,78.3,50.112,415.0536,628.0987,16.576,3
2023-04-01,51.638874,45.1,28.864,213.73248,415.0536,50.112,4
2023-05-01,303.69366,39.5,25.28,51.638874,213.73248,28.864,5
2023-06-01,1577.3092,37.9,24.256,303.69366,51.638874,25.28,6
2023-07-01,2472.4358,32.7,20.928,1577.3092,303.69366,24.256,7
2023-08-01,5558.779,14.8,9.472000000000001,2472.4358,1577.3092,20.928,8
2023-09-01,6403.075,14.5,9.28,5558.779,2472.4358,9.472000000000001,9
2023-10-01,7415.334,16.4,10.495999999999999,6403.075,5558.779,9.28,10
2023-11-01,3394.275,15.7,10.048,7415.334,6403.075,10.495999999999999,11
2023-12-01,1046.77,15.4,9.856,3394.275,7415.334,10.048,12
