source_id,dataset_name,description,station_or_coverage,lon,lat,time_start,time_end,resolution,parameter,unit,format,file_path,license,access_method,notes,is_real_data
DS_001,MRC Conductivity - Tan Chau,Do dan dien nuoc song tai tram VN_019803,TanChau,105.2480164,10.80062008,1985-05-15,2023-12-15,monthly,Conductivity,mS/m,CSV/XLSX,data/raw/ec/mrc/,MRC Non-commercial Data Use License,MRC portal request,464 raw rows; source grade is Unverified data,TRUE
DS_002,MRC Conductivity - My Tho,Do dan dien nuoc song tai tram VN_019805,MyTho,106.3529997,10.35912163,1985-06-26,2023-12-15,monthly,Conductivity,mS/m,CSV/XLSX,data/raw/ec/mrc/,MRC Non-commercial Data Use License,MRC portal request,463 raw rows; source grade is Unverified data,TRUE
DS_003,Open-Meteo ERA5-Land,Daily meteorology for both EC locations,TanChau and MyTho,,,1985-01-01,2026-08-31,daily,precipitation temperature wind,mixed,CSV,data/raw/meteorology/openmeteo/,CC BY 4.0,Open-Meteo archive API,Canonical file is openmeteo_all_stations_daily.csv,TRUE
DS_004,DAHITI Water Level,Satellite-altimetry observations,TanChau and MyTho,,,2002-06-13,2026-08-06,irregular,water_level,m,CSV,data/raw/dahiti/,DAHITI,DAHITI API,Optional feature; no long-gap fill,TRUE
DS_004B,GloFAS Discharge - Tan Chau,Copernicus GloFAS grid extract around Tan Chau,TanChau,105.2480164,10.80062008,1985-01-02,2024-01-01,daily,average_river_discharge,m3/s,NetCDF,data/raw/glofas/tanchau/,Copernicus CEMS,EWDS/CDS API,Nearest cell retained as SUSPECT until upstream area is verified,TRUE
DS_004C,UHSLC Vung Tau,Observed coastal daily maximum sea level; not a FES replacement,VungTau,107.0,10.3,1985-11-29,2026-07-31,daily,tide_max,m,CSV,data/raw/tide/uhslc/,UHSLC,UHSLC download,Not used for required FES2022 boundary features,TRUE
DS_004D,FES2022b Tide Boundary,Required offshore astronomical tide prediction,TIDE_CUA_TIEU TIDE_CUA_DAI TIDE_MIDDLE,,,1985-01-01,,hourly,water_level,m,NetCDF/CSV,data/raw/tide/fes2022/,FES terms,PyFES,Not downloaded or generated; 04-06 outputs intentionally absent,FALSE
DS_005,Dong Thap administrative boundary,Merged former Dong Thap and Tien Giang boundary,Province,,,2025,2025,static,administrative_boundary,WGS84,GeoJSON,data/raw/gis/spatial/dong_thap_boundary.geojson,GADM/public data,Derived GeoJSON,One MultiPolygon,FALSE
DS_006,Observed EC station locations,MRC station coordinates,2 stations,,,,static,station_location,WGS84,GeoJSON,data/raw/gis/spatial/stations_observed.geojson,MRC,Compiled from MRC KML,Raw metadata contains a MyTho start-date discrepancy; audit uses CSV date,TRUE
DS_006B,Synthetic demo station locations,Demo-only locations excluded from scientific outputs,3 stations,,,,static,station_location,WGS84,GeoJSON,data/raw/gis/spatial/stations_synthetic_demo.geojson,Internal demo,Manual,Excluded from v2 feature and model pipelines,FALSE
DS_007,Irrigation gate master,Gate inventory and coordinate provenance,Dong Thap merged province,,,,static,sluice_gate_location,WGS84,XLSX/CSV/GeoJSON,data/raw/gis/gates/,Mixed documented sources,Compiled master,3569 records; 22 WebGIS-ready; 2 candidate; 3545 unknown,MIXED
