date,station,lat,lon,conductivity_mS_per_m,unit,grade,approval,obs_type
1985-06-26,MyTho,10.36,106.36,12.2,mS/m,Unverified data,Raw - Not Yet Reviewed,O
1985-07-16,MyTho,10.36,106.36,12.2,mS/m,Unverified data,Raw - Not Yet Reviewed,O
1985-08-15,MyTho,10.36,106.36,16.1,mS/m,Unverified data,Raw - Not Yet Reviewed,O
1985-09-19,MyTho,10.36,106.36,12.1,mS/m,Unverified data,Raw - Not Yet Reviewed,O
1985-10-15,MyTho,10.36,106.36,15.3,mS/m,Unverified data,Raw - Not Yet Reviewed,O
1985-11-15,MyTho,10.36,106.36,13.4,mS/m,Unverified data,Raw - Not Yet Reviewed,O
1985-12-17,MyTho,10.36,106.36,13.9,mS/m,Unverified data,Raw - Not Yet Reviewed,O
1986-01-15,MyTho,10.36,106.36,8.2,mS/m,Unverified data,Raw - Not Yet Reviewed,O
1986-02-15,MyTho,10.36,106.36,8.9,mS/m,Unverified data,Raw - Not Yet Reviewed,O
1986-03-14,MyTho,10.36,106.36,17.0,mS/m,Unverified data,Raw - Not Yet Reviewed,O
1986-04-14,MyTho,10.36,106.36,24.1,mS/m,Unverified data,Raw - Not Yet Reviewed,O
1986-05-15,MyTho,10.36,106.36,24.6,mS/m,Unverified data,Raw - Not Yet Reviewed,O
1986-06-15,MyTho,10.36,106.36,16.6,mS/m,Unverified data,Raw - Not Yet Reviewed,O
1986-07-15,MyTho,10.36,106.36,11.4,mS/m,Unverified data,Raw - Not Yet Reviewed,O
1986-08-14,MyTho,10.36,106.36,14.7,mS/m,Unverified data,Raw - Not Yet Reviewed,O
1986-09-14,MyTho,10.36,106.36,10.5,mS/m,Unverified data,Raw - Not Yet Reviewed,O
1986-10-14,MyTho,10.36,106.36,13.0,mS/m,Unverified data,Raw - Not Yet Reviewed,O
1986-11-14,MyTho,10.36,106.36,14.0,mS/m,Unverified data,Raw - Not Yet Reviewed,O
1986-12-14,MyTho,10.36,106.36,15.1,mS/m,Unverified data,Raw - Not Yet Reviewed,O
1987-01-15,MyTho,10.36,106.36,13.6,mS/m,Unverified data,Raw - Not Yet Reviewed,O
1987-02-15,MyTho,10.36,106.36,20.2,mS/m,Unverified data,Raw - Not Yet Reviewed,O
1987-03-15,MyTho,10.36,106.36,19.1,mS/m,Unverified data,Raw - Not Yet Reviewed,O
1987-04-15,MyTho,10.36,106.36,353.0,mS/m,Unverified data,Raw - Not Yet Reviewed,O
1987-05-15,MyTho,10.36,106.36,480.0,mS/m,Unverified data,Raw - Not Yet Reviewed,O
1987-06-15,MyTho,10.36,106.36,79.7,mS/m,Unverified data,Raw - Not Yet Reviewed,O
1987-07-15,MyTho,10.36,106.36,15.8,mS/m,Unverified data,Raw - Not Yet Reviewed,O
1987-08-14,MyTho,10.36,106.36,15.9,mS/m,Unverified data,Raw - Not Yet Reviewed,O
1987-09-15,MyTho,10.36,106.36,13.3,mS/m,Unverified data,Raw - Not Yet Reviewed,O
1987-10-15,MyTho,10.36,106.36,15.1,mS/m,Unverified data,Raw - Not Yet Reviewed,O
1987-11-15,MyTho,10.36,106.36,55.8,mS/m,Unverified data,Raw - Not Yet Reviewed,O
1987-12-15,MyTho,10.36,106.36,18.0,mS/m,Unverified data,Raw - Not Yet Reviewed,O
1988-01-15,MyTho,10.36,106.36,16.5,mS/m,Unverified data,Raw - Not Yet Reviewed,O
1988-02-15,MyTho,10.36,106.36,17.0,mS/m,Unverified data,Raw - Not Yet Reviewed,O
1988-03-15,MyTho,10.36,106.36,19.1,mS/m,Unverified data,Raw - Not Yet Reviewed,O
1988-04-15,MyTho,10.36,106.36,797.0,mS/m,Unverified data,Raw - Not Yet Reviewed,O
1988-05-15,MyTho,10.36,106.36,45.3,mS/m,Unverified data,Raw - Not Yet Reviewed,O
1988-06-15,MyTho,10.36,106.36,34.9,mS/m,Unverified data,Raw - Not Yet Reviewed,O
1988-07-15,MyTho,10.36,106.36,19.3,mS/m,Unverified data,Raw - Not Yet Reviewed,O
1988-08-15,MyTho,10.36,106.36,12.2,mS/m,Unverified data,Raw - Not Yet Reviewed,O
1988-09-15,MyTho,10.36,106.36,15.4,mS/m,Unverified data,Raw - Not Yet Reviewed,O
1988-10-15,MyTho,10.36,106.36,13.2,mS/m,Unverified data,Raw - Not Yet Reviewed,O
1988-11-15,MyTho,10.36,106.36,12.6,mS/m,Unverified data,Raw - Not Yet Reviewed,O
1988-12-15,MyTho,10.36,106.36,13.8,mS/m,Unverified data,Raw - Not Yet Reviewed,O
1989-01-14,MyTho,10.36,106.36,14.5,mS/m,Unverified data,Raw - Not Yet Reviewed,O
1989-02-15,MyTho,10.36,106.36,15.2,mS/m,Unverified data,Raw - Not Yet Reviewed,O
1989-03-15,MyTho,10.36,106.36,48.7,mS/m,Unverified data,Raw - Not Yet Reviewed,O
1989-04-14,MyTho,10.36,106.36,38.0,mS/m,Unverified data,Raw - Not Yet Reviewed,O
1989-05-15,MyTho,10.36,106.36,32.7,mS/m,Unverified data,Raw - Not Yet Reviewed,O
1989-06-15,MyTho,10.36,106.36,19.0,mS/m,Unverified data,Raw - Not Yet Reviewed,O
1989-07-14,MyTho,10.36,106.36,26.9,mS/m,Unverified data,Raw - Not Yet Reviewed,O
1989-08-15,MyTho,10.36,106.36,12.1,mS/m,Unverified data,Raw - Not Yet Reviewed,O
1989-09-15,MyTho,10.36,106.36,16.7,mS/m,Unverified data,Raw - Not Yet Reviewed,O
1989-10-14,MyTho,10.36,106.36,14.7,mS/m,Unverified data,Raw - Not Yet Reviewed,O
1989-11-15,MyTho,10.36,106.36,15.5,mS/m,Unverified data,Raw - Not Yet Reviewed,O
1989-12-15,MyTho,10.36,106.36,15.1,mS/m,Unverified data,Raw - Not Yet Reviewed,O
1990-01-14,MyTho,10.36,106.36,15.5,mS/m,Unverified data,Raw - Not Yet Reviewed,O
1990-02-14,MyTho,10.36,106.36,16.6,mS/m,Unverified data,Raw - Not Yet Reviewed,O
1990-03-15,MyTho,10.36,106.36,152.2,mS/m,Unverified data,Raw - Not Yet Reviewed,O
1990-04-14,MyTho,10.36,106.36,47.5,mS/m,Unverified data,Raw - Not Yet Reviewed,O
1990-05-14,MyTho,10.36,106.36,221.0,mS/m,Unverified data,Raw - Not Yet Reviewed,O
1990-06-14,MyTho,10.36,106.36,22.6,mS/m,Unverified data,Raw - Not Yet Reviewed,O
1990-07-14,MyTho,10.36,106.36,13.8,mS/m,Unverified data,Raw - Not Yet Reviewed,O
1990-08-14,MyTho,10.36,106.36,15.5,mS/m,Unverified data,Raw - Not Yet Reviewed,O
1990-09-14,MyTho,10.36,106.36,12.7,mS/m,Unverified data,Raw - Not Yet Reviewed,O
1990-10-14,MyTho,10.36,106.36,16.9,mS/m,Unverified data,Raw - Not Yet Reviewed,O
1990-11-14,MyTho,10.36,106.36,15.7,mS/m,Unverified data,Raw - Not Yet Reviewed,O
1990-12-15,MyTho,10.36,106.36,17.9,mS/m,Unverified data,Raw - Not Yet Reviewed,O
1991-01-15,MyTho,10.36,106.36,15.7,mS/m,Unverified data,Raw - Not Yet Reviewed,O
1991-02-09,MyTho,10.36,106.36,25.7,mS/m,Unverified data,Raw - Not Yet Reviewed,O
1991-03-15,MyTho,10.36,106.36,50.8,mS/m,Unverified data,Raw - Not Yet Reviewed,O
1991-04-15,MyTho,10.36,106.36,211.0,mS/m,Unverified data,Raw - Not Yet Reviewed,O
1991-05-15,MyTho,10.36,106.36,96.6,mS/m,Unverified data,Raw - Not Yet Reviewed,O
1991-06-15,MyTho,10.36,106.36,41.1,mS/m,Unverified data,Raw - Not Yet Reviewed,O
1991-07-15,MyTho,10.36,106.36,24.9,mS/m,Unverified data,Raw - Not Yet Reviewed,O
1991-08-15,MyTho,10.36,106.36,13.2,mS/m,Unverified data,Raw - Not Yet Reviewed,O
1991-09-15,MyTho,10.36,106.36,31.3,mS/m,Unverified data,Raw - Not Yet Reviewed,O
1991-10-15,MyTho,10.36,106.36,19.2,mS/m,Unverified data,Raw - Not Yet Reviewed,O
1991-11-15,MyTho,10.36,106.36,16.8,mS/m,Unverified data,Raw - Not Yet Reviewed,O
1991-12-15,MyTho,10.36,106.36,15.2,mS/m,Unverified data,Raw - Not Yet Reviewed,O
1992-01-15,MyTho,10.36,106.36,17.5,mS/m,Unverified data,Raw - Not Yet Reviewed,O
1992-02-15,MyTho,10.36,106.36,42.6,mS/m,Unverified data,Raw - Not Yet Reviewed,O
1992-03-15,MyTho,10.36,106.36,24.1,mS/m,Unverified data,Raw - Not Yet Reviewed,O
1992-04-15,MyTho,10.36,106.36,42.4,mS/m,Unverified data,Raw - Not Yet Reviewed,O
1992-05-15,MyTho,10.36,106.36,259.0,mS/m,Unverified data,Raw - Not Yet Reviewed,O
1992-06-14,MyTho,10.36,106.36,70.5,mS/m,Unverified data,Raw - Not Yet Reviewed,O
1992-07-14,MyTho,10.36,106.36,25.8,mS/m,Unverified data,Raw - Not Yet Reviewed,O
1992-08-15,MyTho,10.36,106.36,23.1,mS/m,Unverified data,Raw - Not Yet Reviewed,O
1992-09-15,MyTho,10.36,106.36,11.0,mS/m,Unverified data,Raw - Not Yet Reviewed,O
1992-10-15,MyTho,10.36,106.36,12.7,mS/m,Unverified data,Raw - Not Yet Reviewed,O
1992-11-14,MyTho,10.36,106.36,13.2,mS/m,Unverified data,Raw - Not Yet Reviewed,O
1992-12-14,MyTho,10.36,106.36,14.8,mS/m,Unverified data,Raw - Not Yet Reviewed,O
1993-01-15,MyTho,10.36,106.36,15.5,mS/m,Unverified data,Raw - Not Yet Reviewed,O
1993-02-15,MyTho,10.36,106.36,18.1,mS/m,Unverified data,Raw - Not Yet Reviewed,O
1993-03-15,MyTho,10.36,106.36,165.0,mS/m,Unverified data,Raw - Not Yet Reviewed,O
1993-04-15,MyTho,10.36,106.36,535.0,mS/m,Unverified data,Raw - Not Yet Reviewed,O
1993-05-15,MyTho,10.36,106.36,58.8,mS/m,Unverified data,Raw - Not Yet Reviewed,O
1993-06-15,MyTho,10.36,106.36,27.7,mS/m,Unverified data,Raw - Not Yet Reviewed,O
1993-07-15,MyTho,10.36,106.36,22.5,mS/m,Unverified data,Raw - Not Yet Reviewed,O
1993-08-15,MyTho,10.36,106.36,17.4,mS/m,Unverified data,Raw - Not Yet Reviewed,O
1993-09-15,MyTho,10.36,106.36,17.6,mS/m,Unverified data,Raw - Not Yet Reviewed,O
1993-10-15,MyTho,10.36,106.36,18.2,mS/m,Unverified data,Raw - Not Yet Reviewed,O
1993-11-15,MyTho,10.36,106.36,14.8,mS/m,Unverified data,Raw - Not Yet Reviewed,O
1993-12-15,MyTho,10.36,106.36,16.2,mS/m,Unverified data,Raw - Not Yet Reviewed,O
1994-01-15,MyTho,10.36,106.36,18.4,mS/m,Unverified data,Raw - Not Yet Reviewed,O
1994-02-15,MyTho,10.36,106.36,80.5,mS/m,Unverified data,Raw - Not Yet Reviewed,O
1994-03-15,MyTho,10.36,106.36,451.0,mS/m,Unverified data,Raw - Not Yet Reviewed,O
1994-04-15,MyTho,10.36,106.36,699.0,mS/m,Unverified data,Raw - Not Yet Reviewed,O
1994-05-15,MyTho,10.36,106.36,73.8,mS/m,Unverified data,Raw - Not Yet Reviewed,O
1994-06-15,MyTho,10.36,106.36,32.0,mS/m,Unverified data,Raw - Not Yet Reviewed,O
1994-07-15,MyTho,10.36,106.36,18.3,mS/m,Unverified data,Raw - Not Yet Reviewed,O
1994-08-15,MyTho,10.36,106.36,10.9,mS/m,Unverified data,Raw - Not Yet Reviewed,O
1994-09-15,MyTho,10.36,106.36,14.0,mS/m,Unverified data,Raw - Not Yet Reviewed,O
1994-10-15,MyTho,10.36,106.36,18.0,mS/m,Unverified data,Raw - Not Yet Reviewed,O
1994-11-15,MyTho,10.36,106.36,16.7,mS/m,Unverified data,Raw - Not Yet Reviewed,O
1994-12-15,MyTho,10.36,106.36,14.0,mS/m,Unverified data,Raw - Not Yet Reviewed,O
1995-01-15,MyTho,10.36,106.36,15.8,mS/m,Unverified data,Raw - Not Yet Reviewed,O
1995-02-15,MyTho,10.36,106.36,17.0,mS/m,Unverified data,Raw - Not Yet Reviewed,O
1995-03-15,MyTho,10.36,106.36,52.9,mS/m,Unverified data,Raw - Not Yet Reviewed,O
1995-04-15,MyTho,10.36,106.36,93.9,mS/m,Unverified data,Raw - Not Yet Reviewed,O
1995-05-15,MyTho,10.36,106.36,603.0,mS/m,Unverified data,Raw - Not Yet Reviewed,O
1995-06-15,MyTho,10.36,106.36,52.0,mS/m,Unverified data,Raw - Not Yet Reviewed,O
1995-07-15,MyTho,10.36,106.36,25.2,mS/m,Unverified data,Raw - Not Yet Reviewed,O
1995-08-15,MyTho,10.36,106.36,14.3,mS/m,Unverified data,Raw - Not Yet Reviewed,O
1995-09-15,MyTho,10.36,106.36,14.2,mS/m,Unverified data,Raw - Not Yet Reviewed,O
1995-10-15,MyTho,10.36,106.36,13.4,mS/m,Unverified data,Raw - Not Yet Reviewed,O
1995-11-15,MyTho,10.36,106.36,12.8,mS/m,Unverified data,Raw - Not Yet Reviewed,O
1995-12-15,MyTho,10.36,106.36,15.7,mS/m,Unverified data,Raw - Not Yet Reviewed,O
1996-01-15,MyTho,10.36,106.36,15.5,mS/m,Unverified data,Raw - Not Yet Reviewed,O
1996-02-15,MyTho,10.36,106.36,17.5,mS/m,Unverified data,Raw - Not Yet Reviewed,O
1996-03-15,MyTho,10.36,106.36,20.6,mS/m,Unverified data,Raw - Not Yet Reviewed,O
1996-04-15,MyTho,10.36,106.36,210.0,mS/m,Unverified data,Raw - Not Yet Reviewed,O
1996-05-15,MyTho,10.36,106.36,35.4,mS/m,Unverified data,Raw - Not Yet Reviewed,O
1996-06-15,MyTho,10.36,106.36,19.4,mS/m,Unverified data,Raw - Not Yet Reviewed,O
1996-07-15,MyTho,10.36,106.36,23.1,mS/m,Unverified data,Raw - Not Yet Reviewed,O
1996-08-15,MyTho,10.36,106.36,12.7,mS/m,Unverified data,Raw - Not Yet Reviewed,O
1996-09-15,MyTho,10.36,106.36,14.3,mS/m,Unverified data,Raw - Not Yet Reviewed,O
1996-10-15,MyTho,10.36,106.36,14.2,mS/m,Unverified data,Raw - Not Yet Reviewed,O
1996-11-15,MyTho,10.36,106.36,10.7,mS/m,Unverified data,Raw - Not Yet Reviewed,O
1996-12-15,MyTho,10.36,106.36,12.7,mS/m,Unverified data,Raw - Not Yet Reviewed,O
1997-01-15,MyTho,10.36,106.36,12.9,mS/m,Unverified data,Raw - Not Yet Reviewed,O
1997-02-15,MyTho,10.36,106.36,15.5,mS/m,Unverified data,Raw - Not Yet Reviewed,O
1997-03-15,MyTho,10.36,106.36,35.5,mS/m,Unverified data,Raw - Not Yet Reviewed,O
1997-04-15,MyTho,10.36,106.36,27.0,mS/m,Unverified data,Raw - Not Yet Reviewed,O
1997-05-15,MyTho,10.36,106.36,22.7,mS/m,Unverified data,Raw - Not Yet Reviewed,O
1997-06-15,MyTho,10.36,106.36,28.6,mS/m,Unverified data,Raw - Not Yet Reviewed,O
1997-07-15,MyTho,10.36,106.36,22.4,mS/m,Unverified data,Raw - Not Yet Reviewed,O
1997-08-15,MyTho,10.36,106.36,13.5,mS/m,Unverified data,Raw - Not Yet Reviewed,O
1997-09-15,MyTho,10.36,106.36,13.5,mS/m,Unverified data,Raw - Not Yet Reviewed,O
1997-10-15,MyTho,10.36,106.36,12.7,mS/m,Unverified data,Raw - Not Yet Reviewed,O
1997-11-15,MyTho,10.36,106.36,13.0,mS/m,Unverified data,Raw - Not Yet Reviewed,O
1997-12-15,MyTho,10.36,106.36,14.3,mS/m,Unverified data,Raw - Not Yet Reviewed,O
1998-01-15,MyTho,10.36,106.36,17.4,mS/m,Unverified data,Raw - Not Yet Reviewed,O
1998-02-15,MyTho,10.36,106.36,4.2,mS/m,Unverified data,Raw - Not Yet Reviewed,O
1998-03-15,MyTho,10.36,106.36,131.9,mS/m,Unverified data,Raw - Not Yet Reviewed,O
1998-04-15,MyTho,10.36,106.36,841.0,mS/m,Unverified data,Raw - Not Yet Reviewed,O
1998-05-15,MyTho,10.36,106.36,118.8,mS/m,Unverified data,Raw - Not Yet Reviewed,O
1998-06-15,MyTho,10.36,106.36,90.3,mS/m,Unverified data,Raw - Not Yet Reviewed,O
1998-07-15,MyTho,10.36,106.36,21.1,mS/m,Unverified data,Raw - Not Yet Reviewed,O
1998-08-15,MyTho,10.36,106.36,17.9,mS/m,Unverified data,Raw - Not Yet Reviewed,O
1998-09-15,MyTho,10.36,106.36,21.5,mS/m,Unverified data,Raw - Not Yet Reviewed,O
1998-10-15,MyTho,10.36,106.36,17.0,mS/m,Unverified data,Raw - Not Yet Reviewed,O
1998-11-15,MyTho,10.36,106.36,20.9,mS/m,Unverified data,Raw - Not Yet Reviewed,O
1998-12-15,MyTho,10.36,106.36,49.4,mS/m,Unverified data,Raw - Not Yet Reviewed,O
1999-01-15,MyTho,10.36,106.36,17.0,mS/m,Unverified data,Raw - Not Yet Reviewed,O
1999-02-15,MyTho,10.36,106.36,18.2,mS/m,Unverified data,Raw - Not Yet Reviewed,O
1999-03-15,MyTho,10.36,106.36,51.0,mS/m,Unverified data,Raw - Not Yet Reviewed,O
1999-04-15,MyTho,10.36,106.36,98.5,mS/m,Unverified data,Raw - Not Yet Reviewed,O
1999-05-15,MyTho,10.36,106.36,58.3,mS/m,Unverified data,Raw - Not Yet Reviewed,O
1999-06-15,MyTho,10.36,106.36,15.2,mS/m,Unverified data,Raw - Not Yet Reviewed,O
1999-07-15,MyTho,10.36,106.36,13.5,mS/m,Unverified data,Raw - Not Yet Reviewed,O
1999-08-15,MyTho,10.36,106.36,13.8,mS/m,Unverified data,Raw - Not Yet Reviewed,O
1999-09-15,MyTho,10.36,106.36,14.5,mS/m,Unverified data,Raw - Not Yet Reviewed,O
1999-10-15,MyTho,10.36,106.36,13.6,mS/m,Unverified data,Raw - Not Yet Reviewed,O
1999-11-15,MyTho,10.36,106.36,15.6,mS/m,Unverified data,Raw - Not Yet Reviewed,O
1999-12-15,MyTho,10.36,106.36,15.2,mS/m,Unverified data,Raw - Not Yet Reviewed,O
2000-01-15,MyTho,10.36,106.36,23.72,mS/m,Unverified data,Raw - Not Yet Reviewed,O
2000-02-15,MyTho,10.36,106.36,14.4,mS/m,Unverified data,Raw - Not Yet Reviewed,O
2000-03-15,MyTho,10.36,106.36,19.8,mS/m,Unverified data,Raw - Not Yet Reviewed,O
2000-04-15,MyTho,10.36,106.36,20.8,mS/m,Unverified data,Raw - Not Yet Reviewed,O
2000-05-15,MyTho,10.36,106.36,22.6,mS/m,Unverified data,Raw - Not Yet Reviewed,O
2000-06-15,MyTho,10.36,106.36,16.48,mS/m,Unverified data,Raw - Not Yet Reviewed,O
2000-07-15,MyTho,10.36,106.36,8.61,mS/m,Unverified data,Raw - Not Yet Reviewed,O
2000-08-15,MyTho,10.36,106.36,11.45,mS/m,Unverified data,Raw - Not Yet Reviewed,O
2000-09-15,MyTho,10.36,106.36,10.84,mS/m,Unverified data,Raw - Not Yet Reviewed,O
2000-10-15,MyTho,10.36,106.36,12.9,mS/m,Unverified data,Raw - Not Yet Reviewed,O
2000-11-15,MyTho,10.36,106.36,12.59,mS/m,Unverified data,Raw - Not Yet Reviewed,O
2000-12-15,MyTho,10.36,106.36,12.05,mS/m,Unverified data,Raw - Not Yet Reviewed,O
2001-01-15,MyTho,10.36,106.36,12.48,mS/m,Unverified data,Raw - Not Yet Reviewed,O
2001-02-15,MyTho,10.36,106.36,14.15,mS/m,Unverified data,Raw - Not Yet Reviewed,O
2001-03-15,MyTho,10.36,106.36,18.19,mS/m,Unverified data,Raw - Not Yet Reviewed,O
2001-04-15,MyTho,10.36,106.36,14.22,mS/m,Unverified data,Raw - Not Yet Reviewed,O
2001-05-15,MyTho,10.36,106.36,17.15,mS/m,Unverified data,Raw - Not Yet Reviewed,O
2001-06-15,MyTho,10.36,106.36,13.83,mS/m,Unverified data,Raw - Not Yet Reviewed,O
2001-07-15,MyTho,10.36,106.36,12.03,mS/m,Unverified data,Raw - Not Yet Reviewed,O
2001-08-15,MyTho,10.36,106.36,10.62,mS/m,Unverified data,Raw - Not Yet Reviewed,O
2001-09-15,MyTho,10.36,106.36,10.99,mS/m,Unverified data,Raw - Not Yet Reviewed,O
2001-10-15,MyTho,10.36,106.36,10.71,mS/m,Unverified data,Raw - Not Yet Reviewed,O
2001-11-15,MyTho,10.36,106.36,12.19,mS/m,Unverified data,Raw - Not Yet Reviewed,O
2001-12-01,MyTho,10.36,106.36,15.3,mS/m,Unverified data,Raw - Not Yet Reviewed,O
2002-01-15,MyTho,10.36,106.36,14.32,mS/m,Unverified data,Raw - Not Yet Reviewed,O
2002-02-15,MyTho,10.36,106.36,15.67,mS/m,Unverified data,Raw - Not Yet Reviewed,O
2002-03-15,MyTho,10.36,106.36,25.3,mS/m,Unverified data,Raw - Not Yet Reviewed,O
2002-04-15,MyTho,10.36,106.36,78.2,mS/m,Unverified data,Raw - Not Yet Reviewed,O
2002-05-15,MyTho,10.36,106.36,94.5,mS/m,Unverified data,Raw - Not Yet Reviewed,O
2002-06-15,MyTho,10.36,106.36,28.2,mS/m,Unverified data,Raw - Not Yet Reviewed,O
2002-07-15,MyTho,10.36,106.36,13.66,mS/m,Unverified data,Raw - Not Yet Reviewed,O
2002-08-15,MyTho,10.36,106.36,13.67,mS/m,Unverified data,Raw - Not Yet Reviewed,O
2002-09-15,MyTho,10.36,106.36,13.3,mS/m,Unverified data,Raw - Not Yet Reviewed,O
2002-10-15,MyTho,10.36,106.36,12.84,mS/m,Unverified data,Raw - Not Yet Reviewed,O
2002-11-15,MyTho,10.36,106.36,14.83,mS/m,Unverified data,Raw - Not Yet Reviewed,O
2002-12-15,MyTho,10.36,106.36,14.3,mS/m,Unverified data,Raw - Not Yet Reviewed,O
2003-01-15,MyTho,10.36,106.36,14.5,mS/m,Unverified data,Raw - Not Yet Reviewed,O
2003-02-15,MyTho,10.36,106.36,12.6,mS/m,Unverified data,Raw - Not Yet Reviewed,O
2003-03-15,MyTho,10.36,106.36,13.6,mS/m,Unverified data,Raw - Not Yet Reviewed,O
2003-04-15,MyTho,10.36,106.36,23.6,mS/m,Unverified data,Raw - Not Yet Reviewed,O
2003-05-15,MyTho,10.36,106.36,26.6,mS/m,Unverified data,Raw - Not Yet Reviewed,O
2003-06-15,MyTho,10.36,106.36,21.2,mS/m,Unverified data,Raw - Not Yet Reviewed,O
2003-07-15,MyTho,10.36,106.36,23.7,mS/m,Unverified data,Raw - Not Yet Reviewed,O
2003-08-15,MyTho,10.36,106.36,23.6,mS/m,Unverified data,Raw - Not Yet Reviewed,O
2003-09-15,MyTho,10.36,106.36,15.5,mS/m,Unverified data,Raw - Not Yet Reviewed,O
2003-10-15,MyTho,10.36,106.36,19.4,mS/m,Unverified data,Raw - Not Yet Reviewed,O
2003-11-15,MyTho,10.36,106.36,14.1,mS/m,Unverified data,Raw - Not Yet Reviewed,O
2003-12-15,MyTho,10.36,106.36,14.5,mS/m,Unverified data,Raw - Not Yet Reviewed,O
2004-01-15,MyTho,10.36,106.36,20.63,mS/m,Unverified data,Raw - Not Yet Reviewed,O
2004-02-15,MyTho,10.36,106.36,21.4,mS/m,Unverified data,Raw - Not Yet Reviewed,O
2004-03-15,MyTho,10.36,106.36,122.9,mS/m,Unverified data,Raw - Not Yet Reviewed,O
2004-04-15,MyTho,10.36,106.36,187.3,mS/m,Unverified data,Raw - Not Yet Reviewed,O
2004-05-15,MyTho,10.36,106.36,124.6,mS/m,Unverified data,Raw - Not Yet Reviewed,O
2004-06-15,MyTho,10.36,106.36,39.0,mS/m,Unverified data,Raw - Not Yet Reviewed,O
2004-07-15,MyTho,10.36,106.36,19.7,mS/m,Unverified data,Raw - Not Yet Reviewed,O
2004-08-15,MyTho,10.36,106.36,16.3,mS/m,Unverified data,Raw - Not Yet Reviewed,O
2004-09-15,MyTho,10.36,106.36,13.8,mS/m,Unverified data,Raw - Not Yet Reviewed,O
2004-10-15,MyTho,10.36,106.36,15.1,mS/m,Unverified data,Raw - Not Yet Reviewed,O
2004-11-15,MyTho,10.36,106.36,15.0,mS/m,Unverified data,Raw - Not Yet Reviewed,O
2004-12-15,MyTho,10.36,106.36,14.2,mS/m,Unverified data,Raw - Not Yet Reviewed,O
2005-01-15,MyTho,10.36,106.36,17.4,mS/m,Unverified data,Raw - Not Yet Reviewed,O
2005-02-15,MyTho,10.36,106.36,19.0,mS/m,Unverified data,Raw - Not Yet Reviewed,O
2005-03-15,MyTho,10.36,106.36,112.6,mS/m,Unverified data,Raw - Not Yet Reviewed,O
2005-04-15,MyTho,10.36,106.36,121.8,mS/m,Unverified data,Raw - Not Yet Reviewed,O
2005-05-15,MyTho,10.36,106.36,28.6,mS/m,Unverified data,Raw - Not Yet Reviewed,O
2005-06-15,MyTho,10.36,106.36,36.4,mS/m,Unverified data,Raw - Not Yet Reviewed,O
2005-07-15,MyTho,10.36,106.36,18.6,mS/m,Unverified data,Raw - Not Yet Reviewed,O
2005-08-15,MyTho,10.36,106.36,12.8,mS/m,Unverified data,Raw - Not Yet Reviewed,O
2005-09-15,MyTho,10.36,106.36,14.8,mS/m,Unverified data,Raw - Not Yet Reviewed,O
2005-10-15,MyTho,10.36,106.36,13.1,mS/m,Unverified data,Raw - Not Yet Reviewed,O
2005-11-15,MyTho,10.36,106.36,14.0,mS/m,Unverified data,Raw - Not Yet Reviewed,O
2005-12-15,MyTho,10.36,106.36,15.2,mS/m,Unverified data,Raw - Not Yet Reviewed,O
2006-01-15,MyTho,10.36,106.36,14.9,mS/m,Unverified data,Raw - Not Yet Reviewed,O
2006-02-15,MyTho,10.36,106.36,15.8,mS/m,Unverified data,Raw - Not Yet Reviewed,O
2006-03-15,MyTho,10.36,106.36,19.3,mS/m,Unverified data,Raw - Not Yet Reviewed,O
2006-04-15,MyTho,10.36,106.36,26.2,mS/m,Unverified data,Raw - Not Yet Reviewed,O
2006-05-15,MyTho,10.36,106.36,60.6,mS/m,Unverified data,Raw - Not Yet Reviewed,O
2006-06-15,MyTho,10.36,106.36,20.0,mS/m,Unverified data,Raw - Not Yet Reviewed,O
2006-07-15,MyTho,10.36,106.36,16.1,mS/m,Unverified data,Raw - Not Yet Reviewed,O
2006-08-15,MyTho,10.36,106.36,11.7,mS/m,Unverified data,Raw - Not Yet Reviewed,O
2006-09-15,MyTho,10.36,106.36,12.6,mS/m,Unverified data,Raw - Not Yet Reviewed,O
2006-10-15,MyTho,10.36,106.36,10.7,mS/m,Unverified data,Raw - Not Yet Reviewed,O
2006-11-15,MyTho,10.36,106.36,12.7,mS/m,Unverified data,Raw - Not Yet Reviewed,O
2006-12-15,MyTho,10.36,106.36,14.9,mS/m,Unverified data,Raw - Not Yet Reviewed,O
2007-01-15,MyTho,10.36,106.36,14.1,mS/m,Unverified data,Raw - Not Yet Reviewed,O
2007-02-15,MyTho,10.36,106.36,16.4,mS/m,Unverified data,Raw - Not Yet Reviewed,O
2007-03-15,MyTho,10.36,106.36,46.4,mS/m,Unverified data,Raw - Not Yet Reviewed,O
2007-04-15,MyTho,10.36,106.36,168.6,mS/m,Unverified data,Raw - Not Yet Reviewed,O
2007-05-15,MyTho,10.36,106.36,38.0,mS/m,Unverified data,Raw - Not Yet Reviewed,O
2007-06-15,MyTho,10.36,106.36,21.8,mS/m,Unverified data,Raw - Not Yet Reviewed,O
2007-07-15,MyTho,10.36,106.36,19.3,mS/m,Unverified data,Raw - Not Yet Reviewed,O
2007-08-15,MyTho,10.36,106.36,14.4,mS/m,Unverified data,Raw - Not Yet Reviewed,O
2007-09-15,MyTho,10.36,106.36,15.0,mS/m,Unverified data,Raw - Not Yet Reviewed,O
2007-10-15,MyTho,10.36,106.36,15.9,mS/m,Unverified data,Raw - Not Yet Reviewed,O
2007-11-15,MyTho,10.36,106.36,16.1,mS/m,Unverified data,Raw - Not Yet Reviewed,O
2007-12-15,MyTho,10.36,106.36,14.9,mS/m,Unverified data,Raw - Not Yet Reviewed,O
2008-01-15,MyTho,10.36,106.36,14.7,mS/m,Unverified data,Raw - Not Yet Reviewed,O
2008-02-15,MyTho,10.36,106.36,15.2,mS/m,Unverified data,Raw - Not Yet Reviewed,O
2008-03-15,MyTho,10.36,106.36,18.7,mS/m,Unverified data,Raw - Not Yet Reviewed,O
2008-04-15,MyTho,10.36,106.36,44.6,mS/m,Unverified data,Raw - Not Yet Reviewed,O
2008-05-15,MyTho,10.36,106.36,25.7,mS/m,Unverified data,Raw - Not Yet Reviewed,O
2008-06-15,MyTho,10.36,106.36,22.6,mS/m,Unverified data,Raw - Not Yet Reviewed,O
2008-07-15,MyTho,10.36,106.36,15.9,mS/m,Unverified data,Raw - Not Yet Reviewed,O
2008-08-15,MyTho,10.36,106.36,15.8,mS/m,Unverified data,Raw - Not Yet Reviewed,O
2008-09-15,MyTho,10.36,106.36,17.1,mS/m,Unverified data,Raw - Not Yet Reviewed,O
2008-10-15,MyTho,10.36,106.36,14.5,mS/m,Unverified data,Raw - Not Yet Reviewed,O
2008-11-15,MyTho,10.36,106.36,14.9,mS/m,Unverified data,Raw - Not Yet Reviewed,O
2008-12-15,MyTho,10.36,106.36,16.7,mS/m,Unverified data,Raw - Not Yet Reviewed,O
2009-01-15,MyTho,10.36,106.36,21.0,mS/m,Unverified data,Raw - Not Yet Reviewed,O
2009-02-15,MyTho,10.36,106.36,17.6,mS/m,Unverified data,Raw - Not Yet Reviewed,O
2009-03-15,MyTho,10.36,106.36,25.7,mS/m,Unverified data,Raw - Not Yet Reviewed,O
2009-04-15,MyTho,10.36,106.36,159.1,mS/m,Unverified data,Raw - Not Yet Reviewed,O
2009-05-15,MyTho,10.36,106.36,26.2,mS/m,Unverified data,Raw - Not Yet Reviewed,O
2009-06-15,MyTho,10.36,106.36,22.4,mS/m,Unverified data,Raw - Not Yet Reviewed,O
2009-07-15,MyTho,10.36,106.36,17.8,mS/m,Unverified data,Raw - Not Yet Reviewed,O
2009-08-15,MyTho,10.36,106.36,10.1,mS/m,Unverified data,Raw - Not Yet Reviewed,O
2009-09-15,MyTho,10.36,106.36,13.41,mS/m,Unverified data,Raw - Not Yet Reviewed,O
2009-10-15,MyTho,10.36,106.36,11.26,mS/m,Unverified data,Raw - Not Yet Reviewed,O
2009-11-15,MyTho,10.36,106.36,12.44,mS/m,Unverified data,Raw - Not Yet Reviewed,O
2009-12-15,MyTho,10.36,106.36,14.38,mS/m,Unverified data,Raw - Not Yet Reviewed,O
2010-01-15,MyTho,10.36,106.36,18.1,mS/m,Unverified data,Raw - Not Yet Reviewed,O
2010-02-15,MyTho,10.36,106.36,19.09,mS/m,Unverified data,Raw - Not Yet Reviewed,O
2010-03-15,MyTho,10.36,106.36,26.4,mS/m,Unverified data,Raw - Not Yet Reviewed,O
2010-04-15,MyTho,10.36,106.36,141.3,mS/m,Unverified data,Raw - Not Yet Reviewed,O
2010-05-15,MyTho,10.36,106.36,260.0,mS/m,Unverified data,Raw - Not Yet Reviewed,O
2010-06-15,MyTho,10.36,106.36,24.7,mS/m,Unverified data,Raw - Not Yet Reviewed,O
2010-07-15,MyTho,10.36,106.36,27.2,mS/m,Unverified data,Raw - Not Yet Reviewed,O
2010-08-15,MyTho,10.36,106.36,18.7,mS/m,Unverified data,Raw - Not Yet Reviewed,O
2010-09-15,MyTho,10.36,106.36,17.6,mS/m,Unverified data,Raw - Not Yet Reviewed,O
2010-10-15,MyTho,10.36,106.36,15.78,mS/m,Unverified data,Raw - Not Yet Reviewed,O
2010-11-15,MyTho,10.36,106.36,15.43,mS/m,Unverified data,Raw - Not Yet Reviewed,O
2010-12-15,MyTho,10.36,106.36,19.12,mS/m,Unverified data,Raw - Not Yet Reviewed,O
2011-01-15,MyTho,10.36,106.36,17.63,mS/m,Unverified data,Raw - Not Yet Reviewed,O
2011-02-15,MyTho,10.36,106.36,25.2,mS/m,Unverified data,Raw - Not Yet Reviewed,O
2011-03-15,MyTho,10.36,106.36,29.0,mS/m,Unverified data,Raw - Not Yet Reviewed,O
2011-04-15,MyTho,10.36,106.36,23.8,mS/m,Unverified data,Raw - Not Yet Reviewed,O
2011-05-15,MyTho,10.36,106.36,26.1,mS/m,Unverified data,Raw - Not Yet Reviewed,O
2011-06-15,MyTho,10.36,106.36,22.4,mS/m,Unverified data,Raw - Not Yet Reviewed,O
2011-07-15,MyTho,10.36,106.36,14.97,mS/m,Unverified data,Raw - Not Yet Reviewed,O
2011-08-15,MyTho,10.36,106.36,11.2,mS/m,Unverified data,Raw - Not Yet Reviewed,O
2011-09-15,MyTho,10.36,106.36,12.0,mS/m,Unverified data,Raw - Not Yet Reviewed,O
2011-10-15,MyTho,10.36,106.36,13.9,mS/m,Unverified data,Raw - Not Yet Reviewed,O
2011-11-15,MyTho,10.36,106.36,12.8,mS/m,Unverified data,Raw - Not Yet Reviewed,O
2011-12-15,MyTho,10.36,106.36,14.3,mS/m,Unverified data,Raw - Not Yet Reviewed,O
2012-01-15,MyTho,10.36,106.36,13.1,mS/m,Unverified data,Raw - Not Yet Reviewed,O
2012-02-15,MyTho,10.36,106.36,15.5,mS/m,Unverified data,Raw - Not Yet Reviewed,O
2012-03-15,MyTho,10.36,106.36,17.3,mS/m,Unverified data,Raw - Not Yet Reviewed,O
2012-04-15,MyTho,10.36,106.36,48.3,mS/m,Unverified data,Raw - Not Yet Reviewed,O
2012-05-15,MyTho,10.36,106.36,50.7,mS/m,Unverified data,Raw - Not Yet Reviewed,O
2012-06-15,MyTho,10.36,106.36,21.2,mS/m,Unverified data,Raw - Not Yet Reviewed,O
2012-07-15,MyTho,10.36,106.36,18.84,mS/m,Unverified data,Raw - Not Yet Reviewed,O
2012-08-15,MyTho,10.36,106.36,14.9,mS/m,Unverified data,Raw - Not Yet Reviewed,O
2012-09-15,MyTho,10.36,106.36,16.59,mS/m,Unverified data,Raw - Not Yet Reviewed,O
2012-10-15,MyTho,10.36,106.36,13.28,mS/m,Unverified data,Raw - Not Yet Reviewed,O
2012-11-15,MyTho,10.36,106.36,15.2,mS/m,Unverified data,Raw - Not Yet Reviewed,O
2012-12-15,MyTho,10.36,106.36,15.1,mS/m,Unverified data,Raw - Not Yet Reviewed,O
2013-01-15,MyTho,10.36,106.36,17.03,mS/m,Unverified data,Raw - Not Yet Reviewed,O
2013-02-15,MyTho,10.36,106.36,22.8,mS/m,Unverified data,Raw - Not Yet Reviewed,O
2013-03-15,MyTho,10.36,106.36,72.0,mS/m,Unverified data,Raw - Not Yet Reviewed,O
2013-04-15,MyTho,10.36,106.36,38.9,mS/m,Unverified data,Raw - Not Yet Reviewed,O
2013-05-15,MyTho,10.36,106.36,27.2,mS/m,Unverified data,Raw - Not Yet Reviewed,O
2013-06-15,MyTho,10.36,106.36,21.7,mS/m,Unverified data,Raw - Not Yet Reviewed,O
2013-07-15,MyTho,10.36,106.36,20.2,mS/m,Unverified data,Raw - Not Yet Reviewed,O
2013-08-15,MyTho,10.36,106.36,16.67,mS/m,Unverified data,Raw - Not Yet Reviewed,O
2013-09-15,MyTho,10.36,106.36,20.8,mS/m,Unverified data,Raw - Not Yet Reviewed,O
2013-10-15,MyTho,10.36,106.36,14.37,mS/m,Unverified data,Raw - Not Yet Reviewed,O
2013-11-15,MyTho,10.36,106.36,14.52,mS/m,Unverified data,Raw - Not Yet Reviewed,O
2013-12-15,MyTho,10.36,106.36,13.92,mS/m,Unverified data,Raw - Not Yet Reviewed,O
2014-01-15,MyTho,10.36,106.36,15.76,mS/m,Unverified data,Raw - Not Yet Reviewed,O
2014-02-15,MyTho,10.36,106.36,14.6,mS/m,Unverified data,Raw - Not Yet Reviewed,O
2014-03-15,MyTho,10.36,106.36,20.9,mS/m,Unverified data,Raw - Not Yet Reviewed,O
2014-04-15,MyTho,10.36,106.36,24.2,mS/m,Unverified data,Raw - Not Yet Reviewed,O
2014-05-15,MyTho,10.36,106.36,23.1,mS/m,Unverified data,Raw - Not Yet Reviewed,O
2014-06-15,MyTho,10.36,106.36,25.2,mS/m,Unverified data,Raw - Not Yet Reviewed,O
2014-07-15,MyTho,10.36,106.36,12.9,mS/m,Unverified data,Raw - Not Yet Reviewed,O
2014-08-15,MyTho,10.36,106.36,11.87,mS/m,Unverified data,Raw - Not Yet Reviewed,O
2014-09-15,MyTho,10.36,106.36,12.16,mS/m,Unverified data,Raw - Not Yet Reviewed,O
2014-10-15,MyTho,10.36,106.36,14.48,mS/m,Unverified data,Raw - Not Yet Reviewed,O
2014-11-15,MyTho,10.36,106.36,13.91,mS/m,Unverified data,Raw - Not Yet Reviewed,O
2014-12-15,MyTho,10.36,106.36,16.0,mS/m,Unverified data,Raw - Not Yet Reviewed,O
2015-01-15,MyTho,10.36,106.36,18.16,mS/m,Unverified data,Raw - Not Yet Reviewed,O
2015-02-15,MyTho,10.36,106.36,41.8,mS/m,Unverified data,Raw - Not Yet Reviewed,O
2015-03-15,MyTho,10.36,106.36,42.5,mS/m,Unverified data,Raw - Not Yet Reviewed,O
2015-04-15,MyTho,10.36,106.36,31.1,mS/m,Unverified data,Raw - Not Yet Reviewed,O
2015-05-15,MyTho,10.36,106.36,29.3,mS/m,Unverified data,Raw - Not Yet Reviewed,O
2015-06-15,MyTho,10.36,106.36,40.6,mS/m,Unverified data,Raw - Not Yet Reviewed,O
2015-07-15,MyTho,10.36,106.36,21.4,mS/m,Unverified data,Raw - Not Yet Reviewed,O
2015-08-15,MyTho,10.36,106.36,14.4,mS/m,Unverified data,Raw - Not Yet Reviewed,O
2015-09-15,MyTho,10.36,106.36,13.9,mS/m,Unverified data,Raw - Not Yet Reviewed,O
2015-10-15,MyTho,10.36,106.36,12.08,mS/m,Unverified data,Raw - Not Yet Reviewed,O
2015-11-15,MyTho,10.36,106.36,13.86,mS/m,Unverified data,Raw - Not Yet Reviewed,O
2015-12-15,MyTho,10.36,106.36,16.9,mS/m,Unverified data,Raw - Not Yet Reviewed,O
2016-01-15,MyTho,10.36,106.36,173.0,mS/m,Unverified data,Raw - Not Yet Reviewed,O
2016-02-15,MyTho,10.36,106.36,91.5,mS/m,Unverified data,Raw - Not Yet Reviewed,O
2016-03-15,MyTho,10.36,106.36,385.0,mS/m,Unverified data,Raw - Not Yet Reviewed,O
2016-04-15,MyTho,10.36,106.36,103.3,mS/m,Unverified data,Raw - Not Yet Reviewed,O
2016-05-15,MyTho,10.36,106.36,32.8,mS/m,Unverified data,Raw - Not Yet Reviewed,O
2016-06-15,MyTho,10.36,106.36,32.3,mS/m,Unverified data,Raw - Not Yet Reviewed,O
2016-07-15,MyTho,10.36,106.36,16.29,mS/m,Unverified data,Raw - Not Yet Reviewed,O
2016-08-15,MyTho,10.36,106.36,15.1,mS/m,Unverified data,Raw - Not Yet Reviewed,O
2016-09-15,MyTho,10.36,106.36,23.3,mS/m,Unverified data,Raw - Not Yet Reviewed,O
2016-10-15,MyTho,10.36,106.36,14.07,mS/m,Unverified data,Raw - Not Yet Reviewed,O
2016-11-15,MyTho,10.36,106.36,14.06,mS/m,Unverified data,Raw - Not Yet Reviewed,O
2016-12-15,MyTho,10.36,106.36,18.19,mS/m,Unverified data,Raw - Not Yet Reviewed,O
2017-01-15,MyTho,10.36,106.36,17.15,mS/m,Unverified data,Raw - Not Yet Reviewed,O
2017-02-15,MyTho,10.36,106.36,20.2,mS/m,Unverified data,Raw - Not Yet Reviewed,O
2017-03-15,MyTho,10.36,106.36,19.34,mS/m,Unverified data,Raw - Not Yet Reviewed,O
2017-04-15,MyTho,10.36,106.36,28.4,mS/m,Unverified data,Raw - Not Yet Reviewed,O
2017-05-15,MyTho,10.36,106.36,25.6,mS/m,Unverified data,Raw - Not Yet Reviewed,O
2017-06-15,MyTho,10.36,106.36,19.45,mS/m,Unverified data,Raw - Not Yet Reviewed,O
2017-07-15,MyTho,10.36,106.36,16.41,mS/m,Unverified data,Raw - Not Yet Reviewed,O
2017-08-15,MyTho,10.36,106.36,11.84,mS/m,Unverified data,Raw - Not Yet Reviewed,O
2017-09-15,MyTho,10.36,106.36,13.42,mS/m,Unverified data,Raw - Not Yet Reviewed,O
2017-10-15,MyTho,10.36,106.36,12.55,mS/m,Unverified data,Raw - Not Yet Reviewed,O
2017-11-15,MyTho,10.36,106.36,14.95,mS/m,Unverified data,Raw - Not Yet Reviewed,O
2017-12-15,MyTho,10.36,106.36,17.32,mS/m,Unverified data,Raw - Not Yet Reviewed,O
2018-01-15,MyTho,10.36,106.36,19.02,mS/m,Unverified data,Raw - Not Yet Reviewed,O
2018-02-15,MyTho,10.36,106.36,18.77,mS/m,Unverified data,Raw - Not Yet Reviewed,O
2018-03-15,MyTho,10.36,106.36,23.1,mS/m,Unverified data,Raw - Not Yet Reviewed,O
2018-04-15,MyTho,10.36,106.36,50.7,mS/m,Unverified data,Raw - Not Yet Reviewed,O
2018-05-15,MyTho,10.36,106.36,29.0,mS/m,Unverified data,Raw - Not Yet Reviewed,O
2018-06-15,MyTho,10.36,106.36,21.6,mS/m,Unverified data,Raw - Not Yet Reviewed,O
2018-07-15,MyTho,10.36,106.36,24.0,mS/m,Unverified data,Raw - Not Yet Reviewed,O
2018-08-15,MyTho,10.36,106.36,22.1,mS/m,Unverified data,Raw - Not Yet Reviewed,O
2018-09-15,MyTho,10.36,106.36,13.57,mS/m,Unverified data,Raw - Not Yet Reviewed,O
2018-10-15,MyTho,10.36,106.36,15.3,mS/m,Unverified data,Raw - Not Yet Reviewed,O
2018-11-15,MyTho,10.36,106.36,16.04,mS/m,Unverified data,Raw - Not Yet Reviewed,O
2018-12-15,MyTho,10.36,106.36,16.64,mS/m,Unverified data,Raw - Not Yet Reviewed,O
2019-01-15,MyTho,10.36,106.36,19.58,mS/m,Unverified data,Raw - Not Yet Reviewed,O
2019-02-15,MyTho,10.36,106.36,23.3,mS/m,Unverified data,Raw - Not Yet Reviewed,O
2019-03-15,MyTho,10.36,106.36,31.5,mS/m,Unverified data,Raw - Not Yet Reviewed,O
2019-04-16,MyTho,10.36,106.36,26.7,mS/m,Unverified data,Raw - Not Yet Reviewed,O
2019-05-15,MyTho,10.36,106.36,57.4,mS/m,Unverified data,Raw - Not Yet Reviewed,O
2019-06-15,MyTho,10.36,106.36,25.8,mS/m,Unverified data,Raw - Not Yet Reviewed,O
2019-07-15,MyTho,10.36,106.36,24.1,mS/m,Unverified data,Raw - Not Yet Reviewed,O
2019-08-15,MyTho,10.36,106.36,15.95,mS/m,Unverified data,Raw - Not Yet Reviewed,O
2019-09-16,MyTho,10.36,106.36,8.75,mS/m,Unverified data,Raw - Not Yet Reviewed,O
2019-10-15,MyTho,10.36,106.36,13.99,mS/m,Unverified data,Raw - Not Yet Reviewed,O
2019-11-15,MyTho,10.36,106.36,16.53,mS/m,Unverified data,Raw - Not Yet Reviewed,O
2019-12-15,MyTho,10.36,106.36,47.7,mS/m,Unverified data,Raw - Not Yet Reviewed,O
2020-01-15,MyTho,10.36,106.36,22.1,mS/m,Unverified data,Raw - Not Yet Reviewed,O
2020-02-15,MyTho,10.36,106.36,558.0,mS/m,Unverified data,Raw - Not Yet Reviewed,O
2020-03-15,MyTho,10.36,106.36,692.0,mS/m,Unverified data,Raw - Not Yet Reviewed,O
2020-04-16,MyTho,10.36,106.36,607.0,mS/m,Unverified data,Raw - Not Yet Reviewed,O
2020-05-15,MyTho,10.36,106.36,398.0,mS/m,Unverified data,Raw - Not Yet Reviewed,O
2020-06-15,MyTho,10.36,106.36,55.8,mS/m,Unverified data,Raw - Not Yet Reviewed,O
2020-07-15,MyTho,10.36,106.36,36.4,mS/m,Unverified data,Raw - Not Yet Reviewed,O
2020-08-15,MyTho,10.36,106.36,22.8,mS/m,Unverified data,Raw - Not Yet Reviewed,O
2020-09-15,MyTho,10.36,106.36,20.7,mS/m,Unverified data,Raw - Not Yet Reviewed,O
2020-10-15,MyTho,10.36,106.36,20.95,mS/m,Unverified data,Raw - Not Yet Reviewed,O
2020-11-15,MyTho,10.36,106.36,22.85,mS/m,Unverified data,Raw - Not Yet Reviewed,O
2020-12-15,MyTho,10.36,106.36,22.15,mS/m,Unverified data,Raw - Not Yet Reviewed,O
2021-01-15,MyTho,10.36,106.36,19.74,mS/m,Unverified data,Raw - Not Yet Reviewed,O
2021-02-15,MyTho,10.36,106.36,55.2,mS/m,Unverified data,Raw - Not Yet Reviewed,O
2021-03-15,MyTho,10.36,106.36,191.5,mS/m,Unverified data,Raw - Not Yet Reviewed,O
2021-04-15,MyTho,10.36,106.36,194.5,mS/m,Unverified data,Raw - Not Yet Reviewed,O
2021-05-15,MyTho,10.36,106.36,34.0,mS/m,Unverified data,Raw - Not Yet Reviewed,O
2021-06-15,MyTho,10.36,106.36,31.3,mS/m,Unverified data,Raw - Not Yet Reviewed,O
2021-07-15,MyTho,10.36,106.36,35.0,mS/m,Unverified data,Raw - Not Yet Reviewed,O
2021-08-15,MyTho,10.36,106.36,20.0,mS/m,Unverified data,Raw - Not Yet Reviewed,O
2021-09-15,MyTho,10.36,106.36,14.44,mS/m,Unverified data,Raw - Not Yet Reviewed,O
2021-10-15,MyTho,10.36,106.36,16.96,mS/m,Unverified data,Raw - Not Yet Reviewed,O
2021-11-15,MyTho,10.36,106.36,20.3,mS/m,Unverified data,Raw - Not Yet Reviewed,O
2021-12-15,MyTho,10.36,106.36,19.43,mS/m,Unverified data,Raw - Not Yet Reviewed,O
2022-01-15,MyTho,10.36,106.36,18.5,mS/m,Unverified data,Raw - Not Yet Reviewed,O
2022-02-15,MyTho,10.36,106.36,50.0,mS/m,Unverified data,Raw - Not Yet Reviewed,O
2022-03-15,MyTho,10.36,106.36,38.7,mS/m,Unverified data,Raw - Not Yet Reviewed,O
2022-04-15,MyTho,10.36,106.36,25.7,mS/m,Unverified data,Raw - Not Yet Reviewed,O
2022-05-15,MyTho,10.36,106.36,33.0,mS/m,Unverified data,Raw - Not Yet Reviewed,O
2022-06-15,MyTho,10.36,106.36,23.7,mS/m,Unverified data,Raw - Not Yet Reviewed,O
2022-07-15,MyTho,10.36,106.36,24.6,mS/m,Unverified data,Raw - Not Yet Reviewed,O
2022-08-15,MyTho,10.36,106.36,16.68,mS/m,Unverified data,Raw - Not Yet Reviewed,O
2022-09-15,MyTho,10.36,106.36,16.3,mS/m,Unverified data,Raw - Not Yet Reviewed,O
2022-10-15,MyTho,10.36,106.36,13.53,mS/m,Unverified data,Raw - Not Yet Reviewed,O
2022-11-15,MyTho,10.36,106.36,18.62,mS/m,Unverified data,Raw - Not Yet Reviewed,O
2022-12-15,MyTho,10.36,106.36,17.15,mS/m,Unverified data,Raw - Not Yet Reviewed,O
2023-01-15,MyTho,10.36,106.36,19.36,mS/m,Unverified data,Raw - Not Yet Reviewed,O
2023-02-15,MyTho,10.36,106.36,25.9,mS/m,Unverified data,Raw - Not Yet Reviewed,O
2023-03-15,MyTho,10.36,106.36,78.3,mS/m,Unverified data,Raw - Not Yet Reviewed,O
2023-04-15,MyTho,10.36,106.36,45.1,mS/m,Unverified data,Raw - Not Yet Reviewed,O
2023-05-15,MyTho,10.36,106.36,39.5,mS/m,Unverified data,Raw - Not Yet Reviewed,O
2023-06-15,MyTho,10.36,106.36,37.9,mS/m,Unverified data,Raw - Not Yet Reviewed,O
2023-07-15,MyTho,10.36,106.36,32.7,mS/m,Unverified data,Raw - Not Yet Reviewed,O
2023-08-15,MyTho,10.36,106.36,14.8,mS/m,Unverified data,Raw - Not Yet Reviewed,O
2023-09-15,MyTho,10.36,106.36,14.5,mS/m,Unverified data,Raw - Not Yet Reviewed,O
2023-10-15,MyTho,10.36,106.36,16.4,mS/m,Unverified data,Raw - Not Yet Reviewed,O
2023-11-15,MyTho,10.36,106.36,15.7,mS/m,Unverified data,Raw - Not Yet Reviewed,O
2023-12-15,MyTho,10.36,106.36,15.4,mS/m,Unverified data,Raw - Not Yet Reviewed,O
