precip_mm,temp_max_c,temp_min_c,temp_mean_c,et0_mm,wind_max_ms,rh_pct,radiation_mj,date
10.8,30.67096774193548,21.825806451612905,25.98709677419355,123.49,2.851935483870968,73.2258064516129,571.62,1985-01-01
21.2,32.65714285714286,23.457142857142856,27.582142857142856,131.74,3.358571428571429,71.85714285714286,565.34,1985-02-01
59.9,33.38387096774194,24.206451612903226,28.387096774193548,161.08,3.358709677419355,69.61290322580645,696.84,1985-03-01
172.8,33.39666666666667,25.17,28.39333333333333,142.78,3.5883333333333334,76.66666666666667,612.05,1985-04-01
203.2,31.164516129032258,24.677419354838708,27.154838709677417,127.35,3.393548387096774,86.09677419354838,616.9,1985-05-01
152.0,30.273333333333333,24.973333333333336,27.063333333333333,115.01,5.101333333333333,83.8,525.9,1985-06-01
178.9,30.70967741935484,24.177419354838708,26.725806451612904,126.00999999999999,4.092258064516129,82.87096774193549,589.42,1985-07-01
193.0,30.606451612903225,24.64516129032258,26.91290322580645,124.38000000000001,5.605806451612903,82.48387096774194,562.86,1985-08-01
331.2,30.44333333333333,24.126666666666665,26.39,104.11,3.9983333333333335,85.66666666666667,486.05,1985-09-01
366.3,30.125806451612902,23.6,25.970967741935485,98.14,2.7606451612903227,87.7741935483871,474.06,1985-10-01
268.6,30.39333333333333,23.57,26.09,97.64,2.9320000000000004,86.16666666666667,466.82,1985-11-01
38.5,29.229032258064517,21.97741935483871,25.138709677419353,115.83,3.617096774193548,76.19354838709677,529.16,1985-12-01
9.3,29.96451612903226,21.219354838709677,25.216129032258067,128.18,3.5648387096774194,69.38709677419355,567.34,1986-01-01
87.39999999999999,31.114285714285717,22.114285714285717,26.260714285714283,123.6,3.2064285714285714,73.39285714285714,556.7,1986-02-01
19.200000000000003,33.05483870967742,23.40967741935484,27.770967741935483,163.82,3.582258064516129,68.06451612903226,702.52,1986-03-01
67.2,34.21333333333334,24.813333333333333,28.94333333333333,159.21,3.489,71.43333333333334,677.67,1986-04-01
153.8,31.612903225806452,25.216129032258067,27.677419354838708,127.72,4.891935483870968,81.54838709677419,573.85,1986-05-01
186.8,30.983333333333334,24.89,27.15,116.47,4.444333333333334,85.4,553.86,1986-06-01
209.8,30.796774193548384,24.738709677419354,26.951612903225808,120.63,4.89483870967742,83.6774193548387,559.34,1986-07-01
234.9,30.248387096774195,24.72258064516129,26.816129032258065,110.23,5.183225806451613,83.70967741935483,489.36,1986-08-01
331.7,30.373333333333335,24.08,26.290000000000003,100.39,3.909666666666667,86.73333333333333,473.37,1986-09-01
280.8,30.45483870967742,23.89032258064516,26.241935483870968,97.77,2.96,87.51612903225806,466.89,1986-10-01
193.20000000000002,29.586666666666666,23.14,25.743333333333332,103.17,3.676333333333333,80.6,456.39,1986-11-01
31.9,29.70967741935484,21.651612903225807,25.325806451612905,118.59,3.44741935483871,75.06451612903226,540.59,1986-12-01
0.4,31.66774193548387,22.10967741935484,26.70967741935484,137.54,3.0345161290322578,65.80645161290323,604.66,1987-01-01
3.3,32.05357142857143,22.00714285714286,26.857142857142858,135.08,3.5221428571428572,65.17857142857143,569.32,1987-02-01
9.2,35.40967741935484,24.651612903225807,29.4741935483871,184.01,3.8993548387096775,62.0,708.31,1987-03-01
33.9,36.36333333333334,26.06,30.493333333333332,175.73,3.8506666666666667,63.3,676.98,1987-04-01
104.0,34.03548387096774,25.90967741935484,29.14516129032258,151.67,3.8774193548387097,76.12903225806451,661.59,1987-05-01
240.7,31.45,25.470000000000002,27.58,107.05,4.667666666666666,85.03333333333333,490.67,1987-06-01
132.5,31.541935483870965,25.345161290322583,27.674193548387095,126.28,4.952258064516129,80.90322580645162,552.82,1987-07-01
290.1,31.33225806451613,24.793548387096774,27.154838709677417,116.7,4.4077419354838705,84.64516129032258,535.9,1987-08-01
305.1,31.046666666666667,24.653333333333332,26.96333333333333,107.62,3.5806666666666667,85.43333333333334,497.38,1987-09-01
293.2,31.293548387096774,24.361290322580647,26.916129032258063,109.83,2.603225806451613,86.25806451612904,525.64,1987-10-01
305.0,30.346666666666668,24.116666666666667,26.396666666666665,89.09,2.9103333333333334,86.76666666666667,420.96,1987-11-01
10.1,29.083870967741937,21.845161290322583,24.990322580645163,128.93,4.880967741935484,70.54838709677419,542.14,1987-12-01
6.699999999999999,31.93548387096774,23.067741935483873,27.206451612903226,132.4,3.0283870967741935,69.41935483870968,582.32,1988-01-01
11.6,33.88620689655173,24.2551724137931,28.606896551724137,149.19,3.5324137931034483,64.51724137931035,605.3,1988-02-01
21.7,36.0516129032258,25.654838709677417,30.40967741935484,185.33,3.9735483870967743,58.903225806451616,701.42,1988-03-01
161.1,33.486666666666665,25.526666666666664,28.776666666666664,145.09,3.0563333333333333,77.2,643.92,1988-04-01
221.0,31.654838709677417,25.393548387096775,27.629032258064516,121.89999999999999,3.6229032258064517,86.19354838709677,577.05,1988-05-01
183.7,30.69,25.083333333333332,27.220000000000002,113.08,4.364333333333334,84.76666666666667,528.91,1988-06-01
238.4,30.883870967741935,24.700000000000003,27.02258064516129,117.44,4.134838709677419,85.58064516129032,554.3,1988-07-01
196.5,31.5258064516129,24.70967741935484,27.34193548387097,126.49,4.010967741935484,83.70967741935483,591.24,1988-08-01
284.4,31.143333333333334,24.636666666666667,26.916666666666668,105.7,3.6026666666666665,86.33333333333333,497.69,1988-09-01
229.7,30.02258064516129,23.79032258064516,26.096774193548388,100.17,3.6238709677419356,85.38709677419355,468.59,1988-10-01
95.9,29.43,22.84333333333333,25.686666666666667,113.19,4.462666666666666,77.23333333333333,481.57,1988-11-01
4.0,29.76774193548387,20.822580645161292,25.080645161290324,128.62,3.2887096774193547,69.35483870967742,585.95,1988-12-01
19.9,31.53548387096774,23.183870967741935,27.05806451612903,128.12,3.0638709677419356,71.64516129032258,566.77,1989-01-01
0.8,31.650000000000002,21.678571428571427,26.410714285714285,135.71,3.5375,67.64285714285714,599.26,1989-02-01
100.7,31.64516129032258,23.75483870967742,27.14516129032258,135.89,3.0283870967741935,76.29032258064517,614.8,1989-03-01
82.89999999999999,32.71,24.81,28.173333333333336,146.29,3.3956666666666666,78.53333333333333,662.28,1989-04-01
210.8,31.64516129032258,25.129032258064516,27.6,125.83,3.946451612903226,83.6774193548387,584.37,1989-05-01
181.9,31.14,24.813333333333333,27.27,126.04,4.087666666666666,83.56666666666666,591.94,1989-06-01
224.2,30.65483870967742,24.661290322580644,26.958064516129035,118.44,4.352903225806451,85.0,553.14,1989-07-01
183.1,31.067741935483873,24.812903225806455,27.11935483870968,124.69,4.9722580645161285,81.2258064516129,555.58,1989-08-01
277.0,30.990000000000002,24.46333333333333,26.84333333333333,112.95,4.0280000000000005,84.2,525.83,1989-09-01
293.9,30.203225806451613,23.81935483870968,26.151612903225807,99.32000000000001,3.072903225806452,86.83870967741936,473.73,1989-10-01
108.0,30.366666666666667,22.993333333333336,26.086666666666666,118.08,3.4733333333333336,79.13333333333334,543.57,1989-11-01
1.7,30.59032258064516,21.5,25.85483870967742,131.22,3.258387096774194,68.3225806451613,583.0,1989-12-01
1.5,31.65806451612903,22.44193548387097,26.822580645161292,132.44,3.0438709677419356,69.29032258064517,588.94,1990-01-01
0.0,33.07857142857143,23.042857142857144,27.75,146.35,3.7049999999999996,64.78571428571429,599.88,1990-02-01
15.8,34.15483870967742,24.719354838709677,28.980645161290322,167.51,3.430967741935484,64.83870967741936,686.24,1990-03-01
32.0,36.16,26.360000000000003,30.503333333333334,174.46,3.9166666666666665,65.86666666666666,685.98,1990-04-01
149.6,33.26774193548387,25.81935483870968,28.822580645161292,139.24,3.733548387096774,78.0,613.51,1990-05-01
112.0,31.28666666666667,25.67,27.83,117.25,4.8100000000000005,81.56666666666666,510.1,1990-06-01
120.9,32.38709677419355,25.416129032258063,28.09032258064516,145.86,5.032258064516129,76.51612903225806,613.07,1990-07-01
214.9,31.49032258064516,25.26451612903226,27.638709677419353,127.83,5.500645161290323,79.70967741935483,540.04,1990-08-01
243.0,31.446666666666665,24.86,27.246666666666666,113.22,4.232666666666667,82.83333333333333,505.96999999999997,1990-09-01
231.5,31.061290322580643,24.26451612903226,26.838709677419356,111.37,3.3793548387096775,84.3225806451613,519.64,1990-10-01
123.3,30.15666666666667,22.886666666666667,25.996666666666666,111.83,3.612,79.83333333333333,510.3,1990-11-01
4.199999999999999,31.067741935483873,22.48709677419355,26.541935483870965,137.28,3.720322580645161,68.54838709677419,585.77,1990-12-01
2.5,31.94516129032258,22.780645161290323,27.138709677419357,132.39,2.9374193548387098,69.80645161290323,595.4,1991-01-01
2.9000000000000004,32.642857142857146,23.267857142857142,27.639285714285712,137.08,3.2782142857142857,67.96428571428571,587.6,1991-02-01
5.0,34.28064516129032,23.816129032258065,28.651612903225807,171.59,4.0122580645161285,63.54838709677419,671.5,1991-03-01
98.39999999999999,34.443333333333335,25.336666666666666,29.290000000000003,161.47,3.301,69.96666666666667,675.82,1991-04-01
165.3,32.461290322580645,25.293548387096774,28.164516129032258,136.57,3.1312903225806448,82.06451612903226,634.93,1991-05-01
159.5,31.3,25.346666666666668,27.69,116.23,4.088333333333334,84.1,532.67,1991-06-01
230.0,30.612903225806452,24.761290322580646,26.919354838709676,116.27,4.561290322580645,85.06451612903226,542.51,1991-07-01
213.7,30.396774193548385,24.719354838709677,26.825806451612905,112.42,5.218064516129032,84.16129032258064,505.34,1991-08-01
196.2,30.31,24.470000000000002,26.413333333333334,96.36,4.387333333333333,86.63333333333334,446.35,1991-09-01
285.4,29.996774193548386,23.57741935483871,25.97741935483871,98.55,3.04,86.25806451612904,469.57,1991-10-01
19.8,31.066666666666666,22.723333333333336,26.45,129.29,3.585,72.7,578.62,1991-11-01
14.799999999999999,31.73225806451613,22.906451612903226,27.05483870967742,131.6,3.2364516129032257,66.48387096774194,558.83,1991-12-01
12.700000000000001,30.641935483870967,21.01290322580645,25.5258064516129,131.22,3.031290322580645,69.48387096774194,600.28,1992-01-01
3.2,32.289655172413795,22.803448275862067,27.20344827586207,137.8,3.4548275862068967,69.41379310344827,582.38,1992-02-01
1.5,34.45483870967742,24.190322580645162,29.02258064516129,178.1,3.6670967741935487,63.58064516129032,709.29,1992-03-01
51.7,35.29666666666667,25.84,29.8,167.35,3.7236666666666665,69.46666666666667,679.4,1992-04-01
69.0,35.20967741935484,26.283870967741933,29.870967741935484,164.52,3.927741935483871,72.3225806451613,686.44,1992-05-01
207.1,31.53666666666667,25.540000000000003,27.733333333333334,113.92,4.687666666666667,81.8,493.89,1992-06-01
198.8,30.893548387096775,24.574193548387097,26.951612903225808,117.5,4.303870967741935,84.25806451612904,543.39,1992-07-01
200.9,31.070967741935487,24.896774193548385,27.15806451612903,121.17,4.909354838709677,81.54838709677419,531.37,1992-08-01
216.1,31.196666666666665,24.696666666666665,27.14,119.35,4.26,82.63333333333334,546.95,1992-09-01
354.3,29.712903225806453,23.4741935483871,25.812903225806455,94.41,3.237741935483871,84.61290322580645,431.15,1992-10-01
50.0,29.986666666666668,22.663333333333334,25.836666666666666,124.88,4.388333333333334,74.16666666666667,547.14,1992-11-01
27.2,30.72258064516129,22.4741935483871,26.225806451612904,120.32,3.2025806451612904,72.74193548387096,530.56,1992-12-01
33.699999999999996,30.280645161290323,22.006451612903227,25.793548387096774,121.14,3.2432258064516133,72.09677419354838,543.36,1993-01-01
0.0,31.464285714285715,21.45357142857143,26.178571428571427,138.37,3.4846428571428567,66.03571428571429,606.74,1993-02-01
73.6,32.71935483870968,23.496774193548386,27.603225806451615,159.11,3.7670967741935484,70.12903225806451,681.73,1993-03-01
29.9,34.5,24.976666666666667,29.15666666666667,164.04,3.476,67.5,680.68,1993-04-01
178.8,33.79032258064516,25.664516129032258,28.86774193548387,149.38,3.202903225806452,76.09677419354838,646.51,1993-05-01
205.9,31.543333333333333,25.21333333333333,27.523333333333333,121.8,4.044666666666667,85.46666666666667,579.56,1993-06-01
180.4,30.864516129032257,24.916129032258063,27.13225806451613,118.09,4.483870967741935,83.80645161290323,540.56,1993-07-01
158.8,31.02258064516129,24.74516129032258,27.09032258064516,125.28,5.190322580645161,82.48387096774194,569.52,1993-08-01
272.8,30.576666666666664,24.27,26.496666666666666,105.69,4.115,85.6,497.44,1993-09-01
398.9,29.970967741935485,23.677419354838708,25.906451612903226,95.93,2.9470967741935485,87.48387096774194,454.94,1993-10-01
98.8,30.616666666666667,23.086666666666666,26.293333333333333,112.73,3.5353333333333334,79.96666666666667,515.99,1993-11-01
62.0,29.096774193548388,22.051612903225806,25.106451612903225,122.84,4.687741935483871,72.61290322580645,513.14,1993-12-01
5.8999999999999995,31.283870967741933,21.87741935483871,26.27741935483871,129.99,2.9054838709677417,71.03225806451613,594.6,1994-01-01
1.2,32.96071428571428,23.217857142857145,27.760714285714283,138.65,3.360357142857143,67.64285714285714,583.16,1994-02-01
75.1,33.24516129032258,24.393548387096775,28.258064516129032,155.24,3.4696774193548388,70.90322580645162,665.29,1994-03-01
80.3,33.60333333333333,25.14333333333333,28.68,150.54,3.1,75.63333333333334,667.87,1994-04-01
223.5,31.66774193548387,25.351612903225806,27.761290322580646,124.56,4.021612903225806,83.93548387096774,570.32,1994-05-01
143.5,30.743333333333332,24.923333333333336,27.12,114.74,4.470333333333333,84.76666666666667,538.04,1994-06-01
164.2,30.387096774193548,24.851612903225806,26.993548387096773,123.2,5.6332258064516125,82.48387096774194,560.71,1994-07-01
201.1,30.94193548387097,24.55806451612903,26.993548387096773,127.71,4.980967741935483,82.3225806451613,578.13,1994-08-01
278.0,30.196666666666665,24.15666666666667,26.3,100.82,4.636333333333334,85.8,466.97,1994-09-01
235.0,30.23548387096774,23.335483870967742,26.019354838709678,116.48,3.255483870967742,82.70967741935483,549.82,1994-10-01
10.6,31.496666666666666,23.246666666666666,27.009999999999998,130.81,3.3603333333333336,72.66666666666667,583.42,1994-11-01
22.7,31.57741935483871,23.200000000000003,26.916129032258063,120.38,3.155806451612903,71.45161290322581,523.57,1994-12-01
34.6,31.403225806451612,21.893548387096775,26.38064516129032,133.63,3.091290322580645,69.06451612903226,597.75,1995-01-01
0.0,32.01428571428571,21.74285714285714,26.59642857142857,144.03,3.6632142857142855,65.64285714285714,624.15,1995-02-01
45.699999999999996,33.42258064516129,24.019354838709678,28.238709677419354,158.18,3.573870967741936,67.41935483870968,651.57,1995-03-01
11.0,35.669999999999995,25.873333333333335,30.273333333333333,174.13,3.512,63.666666666666664,689.37,1995-04-01
91.2,33.693548387096776,25.83225806451613,29.19677419354839,155.24,3.836129032258065,74.06451612903226,657.24,1995-05-01
135.9,32.446666666666665,25.709999999999997,28.246666666666666,130.33,4.4543333333333335,80.86666666666666,581.78,1995-06-01
233.0,30.983870967741936,24.67096774193548,27.09032258064516,121.99,4.338709677419355,83.74193548387096,568.41,1995-07-01
258.8,30.925806451612903,24.716129032258067,27.067741935483873,114.4,4.34516129032258,84.61290322580645,529.4,1995-08-01
312.9,30.073333333333334,24.36,26.303333333333335,91.52,3.8310000000000004,87.66666666666667,429.6,1995-09-01
239.2,30.883870967741935,24.26774193548387,26.783870967741933,106.71,3.321935483870968,84.90322580645162,501.66,1995-10-01
93.1,30.526666666666664,23.633333333333333,26.509999999999998,111.53,3.6703333333333332,78.2,501.31,1995-11-01
30.6,30.041935483870965,22.17096774193548,25.67096774193548,135.27,4.6490322580645165,65.74193548387096,521.31,1995-12-01
30.1,30.861290322580647,21.64516129032258,25.887096774193548,123.33,2.9561290322580644,71.64516129032258,559.02,1996-01-01
2.2,32.241379310344826,23.04137931034483,27.29310344827586,140.15,3.7924137931034485,63.03448275862069,575.61,1996-02-01
2.6,35.07741935483871,24.283870967741933,29.200000000000003,184.38,3.8464516129032256,60.58064516129032,721.7,1996-03-01
108.3,33.45,25.25,28.64333333333333,146.88,3.1233333333333335,75.76666666666667,647.87,1996-04-01
195.29999999999998,31.835483870967742,25.312903225806455,27.725806451612904,127.81,3.8316129032258064,84.16129032258064,597.73,1996-05-01
179.3,31.026666666666664,24.793333333333333,27.2,117.72,3.554333333333333,85.3,564.33,1996-06-01
206.5,30.780645161290323,24.580645161290324,26.925806451612903,115.84,4.5287096774193545,84.83870967741936,540.65,1996-07-01
211.4,31.406451612903226,24.67096774193548,27.225806451612904,126.71,4.385483870967741,82.70967741935483,584.61,1996-08-01
309.5,30.683333333333334,24.576666666666664,26.71333333333333,104.73,4.551,84.8,472.51,1996-09-01
319.5,30.448387096774194,23.91290322580645,26.251612903225805,93.42,3.0503225806451613,87.16129032258064,442.12,1996-10-01
248.29999999999998,30.276666666666664,23.696666666666665,26.09333333333333,98.22,3.618333333333333,85.63333333333334,466.28999999999996,1996-11-01
97.0,28.490322580645163,21.93548387096774,24.719354838709677,106.31,4.154516129032258,78.09677419354838,475.24,1996-12-01
0.30000000000000004,29.958064516129035,20.003225806451614,24.75483870967742,131.67,2.959032258064516,72.41935483870968,626.86,1997-01-01
46.900000000000006,31.25357142857143,23.103571428571428,26.817857142857143,119.99,3.1110714285714285,74.85714285714286,543.03,1997-02-01
5.6000000000000005,33.58064516129032,23.84193548387097,28.351612903225806,167.8,3.5412903225806454,65.35483870967742,692.0600000000001,1997-03-01
64.2,34.25333333333333,24.896666666666665,28.926666666666666,157.68,2.9346666666666668,70.6,681.88,1997-04-01
143.79999999999998,32.45483870967742,25.432258064516127,28.19677419354839,136.28,3.92,79.61290322580645,614.65,1997-05-01
116.1,31.753333333333334,25.09,27.816666666666666,133.91,4.730333333333333,80.53333333333333,600.61,1997-06-01
284.4,30.187096774193545,24.809677419354838,26.77741935483871,106.05,4.854516129032258,84.7741935483871,484.97,1997-07-01
182.9,30.806451612903224,24.806451612903224,27.05806451612903,120.4,5.356129032258064,83.29032258064517,542.53,1997-08-01
238.0,31.266666666666666,24.546666666666667,27.0,111.04,3.627666666666667,84.93333333333334,520.41,1997-09-01
195.7,31.393548387096775,24.229032258064517,26.958064516129035,120.62,2.945806451612903,84.19354838709677,573.73,1997-10-01
89.5,31.013333333333332,23.65,26.973333333333336,119.48,3.0723333333333334,78.83333333333333,546.78,1997-11-01
2.5,32.55483870967742,23.361290322580647,27.68064516129032,135.9,3.099354838709677,68.06451612903226,598.96,1997-12-01
0.1,33.403225806451616,23.596774193548388,28.17096774193548,149.69,3.450322580645161,65.45161290322581,621.23,1998-01-01
0.9,33.839285714285715,24.25,28.67142857142857,143.37,3.6682142857142854,66.25,573.16,1998-02-01
0.0,36.309677419354834,25.096774193548388,30.206451612903226,203.2,4.161935483870968,58.67741935483871,758.74,1998-03-01
28.5,36.03333333333333,26.363333333333333,30.586666666666666,173.35,3.5236666666666663,64.9,676.51,1998-04-01
94.5,35.09032258064516,27.23225806451613,30.425806451612903,159.29,3.9764516129032255,71.58064516129032,643.92,1998-05-01
238.8,31.55,25.57,27.82,115.98,4.497333333333334,84.56666666666666,536.19,1998-06-01
216.1,31.932258064516127,25.251612903225805,27.806451612903224,131.58,3.8796774193548385,82.6774193548387,610.79,1998-07-01
290.1,31.812903225806455,24.948387096774194,27.44516129032258,124.58,3.914193548387097,84.06451612903226,579.4300000000001,1998-08-01
328.9,30.553333333333335,24.613333333333333,26.676666666666666,98.54,4.124666666666666,86.86666666666666,459.21,1998-09-01
280.0,30.761290322580646,24.135483870967743,26.432258064516127,97.45,3.08,86.96774193548387,457.82,1998-10-01
196.8,29.87,23.533333333333335,26.006666666666668,95.23,3.5603333333333333,83.03333333333333,432.15,1998-11-01
113.8,28.416129032258063,22.23548387096774,24.93548387096774,105.78999999999999,4.066129032258065,79.70967741935483,467.08,1998-12-01
77.9,29.806451612903224,22.299999999999997,25.596774193548388,120.33,3.242903225806452,77.54838709677419,564.37,1999-01-01
37.7,30.714285714285715,22.032142857142855,26.085714285714285,129.46,3.1007142857142855,75.35714285714286,605.95,1999-02-01
52.4,33.622580645161285,24.503225806451614,28.38064516129032,156.82,3.3593548387096774,73.19354838709677,680.18,1999-03-01
237.7,31.473333333333336,24.709999999999997,27.223333333333336,116.18,3.2986666666666666,84.9,545.85,1999-04-01
302.7,30.629032258064516,24.41290322580645,26.72258064516129,118.53,3.427096774193548,87.19354838709677,577.54,1999-05-01
217.1,29.823333333333334,24.126666666666665,26.279999999999998,105.37,4.64,86.43333333333334,505.89,1999-06-01
212.9,30.174193548387095,24.419354838709676,26.52258064516129,116.12,5.1577419354838705,84.25806451612904,542.52,1999-07-01
177.4,30.9,24.358064516129033,26.9,123.31,4.434516129032258,82.16129032258064,560.27,1999-08-01
182.4,31.196666666666665,24.30666666666667,26.866666666666667,120.31,3.871,83.5,562.26,1999-09-01
337.5,30.519354838709678,23.858064516129033,26.364516129032257,104.47,3.14,85.58064516129032,496.95,1999-10-01
182.6,30.043333333333333,23.41,26.05,101.32,3.168,83.36666666666666,465.94,1999-11-01
73.2,28.335483870967742,21.387096774193548,24.335483870967742,122.51,5.356129032258064,72.51612903225806,512.76,1999-12-01
18.7,31.070967741935487,22.799999999999997,26.593548387096774,129.2,3.113225806451613,72.74193548387096,573.88,2000-01-01
23.1,32.175862068965515,23.317241379310342,27.33103448275862,133.64,3.341379310344828,68.44827586206897,567.87,2000-02-01
63.5,33.36451612903225,24.396774193548385,28.270967741935483,152.91,3.0306451612903227,71.90322580645162,667.93,2000-03-01
138.8,32.45333333333333,24.706666666666667,27.776666666666664,133.49,3.3316666666666666,80.53333333333333,614.52,2000-04-01
174.4,31.396774193548385,25.05483870967742,27.58709677419355,128.66,4.002903225806452,84.09677419354838,608.16,2000-05-01
238.0,30.290000000000003,24.446666666666665,26.596666666666668,108.27,3.8406666666666665,86.8,522.01,2000-06-01
152.2,30.396774193548385,24.387096774193548,26.69677419354839,116.07,4.8587096774193546,84.29032258064517,539.23,2000-07-01
219.2,30.651612903225807,24.461290322580645,26.748387096774195,116.85,4.972258064516129,83.48387096774194,532.73,2000-08-01
183.20000000000002,31.14333333333333,24.33,26.89333333333333,116.49,3.8866666666666663,83.23333333333333,539.68,2000-09-01
316.09999999999997,30.06451612903226,23.929032258064513,26.187096774193545,92.39,3.1629032258064513,87.19354838709677,435.51,2000-10-01
109.8,30.266666666666666,23.09333333333333,26.21333333333333,113.34,3.755666666666667,78.86666666666666,514.29,2000-11-01
119.8,29.606451612903225,23.05806451612903,25.864516129032257,106.96,3.603225806451613,80.61290322580645,496.8,2000-12-01
45.7,29.729032258064517,22.52258064516129,25.74516129032258,110.43,2.9083870967741934,81.61290322580645,528.04,2001-01-01
40.7,31.439285714285713,22.90357142857143,26.885714285714283,126.39,3.1503571428571426,72.92857142857143,568.66,2001-02-01
132.8,32.332258064516125,24.26774193548387,27.67096774193548,139.48,3.8496774193548386,75.45161290322581,603.84,2001-03-01
99.5,33.05,24.976666666666667,28.483333333333334,144.73,3.243333333333333,77.96666666666667,650.38,2001-04-01
122.2,32.12903225806452,25.203225806451613,28.003225806451614,136.28,4.116129032258065,81.35483870967742,621.32,2001-05-01
224.4,30.696666666666665,24.779999999999998,26.983333333333334,116.87,4.255333333333334,84.63333333333334,547.54,2001-06-01
179.4,30.783870967741933,24.661290322580644,27.1,127.17,4.824838709677419,83.2258064516129,591.44,2001-07-01
214.1,30.316129032258065,24.677419354838708,26.770967741935483,106.18,4.862903225806452,84.19354838709677,469.85,2001-08-01
215.9,31.123333333333335,24.496666666666666,27.013333333333332,114.15,4.152333333333334,84.73333333333333,535.54,2001-09-01
328.8,30.97741935483871,24.151612903225807,26.561290322580643,101.43,3.06,86.70967741935483,482.17,2001-10-01
43.9,30.3,22.576666666666664,26.006666666666668,127.03,3.8983333333333334,73.26666666666667,549.13,2001-11-01
16.9,31.822580645161292,22.983870967741936,26.96451612903226,138.12,3.649677419354839,65.29032258064517,561.08,2001-12-01
0.2,32.24193548387097,21.635483870967743,26.783870967741933,142.48,3.1932258064516126,63.29032258064516,618.61,2002-01-01
0.0,33.589285714285715,22.814285714285713,27.910714285714285,150.79,3.8417857142857144,58.82142857142857,625.03,2002-02-01
1.9000000000000001,35.57741935483871,25.0258064516129,29.809677419354838,181.0,3.7790322580645164,57.87096774193548,694.77,2002-03-01
47.7,35.95666666666667,26.096666666666668,30.446666666666665,173.47,3.7623333333333333,61.6,675.02,2002-04-01
118.8,34.096774193548384,26.18064516129032,29.529032258064515,161.17,4.539354838709677,71.61290322580645,660.8,2002-05-01
176.7,31.423333333333336,25.28666666666667,27.61,118.45,4.564333333333334,82.53333333333333,532.32,2002-06-01
89.2,32.65483870967742,25.63225806451613,28.42258064516129,151.68,5.6496774193548385,76.45161290322581,628.25,2002-07-01
254.20000000000002,30.796774193548387,24.706451612903226,27.0258064516129,114.37,4.848709677419355,81.7741935483871,488.7,2002-08-01
217.29999999999998,30.763333333333332,24.646666666666665,26.876666666666665,110.59,4.335333333333334,83.6,502.0,2002-09-01
209.2,31.416129032258063,24.203225806451613,27.029032258064515,118.46000000000001,2.893548387096774,82.83870967741936,557.49,2002-10-01
122.6,30.636666666666667,23.973333333333336,26.623333333333335,107.74,3.844666666666667,81.73333333333333,491.59,2002-11-01
60.2,31.029032258064515,23.870967741935484,27.0,115.41,2.870967741935484,80.74193548387096,542.21,2002-12-01
0.2,31.33225806451613,21.774193548387096,26.225806451612904,138.32,2.999032258064516,69.45161290322581,629.33,2003-01-01
0.6000000000000001,32.875,23.335714285714285,27.782142857142855,141.78,3.717142857142857,64.57142857142857,580.43,2003-02-01
16.1,34.94193548387097,25.309677419354838,29.65806451612903,170.73,3.4080645161290324,61.54838709677419,668.49,2003-03-01
23.3,36.84666666666667,26.45,31.063333333333333,179.12,3.503,59.9,694.24,2003-04-01
210.8,32.174193548387095,25.741935483870968,28.006451612903227,115.76,4.143870967741936,81.35483870967742,500.43,2003-05-01
168.3,31.59333333333333,25.206666666666667,27.69333333333333,128.75,4.246666666666667,82.03333333333333,585.37,2003-06-01
278.9,30.874193548387098,24.54516129032258,26.86774193548387,114.88,3.913870967741935,85.38709677419355,540.05,2003-07-01
251.6,31.103225806451615,24.990322580645163,27.23225806451613,119.94,4.800645161290323,83.09677419354838,542.97,2003-08-01
266.8,30.803333333333335,24.473333333333336,26.683333333333334,108.67,4.417666666666666,84.83333333333333,501.75,2003-09-01
402.9,30.193548387096776,23.86774193548387,26.151612903225807,97.44,3.0593548387096776,86.38709677419355,461.38,2003-10-01
79.6,31.583333333333332,23.733333333333334,27.256666666666668,124.71000000000001,3.0993333333333335,76.13333333333334,569.51,2003-11-01
7.8999999999999995,31.203225806451613,22.27741935483871,26.47741935483871,134.89,3.6851612903225806,64.16129032258064,556.44,2003-12-01
1.9,32.18064516129032,23.06451612903226,27.361290322580647,136.84,3.0706451612903227,66.16129032258064,587.86,2004-01-01
1.4000000000000001,32.282758620689656,22.658620689655173,27.158620689655173,142.53,3.520344827586207,65.3103448275862,607.85,2004-02-01
7.800000000000001,34.83548387096774,24.825806451612905,29.287096774193547,169.56,3.8883870967741934,63.12903225806452,660.27,2004-03-01
34.9,36.41,26.63,30.69,173.3,3.618,63.46666666666667,689.02,2004-04-01
125.0,33.170967741935485,25.661290322580644,28.593548387096774,135.65,4.104193548387097,78.7741935483871,591.33,2004-05-01
218.2,30.653333333333332,24.96333333333333,27.066666666666666,113.38,4.525333333333333,84.53333333333333,522.37,2004-06-01
199.1,30.851612903225806,24.725806451612904,27.019354838709678,119.0,4.483548387096774,84.0,551.84,2004-07-01
191.3,30.638709677419353,24.725806451612904,26.93548387096774,116.69,5.159677419354838,83.3225806451613,521.89,2004-08-01
207.5,31.290000000000003,24.426666666666666,27.016666666666666,115.41,3.5283333333333333,83.96666666666667,543.06,2004-09-01
159.7,30.95483870967742,23.432258064516127,26.654838709677417,120.78,2.6248387096774195,80.7741935483871,565.93,2004-10-01
63.0,31.663333333333334,23.903333333333332,27.296666666666667,124.01,3.2030000000000003,76.46666666666667,560.4399999999999,2004-11-01
0.0,31.693548387096776,21.86774193548387,26.567741935483873,140.05,3.398064516129032,64.41935483870968,610.19,2004-12-01
0.4,31.31612903225807,21.664516129032258,26.164516129032258,136.16,3.2706451612903225,67.3225806451613,597.01,2005-01-01
0.0,33.43214285714286,23.307142857142857,27.95,145.71,3.7135714285714285,66.17857142857143,603.91,2005-02-01
10.0,34.435483870967744,24.293548387096774,28.858064516129033,180.21,3.88258064516129,62.38709677419355,719.11,2005-03-01
21.9,35.876666666666665,26.37,30.646666666666665,176.65,3.545666666666667,60.766666666666666,681.38,2005-04-01
178.5,32.935483870967744,25.73548387096774,28.519354838709678,138.8,4.035161290322581,79.03225806451613,610.87,2005-05-01
175.1,31.34333333333333,25.553333333333335,27.740000000000002,122.35,4.835666666666667,82.56666666666666,557.05,2005-06-01
225.7,30.503225806451614,24.69677419354839,26.76774193548387,108.71,4.668064516129032,84.80645161290323,496.27,2005-07-01
187.9,31.44193548387097,24.919354838709676,27.393548387096775,127.85,4.784193548387097,82.19354838709677,578.86,2005-08-01
193.3,30.91,24.703333333333333,26.98,106.62,4.185,84.06666666666666,486.95,2005-09-01
284.9,30.887096774193548,24.14516129032258,26.68064516129032,105.85000000000001,2.667741935483871,85.41935483870968,500.93,2005-10-01
141.9,30.503333333333334,23.64,26.403333333333332,106.92999999999999,3.3243333333333336,81.8,489.77,2005-11-01
77.8,28.574193548387097,22.612903225806452,25.116129032258065,107.57000000000001,4.805483870967742,76.58064516129032,440.53000000000003,2005-12-01
10.5,30.780645161290323,22.748387096774195,26.351612903225806,126.61,3.085806451612903,73.70967741935483,574.22,2006-01-01
6.6,32.63928571428571,23.853571428571428,27.95357142857143,133.3,3.108214285714286,68.10714285714286,574.31,2006-02-01
38.4,33.47741935483871,24.509677419354837,28.506451612903227,154.54,3.3374193548387097,68.90322580645162,644.22,2006-03-01
105.5,33.79333333333333,25.03666666666667,28.71333333333333,146.65,3.0433333333333334,74.06666666666666,645.35,2006-04-01
200.6,31.774193548387096,24.76451612903226,27.53548387096774,129.86,3.4116129032258065,83.2258064516129,608.69,2006-05-01
264.3,30.553333333333335,24.826666666666664,26.96333333333333,108.87,3.801333333333333,86.46666666666667,519.59,2006-06-01
178.4,30.09032258064516,24.94193548387097,26.864516129032257,108.02,5.093870967741935,84.87096774193549,490.39,2006-07-01
251.1,30.44193548387097,24.648387096774194,26.716129032258067,110.43,5.176129032258065,83.80645161290323,489.97,2006-08-01
254.9,30.866666666666667,24.3,26.706666666666667,108.9,3.836,85.33333333333333,512.0,2006-09-01
201.20000000000002,30.574193548387097,24.206451612903226,26.638709677419353,106.97,3.258387096774194,84.7741935483871,502.2,2006-10-01
38.1,31.873333333333335,24.279999999999998,27.64333333333333,121.07,2.7083333333333335,77.43333333333334,553.99,2006-11-01
8.5,32.52903225806452,23.351612903225806,27.651612903225807,145.22,3.7874193548387094,63.096774193548384,577.1,2006-12-01
37.7,31.348387096774193,22.916129032258063,26.719354838709677,129.13,3.5593548387096776,69.61290322580645,551.55,2007-01-01
1.8,32.535714285714285,22.207142857142856,27.142857142857142,142.43,3.4089285714285715,64.89285714285714,603.66,2007-02-01
66.5,33.487096774193546,24.574193548387097,28.40967741935484,151.61,3.4129032258064513,69.90322580645162,619.14,2007-03-01
116.1,34.19666666666667,25.613333333333333,29.376666666666665,152.03,3.088,70.76666666666667,644.91,2007-04-01
188.4,31.093548387096774,25.125806451612902,27.316129032258065,116.26,3.6048387096774195,86.2258064516129,550.25,2007-05-01
242.3,30.96333333333333,25.186666666666667,27.4,113.39,3.323666666666667,86.43333333333334,543.14,2007-06-01
222.8,30.361290322580647,24.654838709677417,26.793548387096774,107.6,4.170322580645161,85.87096774193549,500.08,2007-07-01
201.9,30.358064516129033,24.851612903225806,26.906451612903226,109.02,4.982903225806451,83.41935483870968,478.89,2007-08-01
201.1,31.05,24.676666666666666,27.063333333333333,110.56,4.111666666666666,84.03333333333333,506.66,2007-09-01
317.2,30.448387096774194,23.825806451612905,26.296774193548387,103.54,3.6470967741935483,85.16129032258064,481.47,2007-10-01
102.4,29.323333333333334,22.456666666666667,25.3,109.08,4.111,79.26666666666667,493.67,2007-11-01
15.499999999999998,31.274193548387096,22.896774193548385,26.700000000000003,124.02,3.1583870967741934,71.0,535.99,2007-12-01
14.299999999999999,31.532258064516128,22.91290322580645,26.92258064516129,130.37,3.512258064516129,67.25806451612904,533.69,2008-01-01
7.8999999999999995,32.44137931034483,22.97241379310345,27.441379310344825,138.4,3.472758620689655,63.241379310344826,579.58,2008-02-01
46.5,33.26451612903226,24.164516129032258,28.193548387096776,156.15,3.114516129032258,68.38709677419355,676.07,2008-03-01
126.8,33.596666666666664,25.076666666666664,28.636666666666667,145.93,3.231,74.46666666666667,637.39,2008-04-01
250.2,30.60967741935484,24.725806451612904,26.825806451612905,113.68,4.226774193548387,86.2258064516129,542.1,2008-05-01
193.5,30.740000000000002,24.7,27.0,116.67,4.066,85.06666666666666,552.65,2008-06-01
214.2,30.751612903225805,24.761290322580646,27.048387096774192,122.2,4.3993548387096775,83.45161290322581,563.31,2008-07-01
223.3,31.03548387096774,24.551612903225806,26.903225806451612,117.76,4.224838709677419,84.16129032258064,545.01,2008-08-01
361.3,30.509999999999998,24.476666666666667,26.65666666666667,104.51,4.283333333333333,84.93333333333334,476.5,2008-09-01
288.3,31.183870967741935,24.20967741935484,26.825806451612905,107.56,2.7670967741935484,85.7741935483871,508.5,2008-10-01
204.70000000000002,29.67,23.30666666666667,25.80666666666667,101.7,4.069,81.56666666666666,447.36,2008-11-01
69.8,29.780645161290323,22.096774193548388,25.393548387096775,125.01,4.160645161290322,72.7741935483871,550.42,2008-12-01
11.4,29.37741935483871,20.741935483870968,24.625806451612902,130.42000000000002,3.7938709677419356,69.90322580645162,589.3,2009-01-01
49.9,31.57857142857143,23.017857142857142,26.88214285714286,121.84,3.0339285714285715,75.92857142857143,556.59,2009-02-01
71.8,33.65161290322581,24.651612903225807,28.51290322580645,153.49,3.0893548387096774,72.41935483870968,668.53,2009-03-01
144.7,32.776666666666664,25.459999999999997,28.35,136.01,3.5816666666666666,79.5,604.45,2009-04-01
257.3,30.95483870967742,24.787096774193547,27.009677419354837,113.0,3.2983870967741935,87.0,542.22,2009-05-01
155.2,30.886666666666667,25.05666666666667,27.35666666666667,119.69,4.495666666666667,84.36666666666666,560.3,2009-06-01
175.4,30.72258064516129,24.990322580645163,27.161290322580644,116.01,4.7293548387096775,83.51612903225806,521.6899999999999,2009-07-01
161.6,31.80322580645161,25.27741935483871,27.716129032258067,128.35,4.312258064516129,81.7741935483871,569.96,2009-08-01
250.8,30.05,24.746666666666666,26.64333333333333,90.93,4.649666666666667,85.8,397.34,2009-09-01
181.3,30.561290322580643,24.129032258064516,26.583870967741937,104.21,3.2616129032258065,85.3225806451613,492.01,2009-10-01
30.4,31.163333333333334,24.003333333333334,27.083333333333332,120.35,4.025333333333333,74.16666666666667,494.88,2009-11-01
20.3,31.719354838709677,22.84193548387097,27.032258064516128,125.5,2.790645161290323,70.74193548387096,565.59,2009-12-01
54.699999999999996,30.870967741935484,22.896774193548385,26.596774193548388,124.66,3.2754838709677423,71.58064516129032,537.99,2010-01-01
0.5,33.232142857142854,23.335714285714285,27.95357142857143,142.84,3.7296428571428573,68.67857142857143,594.89,2010-02-01
22.5,35.13225806451613,25.251612903225805,29.809677419354838,174.71,3.6074193548387097,61.903225806451616,689.17,2010-03-01
59.8,35.74333333333333,26.373333333333335,30.373333333333335,169.01,3.3643333333333336,67.03333333333333,689.51,2010-04-01
150.9,33.79677419354839,26.570967741935487,29.429032258064513,147.18,3.474838709677419,78.93548387096774,652.21,2010-05-01
253.2,31.5,25.626666666666665,27.756666666666668,117.0,4.086,86.03333333333333,553.01,2010-06-01
216.3,31.093548387096774,25.029032258064515,27.306451612903224,116.45,4.094838709677419,84.7741935483871,542.08,2010-07-01
231.8,31.39032258064516,24.932258064516127,27.31935483870968,119.12,4.212903225806452,83.93548387096774,545.68,2010-08-01
264.4,31.626666666666665,24.81,27.3,115.56,3.3636666666666666,84.4,541.87,2010-09-01
413.6,30.116129032258065,24.06451612903226,26.25483870967742,93.69,3.739032258064516,86.3225806451613,427.34999999999997,2010-10-01
189.3,29.913333333333334,23.373333333333335,25.983333333333334,100.05,3.590333333333333,82.16666666666667,453.68,2010-11-01
62.800000000000004,29.719354838709677,22.719354838709677,25.848387096774193,112.26,3.07,77.7741935483871,519.67,2010-12-01
17.099999999999998,30.451612903225808,21.93548387096774,25.787096774193547,124.78,2.9967741935483874,70.38709677419355,561.41,2011-01-01
1.2000000000000002,32.128571428571426,23.014285714285712,27.285714285714285,131.99,3.438928571428572,66.71428571428571,565.56,2011-02-01
82.5,32.354838709677416,24.216129032258067,27.56451612903226,137.1,3.788064516129032,70.19354838709677,560.67,2011-03-01
120.3,32.96,24.603333333333335,28.096666666666668,141.47,3.1689999999999996,75.03333333333333,624.52,2011-04-01
202.1,31.561290322580643,25.280645161290323,27.69677419354839,125.99,3.539677419354839,84.19354838709677,590.59,2011-05-01
170.0,30.73,25.176666666666666,27.216666666666665,113.23,4.667333333333334,84.63333333333334,522.84,2011-06-01
184.5,31.219354838709677,25.0,27.358064516129033,124.53999999999999,4.692258064516129,81.70967741935483,555.88,2011-07-01
251.9,31.229032258064517,24.825806451612905,27.251612903225805,121.67,4.164838709677419,83.41935483870968,558.28,2011-08-01
292.8,30.12,24.55666666666667,26.529999999999998,98.71,4.682666666666666,85.66666666666667,448.99,2011-09-01
224.1,31.174193548387095,24.26451612903226,26.88064516129032,114.04,3.111290322580645,84.41935483870968,539.88,2011-10-01
94.5,31.17,24.21333333333333,27.07,116.62,3.4403333333333332,78.5,522.11,2011-11-01
25.8,30.993548387096773,22.845161290322583,26.370967741935484,130.48,4.444516129032258,65.83870967741936,499.66,2011-12-01
83.5,31.480645161290322,23.383870967741935,26.84193548387097,115.28,3.5303225806451612,72.54838709677419,474.25,2012-01-01
77.9,31.26206896551724,23.344827586206897,27.020689655172415,125.13,3.0358620689655176,75.51724137931035,568.87,2012-02-01
67.0,34.42903225806452,24.938709677419357,29.051612903225806,156.88,3.582258064516129,69.0,652.37,2012-03-01
116.1,33.21333333333333,25.083333333333332,28.413333333333334,145.65,3.753333333333333,76.7,640.37,2012-04-01
240.1,31.251612903225805,25.258064516129032,27.4741935483871,121.87,4.538387096774193,84.6774193548387,569.7,2012-05-01
158.4,30.833333333333332,25.176666666666666,27.416666666666668,121.6,5.049333333333333,82.53333333333333,547.56,2012-06-01
177.1,30.812903225806455,24.88064516129032,27.10967741935484,121.33,4.870967741935484,82.96774193548387,547.75,2012-07-01
147.2,31.870967741935484,25.03548387096774,27.638709677419353,133.33,5.208709677419355,79.16129032258064,560.32,2012-08-01
352.2,30.146666666666665,24.253333333333334,26.233333333333334,91.2,4.022,87.43333333333334,424.02,2012-09-01
169.0,30.96451612903226,24.203225806451613,26.948387096774194,110.99,2.57,84.09677419354838,524.24,2012-10-01
138.2,30.803333333333335,24.113333333333333,26.773333333333333,101.92,3.1366666666666663,83.9,476.92,2012-11-01
20.0,31.580645161290324,23.690322580645162,27.393548387096775,122.53999999999999,2.855161290322581,74.80645161290323,547.42,2012-12-01
39.0,30.61935483870968,22.490322580645163,26.177419354838708,120.72,3.2841935483870968,72.54838709677419,531.09,2013-01-01
20.8,33.55714285714286,23.692857142857143,28.37142857142857,139.27,3.9664285714285716,63.142857142857146,557.59,2013-02-01
11.6,35.38387096774194,25.654838709677417,30.08709677419355,171.48,3.3499999999999996,62.064516129032256,683.09,2013-03-01
143.8,33.376666666666665,25.603333333333335,28.61,138.2,3.4410000000000003,79.0,607.89,2013-04-01
215.0,32.041935483870965,25.654838709677417,28.080645161290324,130.91,3.6861290322580644,83.90322580645162,612.72,2013-05-01
234.9,30.493333333333332,25.166666666666668,27.163333333333334,106.78,4.046,86.63333333333334,504.81,2013-06-01
271.6,30.177419354838708,24.516129032258064,26.570967741935487,105.57000000000001,4.22,85.54838709677419,487.09,2013-07-01
188.3,30.86774193548387,24.77741935483871,26.993548387096773,120.2,4.742580645161291,82.93548387096774,541.32,2013-08-01
239.6,30.573333333333334,24.673333333333336,26.796666666666667,101.1,4.105,84.73333333333333,457.23,2013-09-01
256.3,30.56451612903226,23.906451612903226,26.438709677419357,107.09,2.994193548387097,85.70967741935483,509.57,2013-10-01
133.0,30.55,23.503333333333334,26.506666666666668,105.24,3.3486666666666665,81.66666666666667,482.92,2013-11-01
21.299999999999997,29.74516129032258,21.638709677419353,25.17096774193548,129.78,4.043548387096774,68.09677419354838,552.4,2013-12-01
1.8,30.26451612903226,20.751612903225805,25.296774193548387,137.8,3.2996774193548384,62.54838709677419,598.61,2014-01-01
0.7999999999999999,31.82857142857143,21.72142857142857,26.603571428571428,133.46,3.608214285714286,67.10714285714286,570.9,2014-02-01
7.6,35.03225806451613,24.548387096774192,29.309677419354838,179.53,3.858709677419355,60.74193548387097,695.36,2014-03-01
112.6,33.553333333333335,25.336666666666666,28.763333333333332,142.79,2.6926666666666668,76.1,636.14,2014-04-01
89.5,34.15806451612904,26.05483870967742,29.258064516129032,151.96,3.7358064516129033,77.51612903225806,667.87,2014-05-01
233.6,31.14,25.706666666666667,27.69,108.69,4.647666666666667,84.6,493.95,2014-06-01
259.9,30.51290322580645,25.061290322580643,27.10967741935484,107.69,4.854516129032258,84.06451612903226,481.98,2014-07-01
235.8,31.190322580645162,24.774193548387096,27.219354838709677,123.64,4.2706451612903225,83.06451612903226,563.9,2014-08-01
225.0,30.973333333333336,24.566666666666666,26.98,112.5,4.136666666666667,83.8,518.51,2014-09-01
278.5,30.893548387096775,24.14516129032258,26.700000000000003,107.83,2.6490322580645165,85.38709677419355,512.4,2014-10-01
85.4,31.103333333333335,24.14333333333333,27.153333333333332,111.08,3.0073333333333334,81.3,510.3,2014-11-01
56.1,30.016129032258064,23.306451612903224,26.138709677419353,118.50999999999999,4.038387096774193,74.16129032258064,492.26,2014-12-01
6.8,30.87741935483871,21.429032258064513,25.9,131.52,3.124516129032258,67.41935483870968,587.4,2015-01-01
4.6,31.95357142857143,21.63214285714286,26.535714285714285,133.49,3.4603571428571427,65.35714285714286,566.75,2015-02-01
0.1,34.96774193548387,24.661290322580644,29.45483870967742,182.56,4.051290322580646,59.774193548387096,693.99,2015-03-01
70.7,34.95,25.823333333333334,29.776666666666664,162.34,3.1546666666666665,67.23333333333333,670.25,2015-04-01
85.7,34.36129032258064,26.52258064516129,29.706451612903226,162.17,3.9577419354838708,72.64516129032258,678.67,2015-05-01
168.9,32.13666666666667,25.673333333333336,28.25,121.67999999999999,4.197666666666667,79.86666666666666,531.11,2015-06-01
140.7,32.00645161290323,25.648387096774194,28.083870967741937,132.68,4.864516129032259,79.09677419354838,561.24,2015-07-01
255.9,31.73548387096774,25.216129032258067,27.69677419354839,128.74,4.499677419354839,80.7741935483871,567.83,2015-08-01
259.0,31.086666666666666,24.83,27.166666666666668,110.63,4.1770000000000005,84.5,506.62,2015-09-01
217.2,31.248387096774195,24.567741935483873,27.138709677419353,111.42999999999999,2.9167741935483873,84.6774193548387,523.73,2015-10-01
133.7,31.459999999999997,24.456666666666667,27.220000000000002,110.7,2.9916666666666667,82.86666666666666,518.53,2015-11-01
24.3,31.348387096774193,23.77741935483871,27.096774193548388,119.75,3.2735483870967745,76.7741935483871,536.32,2015-12-01
1.1,32.354838709677416,23.700000000000003,27.84193548387097,138.88,3.4696774193548388,68.51612903225806,577.38,2016-01-01
0.1,33.12413793103448,23.2448275862069,27.910344827586208,155.01,4.037931034482758,61.03448275862069,630.39,2016-02-01
0.1,34.725806451612904,24.816129032258065,29.458064516129035,174.7,3.746451612903226,61.25806451612903,693.95,2016-03-01
3.9,36.65333333333333,26.7,31.21333333333333,185.4,3.566666666666667,60.53333333333333,710.65,2016-04-01
143.2,34.40967741935484,26.858064516129033,29.82903225806452,141.22,3.813548387096774,74.45161290322581,596.22,2016-05-01
216.1,31.259999999999998,25.476666666666667,27.6,112.41,3.9896666666666665,84.73333333333333,518.33,2016-06-01
235.0,31.11935483870968,25.01290322580645,27.358064516129033,118.25,3.8648387096774193,84.51612903225806,551.91,2016-07-01
142.3,31.14516129032258,25.593548387096774,27.703225806451613,121.11,5.062903225806451,81.7741935483871,523.09,2016-08-01
261.8,30.933333333333334,24.84333333333333,26.993333333333332,103.14,4.11,84.83333333333333,467.87,2016-09-01
349.2,29.970967741935485,24.403225806451612,26.287096774193547,83.27,3.3303225806451615,89.2258064516129,393.11,2016-10-01
215.9,30.716666666666665,24.21333333333333,26.776666666666664,98.77,3.060666666666667,84.76666666666667,460.87,2016-11-01
159.9,29.325806451612905,23.54516129032258,25.812903225806455,97.92999999999999,3.968709677419355,81.48387096774194,432.1,2016-12-01
54.1,30.309677419354838,23.59032258064516,26.46451612903226,120.58,3.68,76.87096774193549,549.4,2017-01-01
43.2,31.47142857142857,23.285714285714285,26.939285714285713,126.78,3.6692857142857145,72.35714285714286,561.35,2017-02-01
60.300000000000004,32.65161290322581,24.283870967741933,28.01290322580645,149.07999999999998,3.7612903225806456,72.16129032258064,645.75,2017-03-01
186.0,32.35333333333333,25.040000000000003,28.123333333333335,138.3,3.841666666666667,79.73333333333333,633.17,2017-04-01
303.3,31.212903225806453,25.55806451612903,27.741935483870968,116.92,3.7016129032258065,85.90322580645162,561.18,2017-05-01
226.3,30.65,25.3,27.506666666666668,111.73,4.245666666666667,85.13333333333334,530.94,2017-06-01
231.79999999999998,30.361290322580647,25.203225806451613,27.183870967741935,104.94,5.019032258064517,84.45161290322581,468.2,2017-07-01
289.7,30.567741935483873,24.96451612903226,27.177419354838708,108.86,4.529354838709677,84.64516129032258,499.25,2017-08-01
284.5,31.246666666666666,24.936666666666667,27.37,106.91,3.8946666666666667,84.7,498.07,2017-09-01
331.6,30.387096774193548,24.506451612903227,26.82903225806452,102.89,3.7770967741935486,84.09677419354838,468.78,2017-10-01
148.0,30.353333333333335,24.176666666666666,26.746666666666666,102.64,4.1946666666666665,82.06666666666666,453.47,2017-11-01
89.3,29.729032258064517,22.774193548387096,25.86774193548387,123.67999999999999,4.482903225806451,72.87096774193549,497.26,2017-12-01
70.2,29.86774193548387,23.29032258064516,26.125806451612902,106.7,3.3067741935483874,79.3225806451613,485.89,2018-01-01
10.2,30.803571428571427,22.192857142857143,26.125,123.72,3.7842857142857143,72.67857142857143,554.82,2018-02-01
27.700000000000003,32.803225806451614,24.338709677419356,28.200000000000003,148.29,3.5903225806451613,70.29032258064517,631.42,2018-03-01
35.5,34.17333333333333,25.60666666666667,29.366666666666667,148.3,3.819,67.73333333333333,593.91,2018-04-01
146.5,31.970967741935485,25.47741935483871,28.19677419354839,128.96,3.2477419354838712,81.7741935483871,601.8,2018-05-01
200.1,30.43,25.15666666666667,27.253333333333334,102.16,4.4093333333333335,85.76666666666667,472.86,2018-06-01
174.9,30.22258064516129,25.34193548387097,27.283870967741933,112.83,5.6006451612903225,83.64516129032258,500.28000000000003,2018-07-01
200.9,30.4,25.032258064516128,27.151612903225807,112.69,5.583225806451614,83.35483870967742,497.54,2018-08-01
272.5,30.723333333333336,24.490000000000002,26.94,105.6,4.094333333333333,85.46666666666667,493.82,2018-09-01
267.3,31.135483870967743,24.306451612903224,27.22258064516129,118.3,3.2912903225806454,82.58064516129032,551.68,2018-10-01
106.2,31.07,24.203333333333333,27.28666666666667,115.29,3.75,79.33333333333333,518.3,2018-11-01
84.1,31.193548387096776,24.393548387096775,27.35483870967742,115.14,3.450322580645161,78.64516129032258,509.82,2018-12-01
22.9,31.33225806451613,23.048387096774192,26.796774193548387,130.77,4.11258064516129,70.35483870967742,549.66,2019-01-01
2.5,33.93571428571429,23.52857142857143,28.417857142857144,149.36,4.660714285714286,62.785714285714285,560.34,2019-02-01
25.6,34.66129032258065,24.47741935483871,29.216129032258067,170.15,4.178064516129033,65.0,674.56,2019-03-01
74.9,34.21333333333334,25.94333333333333,29.573333333333334,149.23,3.6046666666666667,72.5,635.18,2019-04-01
139.4,33.00645161290323,26.203225806451613,28.970967741935485,140.14000000000001,4.651935483870968,79.90322580645162,612.42,2019-05-01
169.1,31.11,25.783333333333335,27.85,103.75,4.233,84.63333333333334,467.08,2019-06-01
163.7,31.641935483870967,25.461290322580645,27.967741935483872,123.06,5.000322580645161,81.06451612903226,527.09,2019-07-01
232.9,30.83225806451613,25.27741935483871,27.40967741935484,113.05,5.873225806451613,83.12903225806451,486.59,2019-08-01
292.1,30.459999999999997,24.766666666666666,26.996666666666666,101.32000000000001,4.4623333333333335,84.83333333333333,456.29,2019-09-01
241.4,31.161290322580644,24.38064516129032,27.177419354838708,118.77,3.0948387096774193,84.09677419354838,561.45,2019-10-01
103.39999999999999,30.663333333333334,23.67,26.803333333333335,113.47,3.2256666666666667,79.83333333333333,526.09,2019-11-01
3.4000000000000004,30.461290322580645,22.309677419354838,26.161290322580644,133.51,3.7561290322580643,71.0,592.98,2019-12-01
4.1,31.164516129032258,22.683870967741935,26.741935483870968,132.4,3.6190322580645162,72.96774193548387,596.77,2020-01-01
3.8,32.57586206896552,22.620689655172413,27.393103448275863,149.78,4.201379310344827,64.96551724137932,622.8,2020-02-01
4.9,34.8258064516129,24.838709677419356,29.583870967741937,175.04,4.340645161290323,63.74193548387097,662.15,2020-03-01
265.6,33.21333333333333,25.446666666666665,28.93,143.59,3.5506666666666664,75.3,613.33,2020-04-01
139.0,33.2,26.335483870967742,29.393548387096775,145.91,3.5061290322580643,78.87096774193549,650.66,2020-05-01
270.0,30.78666666666667,25.33,27.506666666666668,105.39,3.744666666666667,86.7,500.35,2020-06-01
265.90000000000003,31.287096774193547,24.94516129032258,27.438709677419357,117.75,3.7183870967741934,85.58064516129032,557.4,2020-07-01
235.1,31.38064516129032,25.274193548387096,27.809677419354838,119.09,4.613548387096775,83.16129032258064,529.11,2020-08-01
357.4,31.18,24.970000000000002,27.403333333333332,105.21,3.9733333333333336,85.16666666666667,485.89,2020-09-01
333.8,29.73225806451613,24.45483870967742,26.48709677419355,87.44,3.698387096774194,87.25806451612904,408.98,2020-10-01
110.0,30.783333333333335,24.063333333333333,27.026666666666664,116.33,3.7123333333333335,78.9,520.0699999999999,2020-11-01
56.5,30.53548387096774,23.54516129032258,26.62258064516129,126.57,4.454516129032259,71.51612903225806,505.29,2020-12-01
12.1,30.606451612903225,21.809677419354838,25.86774193548387,136.85999999999999,3.854516129032258,66.96774193548387,583.23,2021-01-01
22.0,31.00714285714286,22.135714285714283,26.314285714285713,123.62,3.6371428571428575,72.42857142857143,554.99,2021-02-01
15.4,34.167741935483875,24.216129032258067,28.94193548387097,169.7,4.250322580645161,65.19354838709677,678.69,2021-03-01
173.7,32.693333333333335,24.996666666666666,28.346666666666668,134.02,3.875,77.66666666666667,576.66,2021-04-01
191.9,32.10322580645161,25.683870967741935,28.35483870967742,126.46000000000001,3.4951612903225806,82.58064516129032,575.3,2021-05-01
121.8,32.18333333333333,25.746666666666666,28.346666666666668,129.4,4.907,80.33333333333333,561.9300000000001,2021-06-01
215.1,31.43548387096774,25.519354838709678,27.896774193548385,118.34,5.061290322580645,80.96774193548387,494.72,2021-07-01
347.4,31.467741935483872,25.164516129032258,27.729032258064517,122.9,4.486774193548388,81.70967741935483,533.31,2021-08-01
288.9,30.676666666666666,24.783333333333335,26.98,100.03,4.2316666666666665,85.4,458.02,2021-09-01
365.4,30.751612903225805,24.551612903225806,26.91290322580645,103.33,3.9780645161290322,85.25806451612904,475.8,2021-10-01
293.0,30.503333333333334,23.84,26.476666666666667,100.81,3.9313333333333333,84.5,464.84,2021-11-01
60.0,30.10967741935484,22.4,25.858064516129033,129.36,4.2380645161290325,73.80645161290323,568.84,2021-12-01
10.5,32.035483870967745,22.74516129032258,27.080645161290324,137.16,3.5393548387096776,70.93548387096774,612.09,2022-01-01
11.7,33.785714285714285,23.87857142857143,28.307142857142857,142.67,4.258928571428571,66.25,564.53,2022-02-01
111.6,33.60645161290322,24.48709677419355,28.419354838709676,150.64,3.807741935483871,72.83870967741936,642.11,2022-03-01
247.7,32.13333333333333,24.226666666666667,27.529999999999998,134.13,3.98,80.8,616.2,2022-04-01
269.5,30.848387096774193,25.003225806451614,27.26451612903226,111.03999999999999,4.370645161290323,86.12903225806451,523.84,2022-05-01
243.9,31.553333333333335,24.896666666666665,27.540000000000003,127.7,4.006333333333333,85.2,614.83,2022-06-01
353.9,30.712903225806453,24.780645161290323,27.07741935483871,113.16,4.563225806451613,85.2258064516129,527.7,2022-07-01
264.2,31.18064516129032,24.551612903225806,27.15806451612903,119.06,4.8106451612903225,83.45161290322581,547.47,2022-08-01
293.4,30.970000000000002,24.483333333333334,26.790000000000003,106.26,4.820333333333334,85.3,499.08,2022-09-01
381.9,30.516129032258064,23.780645161290323,26.425806451612903,107.35,3.532258064516129,84.2258064516129,502.37,2022-10-01
210.3,30.71333333333333,23.723333333333336,26.506666666666668,102.43,3.6503333333333337,84.73333333333333,484.32,2022-11-01
36.4,30.44516129032258,22.26774193548387,25.919354838709676,135.35,4.288387096774193,71.41935483870968,581.83,2022-12-01
127.7,29.116129032258065,22.22258064516129,25.287096774193547,117.56,4.122258064516129,74.48387096774194,497.3,2023-01-01
17.0,31.960714285714285,22.739285714285717,27.089285714285715,131.36,3.815,70.21428571428571,563.68,2023-02-01
2.1,33.903225806451616,23.125806451612902,28.27741935483871,170.14,3.924193548387097,64.29032258064517,708.56,2023-03-01
86.8,34.79333333333333,25.35666666666667,29.52,154.42,4.05,71.8,644.34,2023-04-01
184.3,33.07419354838709,26.093548387096774,29.016129032258064,140.12,4.28483870967742,78.6774193548387,609.73,2023-05-01
256.1,31.40666666666667,25.626666666666665,27.85666666666667,117.6,4.395,84.0,543.33,2023-06-01
328.7,30.912903225806453,25.09032258064516,27.309677419354838,113.99000000000001,4.930967741935484,84.70967741935483,516.53,2023-07-01
254.8,31.838709677419356,25.616129032258065,28.096774193548388,131.06,4.961290322580646,80.96774193548387,576.39,2023-08-01
435.1,30.743333333333332,24.91,26.990000000000002,98.75,4.602333333333333,86.23333333333333,454.21,2023-09-01
412.2,31.538709677419355,24.287096774193547,26.996774193548386,111.33,3.500322580645161,86.83870967741936,533.01,2023-10-01
168.1,31.226666666666667,23.89333333333333,26.816666666666666,116.59,3.8033333333333332,81.26666666666667,529.46,2023-11-01
46.1,31.503225806451614,23.76451612903226,27.280645161290323,128.1,3.902258064516129,75.19354838709677,538.0,2023-12-01
4.3,31.654838709677417,23.083870967741937,27.17096774193548,132.07,3.0780645161290323,73.25806451612904,597.13,2024-01-01
3.1,33.19655172413793,23.45862068965517,28.193103448275863,144.2,3.9520689655172414,68.3103448275862,595.03,2024-02-01
4.0,35.25483870967742,24.729032258064517,29.741935483870968,175.86,4.31741935483871,64.16129032258064,681.03,2024-03-01
5.2,37.11333333333334,26.586666666666666,31.576666666666664,185.52,4.166,61.46666666666667,708.4,2024-04-01
209.8,33.73870967741936,26.56451612903226,29.338709677419356,135.68,4.20483870967742,80.48387096774194,601.19,2024-05-01
291.7,31.459999999999997,25.779999999999998,28.02333333333333,116.04,3.9316666666666666,83.9,532.13,2024-06-01
352.5,30.641935483870967,25.08709677419355,27.148387096774194,105.53999999999999,4.968387096774194,85.83870967741936,485.12,2024-07-01
243.0,31.996774193548386,25.238709677419354,27.870967741935484,128.91,4.361612903225807,83.0,594.94,2024-08-01
355.5,31.19,25.073333333333334,27.3,105.85,4.761333333333334,85.13333333333334,480.28000000000003,2024-09-01
462.0,31.083870967741937,24.406451612903226,26.84193548387097,106.91,3.5880645161290325,86.48387096774194,505.75,2024-10-01
126.6,31.626666666666665,24.06,27.276666666666664,123.71,3.530666666666667,80.23333333333333,562.18,2024-11-01
94.6,29.729032258064517,23.206451612903226,25.996774193548386,111.22,4.438064516129033,78.06451612903226,486.24,2024-12-01
7.3999999999999995,29.032258064516128,21.23225806451613,24.825806451612905,129.25,3.749032258064516,75.48387096774194,613.23,2025-01-01
70.5,30.678571428571427,22.553571428571427,26.103571428571428,120.38,3.715,80.0,575.44,2025-02-01
10.8,32.89354838709678,24.01290322580645,28.135483870967743,155.76,3.9193548387096775,72.74193548387096,680.84,2025-03-01
117.5,33.38333333333333,24.85,28.563333333333333,150.81,3.683,76.53333333333333,671.96,2025-04-01
368.5,31.787096774193547,25.283870967741933,27.706451612903226,128.94,3.604516129032258,86.41935483870968,614.52,2025-05-01
306.8,30.240000000000002,25.25,27.136666666666667,101.64,4.448666666666667,88.1,490.2,2025-06-01
200.7,31.019354838709678,25.567741935483873,27.719354838709677,125.53,5.507096774193548,83.25806451612904,565.33,2025-07-01
263.5,31.906451612903226,25.016129032258064,27.693548387096776,128.28,5.045483870967741,81.87096774193549,578.63,2025-08-01
385.0,30.81,24.736666666666668,26.959999999999997,102.61,4.363666666666666,86.13333333333334,480.11,2025-09-01
376.8,31.106451612903225,24.403225806451612,26.91290322580645,113.65,3.818064516129032,86.3225806451613,544.98,2025-10-01
216.8,29.83,23.509999999999998,26.09,109.42,4.683333333333334,80.83333333333333,484.44,2025-11-01
74.89999999999999,30.62258064516129,23.041935483870965,26.416129032258063,124.05,3.7683870967741933,76.3225806451613,568.31,2025-12-01
1.2,29.793548387096774,21.06451612903226,25.05806451612903,131.1,3.431935483870968,73.16129032258064,618.08,2026-01-01
56.5,30.99285714285714,22.842857142857145,26.585714285714285,122.98,3.3225000000000002,76.89285714285714,566.3,2026-02-01
32.1,32.52258064516129,23.36774193548387,27.54516129032258,157.24,3.843225806451613,73.64516129032258,690.52,2026-03-01
11.6,34.88333333333333,24.970000000000002,29.746666666666666,178.24,3.6383333333333336,65.56666666666666,730.66,2026-04-01
124.1,33.696774193548386,26.212903225806453,29.27741935483871,144.93,4.071290322580645,76.7741935483871,628.43,2026-05-01
134.0,33.31666666666667,26.136666666666667,28.813333333333333,135.46,4.626,79.46666666666667,601.93,2026-06-01
233.5,31.212903225806453,25.39032258064516,27.719354838709677,126.56,4.788709677419354,82.6774193548387,570.99,2026-07-01
111.3,32.05161290322581,25.88064516129032,28.529032258064515,145.92,6.0445161290322575,76.96774193548387,598.31,2026-08-01
