Country Code,Station Code,Parameter,Label,Timestamp (UTC+07:00),Value,Unit,Observed or Estimated,Approval Level,Grade
VN,019805,Conductivity,Water Quality,1985-06-26T00:00+07:00,12.2,mS/m,O,Raw - Not Yet Reviewed,Unverified data
VN,019805,Conductivity,Water Quality,1985-07-16T00:00+07:00,12.2,mS/m,O,Raw - Not Yet Reviewed,Unverified data
VN,019805,Conductivity,Water Quality,1985-08-15T00:00+07:00,16.1,mS/m,O,Raw - Not Yet Reviewed,Unverified data
VN,019805,Conductivity,Water Quality,1985-09-19T00:00+07:00,12.1,mS/m,O,Raw - Not Yet Reviewed,Unverified data
VN,019805,Conductivity,Water Quality,1985-10-15T00:00+07:00,15.3,mS/m,O,Raw - Not Yet Reviewed,Unverified data
VN,019805,Conductivity,Water Quality,1985-11-15T00:00+07:00,13.4,mS/m,O,Raw - Not Yet Reviewed,Unverified data
VN,019805,Conductivity,Water Quality,1985-12-17T00:00+07:00,13.9,mS/m,O,Raw - Not Yet Reviewed,Unverified data
VN,019805,Conductivity,Water Quality,1986-01-15T00:00+07:00,8.2,mS/m,O,Raw - Not Yet Reviewed,Unverified data
VN,019805,Conductivity,Water Quality,1986-02-15T00:00+07:00,8.9,mS/m,O,Raw - Not Yet Reviewed,Unverified data
VN,019805,Conductivity,Water Quality,1986-03-14T00:00+07:00,17.0,mS/m,O,Raw - Not Yet Reviewed,Unverified data
VN,019805,Conductivity,Water Quality,1986-04-14T00:00+07:00,24.1,mS/m,O,Raw - Not Yet Reviewed,Unverified data
VN,019805,Conductivity,Water Quality,1986-05-15T00:00+07:00,24.6,mS/m,O,Raw - Not Yet Reviewed,Unverified data
VN,019805,Conductivity,Water Quality,1986-06-15T00:00+07:00,16.6,mS/m,O,Raw - Not Yet Reviewed,Unverified data
VN,019805,Conductivity,Water Quality,1986-07-15T00:00+07:00,11.4,mS/m,O,Raw - Not Yet Reviewed,Unverified data
VN,019805,Conductivity,Water Quality,1986-08-14T00:00+07:00,14.7,mS/m,O,Raw - Not Yet Reviewed,Unverified data
VN,019805,Conductivity,Water Quality,1986-09-14T00:00+07:00,10.5,mS/m,O,Raw - Not Yet Reviewed,Unverified data
VN,019805,Conductivity,Water Quality,1986-10-14T00:00+07:00,13.0,mS/m,O,Raw - Not Yet Reviewed,Unverified data
VN,019805,Conductivity,Water Quality,1986-11-14T00:00+07:00,14.0,mS/m,O,Raw - Not Yet Reviewed,Unverified data
VN,019805,Conductivity,Water Quality,1986-12-14T00:00+07:00,15.1,mS/m,O,Raw - Not Yet Reviewed,Unverified data
VN,019805,Conductivity,Water Quality,1987-01-15T00:00+07:00,13.6,mS/m,O,Raw - Not Yet Reviewed,Unverified data
VN,019805,Conductivity,Water Quality,1987-02-15T00:00+07:00,20.2,mS/m,O,Raw - Not Yet Reviewed,Unverified data
VN,019805,Conductivity,Water Quality,1987-03-15T00:00+07:00,19.1,mS/m,O,Raw - Not Yet Reviewed,Unverified data
VN,019805,Conductivity,Water Quality,1987-04-15T00:00+07:00,353.0,mS/m,O,Raw - Not Yet Reviewed,Unverified data
VN,019805,Conductivity,Water Quality,1987-05-15T00:00+07:00,480.0,mS/m,O,Raw - Not Yet Reviewed,Unverified data
VN,019805,Conductivity,Water Quality,1987-06-15T00:00+07:00,79.7,mS/m,O,Raw - Not Yet Reviewed,Unverified data
VN,019805,Conductivity,Water Quality,1987-07-15T00:00+07:00,15.8,mS/m,O,Raw - Not Yet Reviewed,Unverified data
VN,019805,Conductivity,Water Quality,1987-08-14T00:00+07:00,15.9,mS/m,O,Raw - Not Yet Reviewed,Unverified data
VN,019805,Conductivity,Water Quality,1987-09-15T00:00+07:00,13.3,mS/m,O,Raw - Not Yet Reviewed,Unverified data
VN,019805,Conductivity,Water Quality,1987-10-15T00:00+07:00,15.1,mS/m,O,Raw - Not Yet Reviewed,Unverified data
VN,019805,Conductivity,Water Quality,1987-11-15T00:00+07:00,55.8,mS/m,O,Raw - Not Yet Reviewed,Unverified data
VN,019805,Conductivity,Water Quality,1987-12-15T00:00+07:00,18.0,mS/m,O,Raw - Not Yet Reviewed,Unverified data
VN,019805,Conductivity,Water Quality,1988-01-15T00:00+07:00,16.5,mS/m,O,Raw - Not Yet Reviewed,Unverified data
VN,019805,Conductivity,Water Quality,1988-02-15T00:00+07:00,17.0,mS/m,O,Raw - Not Yet Reviewed,Unverified data
VN,019805,Conductivity,Water Quality,1988-03-15T00:00+07:00,19.1,mS/m,O,Raw - Not Yet Reviewed,Unverified data
VN,019805,Conductivity,Water Quality,1988-04-15T00:00+07:00,797.0,mS/m,O,Raw - Not Yet Reviewed,Unverified data
VN,019805,Conductivity,Water Quality,1988-05-15T00:00+07:00,45.3,mS/m,O,Raw - Not Yet Reviewed,Unverified data
VN,019805,Conductivity,Water Quality,1988-06-15T00:00+07:00,34.9,mS/m,O,Raw - Not Yet Reviewed,Unverified data
VN,019805,Conductivity,Water Quality,1988-07-15T00:00+07:00,19.3,mS/m,O,Raw - Not Yet Reviewed,Unverified data
VN,019805,Conductivity,Water Quality,1988-08-15T00:00+07:00,12.2,mS/m,O,Raw - Not Yet Reviewed,Unverified data
VN,019805,Conductivity,Water Quality,1988-09-15T00:00+07:00,15.4,mS/m,O,Raw - Not Yet Reviewed,Unverified data
VN,019805,Conductivity,Water Quality,1988-10-15T00:00+07:00,13.2,mS/m,O,Raw - Not Yet Reviewed,Unverified data
VN,019805,Conductivity,Water Quality,1988-11-15T00:00+07:00,12.6,mS/m,O,Raw - Not Yet Reviewed,Unverified data
VN,019805,Conductivity,Water Quality,1988-12-15T00:00+07:00,13.8,mS/m,O,Raw - Not Yet Reviewed,Unverified data
VN,019805,Conductivity,Water Quality,1989-01-14T00:00+07:00,14.5,mS/m,O,Raw - Not Yet Reviewed,Unverified data
VN,019805,Conductivity,Water Quality,1989-02-15T00:00+07:00,15.2,mS/m,O,Raw - Not Yet Reviewed,Unverified data
VN,019805,Conductivity,Water Quality,1989-03-15T00:00+07:00,48.7,mS/m,O,Raw - Not Yet Reviewed,Unverified data
VN,019805,Conductivity,Water Quality,1989-04-14T00:00+07:00,38.0,mS/m,O,Raw - Not Yet Reviewed,Unverified data
VN,019805,Conductivity,Water Quality,1989-05-15T00:00+07:00,32.7,mS/m,O,Raw - Not Yet Reviewed,Unverified data
VN,019805,Conductivity,Water Quality,1989-06-15T00:00+07:00,19.0,mS/m,O,Raw - Not Yet Reviewed,Unverified data
VN,019805,Conductivity,Water Quality,1989-07-14T00:00+07:00,26.9,mS/m,O,Raw - Not Yet Reviewed,Unverified data
VN,019805,Conductivity,Water Quality,1989-08-15T00:00+07:00,12.1,mS/m,O,Raw - Not Yet Reviewed,Unverified data
VN,019805,Conductivity,Water Quality,1989-09-15T00:00+07:00,16.7,mS/m,O,Raw - Not Yet Reviewed,Unverified data
VN,019805,Conductivity,Water Quality,1989-10-14T00:00+07:00,14.7,mS/m,O,Raw - Not Yet Reviewed,Unverified data
VN,019805,Conductivity,Water Quality,1989-11-15T00:00+07:00,15.5,mS/m,O,Raw - Not Yet Reviewed,Unverified data
VN,019805,Conductivity,Water Quality,1989-12-15T00:00+07:00,15.1,mS/m,O,Raw - Not Yet Reviewed,Unverified data
VN,019805,Conductivity,Water Quality,1990-01-14T00:00+07:00,15.5,mS/m,O,Raw - Not Yet Reviewed,Unverified data
VN,019805,Conductivity,Water Quality,1990-02-14T00:00+07:00,16.6,mS/m,O,Raw - Not Yet Reviewed,Unverified data
VN,019805,Conductivity,Water Quality,1990-03-15T00:00+07:00,152.2,mS/m,O,Raw - Not Yet Reviewed,Unverified data
VN,019805,Conductivity,Water Quality,1990-04-14T00:00+07:00,47.5,mS/m,O,Raw - Not Yet Reviewed,Unverified data
VN,019805,Conductivity,Water Quality,1990-05-14T00:00+07:00,221.0,mS/m,O,Raw - Not Yet Reviewed,Unverified data
VN,019805,Conductivity,Water Quality,1990-06-14T00:00+07:00,22.6,mS/m,O,Raw - Not Yet Reviewed,Unverified data
VN,019805,Conductivity,Water Quality,1990-07-14T00:00+07:00,13.8,mS/m,O,Raw - Not Yet Reviewed,Unverified data
VN,019805,Conductivity,Water Quality,1990-08-14T00:00+07:00,15.5,mS/m,O,Raw - Not Yet Reviewed,Unverified data
VN,019805,Conductivity,Water Quality,1990-09-14T00:00+07:00,12.7,mS/m,O,Raw - Not Yet Reviewed,Unverified data
VN,019805,Conductivity,Water Quality,1990-10-14T00:00+07:00,16.9,mS/m,O,Raw - Not Yet Reviewed,Unverified data
VN,019805,Conductivity,Water Quality,1990-11-14T00:00+07:00,15.7,mS/m,O,Raw - Not Yet Reviewed,Unverified data
VN,019805,Conductivity,Water Quality,1990-12-15T00:00+07:00,17.9,mS/m,O,Raw - Not Yet Reviewed,Unverified data
VN,019805,Conductivity,Water Quality,1991-01-15T00:00+07:00,15.7,mS/m,O,Raw - Not Yet Reviewed,Unverified data
VN,019805,Conductivity,Water Quality,1991-02-09T00:00+07:00,25.7,mS/m,O,Raw - Not Yet Reviewed,Unverified data
VN,019805,Conductivity,Water Quality,1991-03-15T00:00+07:00,50.8,mS/m,O,Raw - Not Yet Reviewed,Unverified data
VN,019805,Conductivity,Water Quality,1991-04-15T00:00+07:00,211.0,mS/m,O,Raw - Not Yet Reviewed,Unverified data
VN,019805,Conductivity,Water Quality,1991-05-15T00:00+07:00,96.6,mS/m,O,Raw - Not Yet Reviewed,Unverified data
VN,019805,Conductivity,Water Quality,1991-06-15T00:00+07:00,41.1,mS/m,O,Raw - Not Yet Reviewed,Unverified data
VN,019805,Conductivity,Water Quality,1991-07-15T00:00+07:00,24.9,mS/m,O,Raw - Not Yet Reviewed,Unverified data
VN,019805,Conductivity,Water Quality,1991-08-15T00:00+07:00,13.2,mS/m,O,Raw - Not Yet Reviewed,Unverified data
VN,019805,Conductivity,Water Quality,1991-09-15T00:00+07:00,31.3,mS/m,O,Raw - Not Yet Reviewed,Unverified data
VN,019805,Conductivity,Water Quality,1991-10-15T00:00+07:00,19.2,mS/m,O,Raw - Not Yet Reviewed,Unverified data
VN,019805,Conductivity,Water Quality,1991-11-15T00:00+07:00,16.8,mS/m,O,Raw - Not Yet Reviewed,Unverified data
VN,019805,Conductivity,Water Quality,1991-12-15T00:00+07:00,15.2,mS/m,O,Raw - Not Yet Reviewed,Unverified data
VN,019805,Conductivity,Water Quality,1992-01-15T00:00+07:00,17.5,mS/m,O,Raw - Not Yet Reviewed,Unverified data
VN,019805,Conductivity,Water Quality,1992-02-15T00:00+07:00,42.6,mS/m,O,Raw - Not Yet Reviewed,Unverified data
VN,019805,Conductivity,Water Quality,1992-03-15T00:00+07:00,24.1,mS/m,O,Raw - Not Yet Reviewed,Unverified data
VN,019805,Conductivity,Water Quality,1992-04-15T00:00+07:00,42.4,mS/m,O,Raw - Not Yet Reviewed,Unverified data
VN,019805,Conductivity,Water Quality,1992-05-15T00:00+07:00,259.0,mS/m,O,Raw - Not Yet Reviewed,Unverified data
VN,019805,Conductivity,Water Quality,1992-06-14T00:00+07:00,70.5,mS/m,O,Raw - Not Yet Reviewed,Unverified data
VN,019805,Conductivity,Water Quality,1992-07-14T00:00+07:00,25.8,mS/m,O,Raw - Not Yet Reviewed,Unverified data
VN,019805,Conductivity,Water Quality,1992-08-15T00:00+07:00,23.1,mS/m,O,Raw - Not Yet Reviewed,Unverified data
VN,019805,Conductivity,Water Quality,1992-09-15T00:00+07:00,11.0,mS/m,O,Raw - Not Yet Reviewed,Unverified data
VN,019805,Conductivity,Water Quality,1992-10-15T00:00+07:00,12.7,mS/m,O,Raw - Not Yet Reviewed,Unverified data
VN,019805,Conductivity,Water Quality,1992-11-14T00:00+07:00,13.2,mS/m,O,Raw - Not Yet Reviewed,Unverified data
VN,019805,Conductivity,Water Quality,1992-12-14T00:00+07:00,14.8,mS/m,O,Raw - Not Yet Reviewed,Unverified data
VN,019805,Conductivity,Water Quality,1993-01-15T00:00+07:00,15.5,mS/m,O,Raw - Not Yet Reviewed,Unverified data
VN,019805,Conductivity,Water Quality,1993-02-15T00:00+07:00,18.1,mS/m,O,Raw - Not Yet Reviewed,Unverified data
VN,019805,Conductivity,Water Quality,1993-03-15T00:00+07:00,165.0,mS/m,O,Raw - Not Yet Reviewed,Unverified data
VN,019805,Conductivity,Water Quality,1993-04-15T00:00+07:00,535.0,mS/m,O,Raw - Not Yet Reviewed,Unverified data
VN,019805,Conductivity,Water Quality,1993-05-15T00:00+07:00,58.8,mS/m,O,Raw - Not Yet Reviewed,Unverified data
VN,019805,Conductivity,Water Quality,1993-06-15T00:00+07:00,27.7,mS/m,O,Raw - Not Yet Reviewed,Unverified data
VN,019805,Conductivity,Water Quality,1993-07-15T00:00+07:00,22.5,mS/m,O,Raw - Not Yet Reviewed,Unverified data
VN,019805,Conductivity,Water Quality,1993-08-15T00:00+07:00,17.4,mS/m,O,Raw - Not Yet Reviewed,Unverified data
VN,019805,Conductivity,Water Quality,1993-09-15T00:00+07:00,17.6,mS/m,O,Raw - Not Yet Reviewed,Unverified data
VN,019805,Conductivity,Water Quality,1993-10-15T00:00+07:00,18.2,mS/m,O,Raw - Not Yet Reviewed,Unverified data
VN,019805,Conductivity,Water Quality,1993-11-15T00:00+07:00,14.8,mS/m,O,Raw - Not Yet Reviewed,Unverified data
VN,019805,Conductivity,Water Quality,1993-12-15T00:00+07:00,16.2,mS/m,O,Raw - Not Yet Reviewed,Unverified data
VN,019805,Conductivity,Water Quality,1994-01-15T00:00+07:00,18.4,mS/m,O,Raw - Not Yet Reviewed,Unverified data
VN,019805,Conductivity,Water Quality,1994-02-15T00:00+07:00,80.5,mS/m,O,Raw - Not Yet Reviewed,Unverified data
VN,019805,Conductivity,Water Quality,1994-03-15T00:00+07:00,451.0,mS/m,O,Raw - Not Yet Reviewed,Unverified data
VN,019805,Conductivity,Water Quality,1994-04-15T00:00+07:00,699.0,mS/m,O,Raw - Not Yet Reviewed,Unverified data
VN,019805,Conductivity,Water Quality,1994-05-15T00:00+07:00,73.8,mS/m,O,Raw - Not Yet Reviewed,Unverified data
VN,019805,Conductivity,Water Quality,1994-06-15T00:00+07:00,32.0,mS/m,O,Raw - Not Yet Reviewed,Unverified data
VN,019805,Conductivity,Water Quality,1994-07-15T00:00+07:00,18.3,mS/m,O,Raw - Not Yet Reviewed,Unverified data
VN,019805,Conductivity,Water Quality,1994-08-15T00:00+07:00,10.9,mS/m,O,Raw - Not Yet Reviewed,Unverified data
VN,019805,Conductivity,Water Quality,1994-09-15T00:00+07:00,14.0,mS/m,O,Raw - Not Yet Reviewed,Unverified data
VN,019805,Conductivity,Water Quality,1994-10-15T00:00+07:00,18.0,mS/m,O,Raw - Not Yet Reviewed,Unverified data
VN,019805,Conductivity,Water Quality,1994-11-15T00:00+07:00,16.7,mS/m,O,Raw - Not Yet Reviewed,Unverified data
VN,019805,Conductivity,Water Quality,1994-12-15T00:00+07:00,14.0,mS/m,O,Raw - Not Yet Reviewed,Unverified data
VN,019805,Conductivity,Water Quality,1995-01-15T00:00+07:00,15.8,mS/m,O,Raw - Not Yet Reviewed,Unverified data
VN,019805,Conductivity,Water Quality,1995-02-15T00:00+07:00,17.0,mS/m,O,Raw - Not Yet Reviewed,Unverified data
VN,019805,Conductivity,Water Quality,1995-03-15T00:00+07:00,52.9,mS/m,O,Raw - Not Yet Reviewed,Unverified data
VN,019805,Conductivity,Water Quality,1995-04-15T00:00+07:00,93.9,mS/m,O,Raw - Not Yet Reviewed,Unverified data
VN,019805,Conductivity,Water Quality,1995-05-15T00:00+07:00,603.0,mS/m,O,Raw - Not Yet Reviewed,Unverified data
VN,019805,Conductivity,Water Quality,1995-06-15T00:00+07:00,52.0,mS/m,O,Raw - Not Yet Reviewed,Unverified data
VN,019805,Conductivity,Water Quality,1995-07-15T00:00+07:00,25.2,mS/m,O,Raw - Not Yet Reviewed,Unverified data
VN,019805,Conductivity,Water Quality,1995-08-15T00:00+07:00,14.3,mS/m,O,Raw - Not Yet Reviewed,Unverified data
VN,019805,Conductivity,Water Quality,1995-09-15T00:00+07:00,14.2,mS/m,O,Raw - Not Yet Reviewed,Unverified data
VN,019805,Conductivity,Water Quality,1995-10-15T00:00+07:00,13.4,mS/m,O,Raw - Not Yet Reviewed,Unverified data
VN,019805,Conductivity,Water Quality,1995-11-15T00:00+07:00,12.8,mS/m,O,Raw - Not Yet Reviewed,Unverified data
VN,019805,Conductivity,Water Quality,1995-12-15T00:00+07:00,15.7,mS/m,O,Raw - Not Yet Reviewed,Unverified data
VN,019805,Conductivity,Water Quality,1996-01-15T00:00+07:00,15.5,mS/m,O,Raw - Not Yet Reviewed,Unverified data
VN,019805,Conductivity,Water Quality,1996-02-15T00:00+07:00,17.5,mS/m,O,Raw - Not Yet Reviewed,Unverified data
VN,019805,Conductivity,Water Quality,1996-03-15T00:00+07:00,20.6,mS/m,O,Raw - Not Yet Reviewed,Unverified data
VN,019805,Conductivity,Water Quality,1996-04-15T00:00+07:00,210.0,mS/m,O,Raw - Not Yet Reviewed,Unverified data
VN,019805,Conductivity,Water Quality,1996-05-15T00:00+07:00,35.4,mS/m,O,Raw - Not Yet Reviewed,Unverified data
VN,019805,Conductivity,Water Quality,1996-06-15T00:00+07:00,19.4,mS/m,O,Raw - Not Yet Reviewed,Unverified data
VN,019805,Conductivity,Water Quality,1996-07-15T00:00+07:00,23.1,mS/m,O,Raw - Not Yet Reviewed,Unverified data
VN,019805,Conductivity,Water Quality,1996-08-15T00:00+07:00,12.7,mS/m,O,Raw - Not Yet Reviewed,Unverified data
VN,019805,Conductivity,Water Quality,1996-09-15T00:00+07:00,14.3,mS/m,O,Raw - Not Yet Reviewed,Unverified data
VN,019805,Conductivity,Water Quality,1996-10-15T00:00+07:00,14.2,mS/m,O,Raw - Not Yet Reviewed,Unverified data
VN,019805,Conductivity,Water Quality,1996-11-15T00:00+07:00,10.7,mS/m,O,Raw - Not Yet Reviewed,Unverified data
VN,019805,Conductivity,Water Quality,1996-12-15T00:00+07:00,12.7,mS/m,O,Raw - Not Yet Reviewed,Unverified data
VN,019805,Conductivity,Water Quality,1997-01-15T00:00+07:00,12.9,mS/m,O,Raw - Not Yet Reviewed,Unverified data
VN,019805,Conductivity,Water Quality,1997-02-15T00:00+07:00,15.5,mS/m,O,Raw - Not Yet Reviewed,Unverified data
VN,019805,Conductivity,Water Quality,1997-03-15T00:00+07:00,35.5,mS/m,O,Raw - Not Yet Reviewed,Unverified data
VN,019805,Conductivity,Water Quality,1997-04-15T00:00+07:00,27.0,mS/m,O,Raw - Not Yet Reviewed,Unverified data
VN,019805,Conductivity,Water Quality,1997-05-15T00:00+07:00,22.7,mS/m,O,Raw - Not Yet Reviewed,Unverified data
VN,019805,Conductivity,Water Quality,1997-06-15T00:00+07:00,28.6,mS/m,O,Raw - Not Yet Reviewed,Unverified data
VN,019805,Conductivity,Water Quality,1997-07-15T00:00+07:00,22.4,mS/m,O,Raw - Not Yet Reviewed,Unverified data
VN,019805,Conductivity,Water Quality,1997-08-15T00:00+07:00,13.5,mS/m,O,Raw - Not Yet Reviewed,Unverified data
VN,019805,Conductivity,Water Quality,1997-09-15T00:00+07:00,13.5,mS/m,O,Raw - Not Yet Reviewed,Unverified data
VN,019805,Conductivity,Water Quality,1997-10-15T00:00+07:00,12.7,mS/m,O,Raw - Not Yet Reviewed,Unverified data
VN,019805,Conductivity,Water Quality,1997-11-15T00:00+07:00,13.0,mS/m,O,Raw - Not Yet Reviewed,Unverified data
VN,019805,Conductivity,Water Quality,1997-12-15T00:00+07:00,14.3,mS/m,O,Raw - Not Yet Reviewed,Unverified data
VN,019805,Conductivity,Water Quality,1998-01-15T00:00+07:00,17.4,mS/m,O,Raw - Not Yet Reviewed,Unverified data
VN,019805,Conductivity,Water Quality,1998-02-15T00:00+07:00,4.2,mS/m,O,Raw - Not Yet Reviewed,Unverified data
VN,019805,Conductivity,Water Quality,1998-03-15T00:00+07:00,131.9,mS/m,O,Raw - Not Yet Reviewed,Unverified data
VN,019805,Conductivity,Water Quality,1998-04-15T00:00+07:00,841.0,mS/m,O,Raw - Not Yet Reviewed,Unverified data
VN,019805,Conductivity,Water Quality,1998-05-15T00:00+07:00,118.8,mS/m,O,Raw - Not Yet Reviewed,Unverified data
VN,019805,Conductivity,Water Quality,1998-06-15T00:00+07:00,90.3,mS/m,O,Raw - Not Yet Reviewed,Unverified data
VN,019805,Conductivity,Water Quality,1998-07-15T00:00+07:00,21.1,mS/m,O,Raw - Not Yet Reviewed,Unverified data
VN,019805,Conductivity,Water Quality,1998-08-15T00:00+07:00,17.9,mS/m,O,Raw - Not Yet Reviewed,Unverified data
VN,019805,Conductivity,Water Quality,1998-09-15T00:00+07:00,21.5,mS/m,O,Raw - Not Yet Reviewed,Unverified data
VN,019805,Conductivity,Water Quality,1998-10-15T00:00+07:00,17.0,mS/m,O,Raw - Not Yet Reviewed,Unverified data
VN,019805,Conductivity,Water Quality,1998-11-15T00:00+07:00,20.9,mS/m,O,Raw - Not Yet Reviewed,Unverified data
VN,019805,Conductivity,Water Quality,1998-12-15T00:00+07:00,49.4,mS/m,O,Raw - Not Yet Reviewed,Unverified data
VN,019805,Conductivity,Water Quality,1999-01-15T00:00+07:00,17.0,mS/m,O,Raw - Not Yet Reviewed,Unverified data
VN,019805,Conductivity,Water Quality,1999-02-15T00:00+07:00,18.2,mS/m,O,Raw - Not Yet Reviewed,Unverified data
VN,019805,Conductivity,Water Quality,1999-03-15T00:00+07:00,51.0,mS/m,O,Raw - Not Yet Reviewed,Unverified data
VN,019805,Conductivity,Water Quality,1999-04-15T00:00+07:00,98.5,mS/m,O,Raw - Not Yet Reviewed,Unverified data
VN,019805,Conductivity,Water Quality,1999-05-15T00:00+07:00,58.3,mS/m,O,Raw - Not Yet Reviewed,Unverified data
VN,019805,Conductivity,Water Quality,1999-06-15T00:00+07:00,15.2,mS/m,O,Raw - Not Yet Reviewed,Unverified data
VN,019805,Conductivity,Water Quality,1999-07-15T00:00+07:00,13.5,mS/m,O,Raw - Not Yet Reviewed,Unverified data
VN,019805,Conductivity,Water Quality,1999-08-15T00:00+07:00,13.8,mS/m,O,Raw - Not Yet Reviewed,Unverified data
VN,019805,Conductivity,Water Quality,1999-09-15T00:00+07:00,14.5,mS/m,O,Raw - Not Yet Reviewed,Unverified data
VN,019805,Conductivity,Water Quality,1999-10-15T00:00+07:00,13.6,mS/m,O,Raw - Not Yet Reviewed,Unverified data
VN,019805,Conductivity,Water Quality,1999-11-15T00:00+07:00,15.6,mS/m,O,Raw - Not Yet Reviewed,Unverified data
VN,019805,Conductivity,Water Quality,1999-12-15T00:00+07:00,15.2,mS/m,O,Raw - Not Yet Reviewed,Unverified data
VN,019805,Conductivity,Water Quality,2000-01-15T00:00+07:00,23.72,mS/m,O,Raw - Not Yet Reviewed,Unverified data
VN,019805,Conductivity,Water Quality,2000-02-15T00:00+07:00,14.4,mS/m,O,Raw - Not Yet Reviewed,Unverified data
VN,019805,Conductivity,Water Quality,2000-03-15T00:00+07:00,19.8,mS/m,O,Raw - Not Yet Reviewed,Unverified data
VN,019805,Conductivity,Water Quality,2000-04-15T00:00+07:00,20.8,mS/m,O,Raw - Not Yet Reviewed,Unverified data
VN,019805,Conductivity,Water Quality,2000-05-15T00:00+07:00,22.6,mS/m,O,Raw - Not Yet Reviewed,Unverified data
VN,019805,Conductivity,Water Quality,2000-06-15T00:00+07:00,16.48,mS/m,O,Raw - Not Yet Reviewed,Unverified data
VN,019805,Conductivity,Water Quality,2000-07-15T00:00+07:00,8.61,mS/m,O,Raw - Not Yet Reviewed,Unverified data
VN,019805,Conductivity,Water Quality,2000-08-15T00:00+07:00,11.45,mS/m,O,Raw - Not Yet Reviewed,Unverified data
VN,019805,Conductivity,Water Quality,2000-09-15T00:00+07:00,10.84,mS/m,O,Raw - Not Yet Reviewed,Unverified data
VN,019805,Conductivity,Water Quality,2000-10-15T00:00+07:00,12.9,mS/m,O,Raw - Not Yet Reviewed,Unverified data
VN,019805,Conductivity,Water Quality,2000-11-15T00:00+07:00,12.59,mS/m,O,Raw - Not Yet Reviewed,Unverified data
VN,019805,Conductivity,Water Quality,2000-12-15T00:00+07:00,12.05,mS/m,O,Raw - Not Yet Reviewed,Unverified data
VN,019805,Conductivity,Water Quality,2001-01-15T00:00+07:00,12.48,mS/m,O,Raw - Not Yet Reviewed,Unverified data
VN,019805,Conductivity,Water Quality,2001-02-15T00:00+07:00,14.15,mS/m,O,Raw - Not Yet Reviewed,Unverified data
VN,019805,Conductivity,Water Quality,2001-03-15T00:00+07:00,18.19,mS/m,O,Raw - Not Yet Reviewed,Unverified data
VN,019805,Conductivity,Water Quality,2001-04-15T00:00+07:00,14.22,mS/m,O,Raw - Not Yet Reviewed,Unverified data
VN,019805,Conductivity,Water Quality,2001-05-15T00:00+07:00,17.15,mS/m,O,Raw - Not Yet Reviewed,Unverified data
VN,019805,Conductivity,Water Quality,2001-06-15T00:00+07:00,13.83,mS/m,O,Raw - Not Yet Reviewed,Unverified data
VN,019805,Conductivity,Water Quality,2001-07-15T00:00+07:00,12.03,mS/m,O,Raw - Not Yet Reviewed,Unverified data
VN,019805,Conductivity,Water Quality,2001-08-15T00:00+07:00,10.62,mS/m,O,Raw - Not Yet Reviewed,Unverified data
VN,019805,Conductivity,Water Quality,2001-09-15T00:00+07:00,10.99,mS/m,O,Raw - Not Yet Reviewed,Unverified data
VN,019805,Conductivity,Water Quality,2001-10-15T00:00+07:00,10.71,mS/m,O,Raw - Not Yet Reviewed,Unverified data
VN,019805,Conductivity,Water Quality,2001-11-15T00:00+07:00,12.19,mS/m,O,Raw - Not Yet Reviewed,Unverified data
VN,019805,Conductivity,Water Quality,2001-12-01T00:00+07:00,15.3,mS/m,O,Raw - Not Yet Reviewed,Unverified data
VN,019805,Conductivity,Water Quality,2002-01-15T00:00+07:00,14.32,mS/m,O,Raw - Not Yet Reviewed,Unverified data
VN,019805,Conductivity,Water Quality,2002-02-15T00:00+07:00,15.67,mS/m,O,Raw - Not Yet Reviewed,Unverified data
VN,019805,Conductivity,Water Quality,2002-03-15T00:00+07:00,25.3,mS/m,O,Raw - Not Yet Reviewed,Unverified data
VN,019805,Conductivity,Water Quality,2002-04-15T00:00+07:00,78.2,mS/m,O,Raw - Not Yet Reviewed,Unverified data
VN,019805,Conductivity,Water Quality,2002-05-15T00:00+07:00,94.5,mS/m,O,Raw - Not Yet Reviewed,Unverified data
VN,019805,Conductivity,Water Quality,2002-06-15T00:00+07:00,28.2,mS/m,O,Raw - Not Yet Reviewed,Unverified data
VN,019805,Conductivity,Water Quality,2002-07-15T00:00+07:00,13.66,mS/m,O,Raw - Not Yet Reviewed,Unverified data
VN,019805,Conductivity,Water Quality,2002-08-15T00:00+07:00,13.67,mS/m,O,Raw - Not Yet Reviewed,Unverified data
VN,019805,Conductivity,Water Quality,2002-09-15T00:00+07:00,13.3,mS/m,O,Raw - Not Yet Reviewed,Unverified data
VN,019805,Conductivity,Water Quality,2002-10-15T00:00+07:00,12.84,mS/m,O,Raw - Not Yet Reviewed,Unverified data
VN,019805,Conductivity,Water Quality,2002-11-15T00:00+07:00,14.83,mS/m,O,Raw - Not Yet Reviewed,Unverified data
VN,019805,Conductivity,Water Quality,2002-12-15T00:00+07:00,14.3,mS/m,O,Raw - Not Yet Reviewed,Unverified data
VN,019805,Conductivity,Water Quality,2003-01-15T00:00+07:00,14.5,mS/m,O,Raw - Not Yet Reviewed,Unverified data
VN,019805,Conductivity,Water Quality,2003-02-15T00:00+07:00,12.6,mS/m,O,Raw - Not Yet Reviewed,Unverified data
VN,019805,Conductivity,Water Quality,2003-03-15T00:00+07:00,13.6,mS/m,O,Raw - Not Yet Reviewed,Unverified data
VN,019805,Conductivity,Water Quality,2003-04-15T00:00+07:00,23.6,mS/m,O,Raw - Not Yet Reviewed,Unverified data
VN,019805,Conductivity,Water Quality,2003-05-15T00:00+07:00,26.6,mS/m,O,Raw - Not Yet Reviewed,Unverified data
VN,019805,Conductivity,Water Quality,2003-06-15T00:00+07:00,21.2,mS/m,O,Raw - Not Yet Reviewed,Unverified data
VN,019805,Conductivity,Water Quality,2003-07-15T00:00+07:00,23.7,mS/m,O,Raw - Not Yet Reviewed,Unverified data
VN,019805,Conductivity,Water Quality,2003-08-15T00:00+07:00,23.6,mS/m,O,Raw - Not Yet Reviewed,Unverified data
VN,019805,Conductivity,Water Quality,2003-09-15T00:00+07:00,15.5,mS/m,O,Raw - Not Yet Reviewed,Unverified data
VN,019805,Conductivity,Water Quality,2003-10-15T00:00+07:00,19.4,mS/m,O,Raw - Not Yet Reviewed,Unverified data
VN,019805,Conductivity,Water Quality,2003-11-15T00:00+07:00,14.1,mS/m,O,Raw - Not Yet Reviewed,Unverified data
VN,019805,Conductivity,Water Quality,2003-12-15T00:00+07:00,14.5,mS/m,O,Raw - Not Yet Reviewed,Unverified data
VN,019805,Conductivity,Water Quality,2004-01-15T00:00+07:00,20.63,mS/m,O,Raw - Not Yet Reviewed,Unverified data
VN,019805,Conductivity,Water Quality,2004-02-15T00:00+07:00,21.4,mS/m,O,Raw - Not Yet Reviewed,Unverified data
VN,019805,Conductivity,Water Quality,2004-03-15T00:00+07:00,122.9,mS/m,O,Raw - Not Yet Reviewed,Unverified data
VN,019805,Conductivity,Water Quality,2004-04-15T00:00+07:00,187.3,mS/m,O,Raw - Not Yet Reviewed,Unverified data
VN,019805,Conductivity,Water Quality,2004-05-15T00:00+07:00,124.6,mS/m,O,Raw - Not Yet Reviewed,Unverified data
VN,019805,Conductivity,Water Quality,2004-06-15T00:00+07:00,39.0,mS/m,O,Raw - Not Yet Reviewed,Unverified data
VN,019805,Conductivity,Water Quality,2004-07-15T00:00+07:00,19.7,mS/m,O,Raw - Not Yet Reviewed,Unverified data
VN,019805,Conductivity,Water Quality,2004-08-15T00:00+07:00,16.3,mS/m,O,Raw - Not Yet Reviewed,Unverified data
VN,019805,Conductivity,Water Quality,2004-09-15T00:00+07:00,13.8,mS/m,O,Raw - Not Yet Reviewed,Unverified data
VN,019805,Conductivity,Water Quality,2004-10-15T00:00+07:00,15.1,mS/m,O,Raw - Not Yet Reviewed,Unverified data
VN,019805,Conductivity,Water Quality,2004-11-15T00:00+07:00,15.0,mS/m,O,Raw - Not Yet Reviewed,Unverified data
VN,019805,Conductivity,Water Quality,2004-12-15T00:00+07:00,14.2,mS/m,O,Raw - Not Yet Reviewed,Unverified data
VN,019805,Conductivity,Water Quality,2005-01-15T00:00+07:00,17.4,mS/m,O,Raw - Not Yet Reviewed,Unverified data
VN,019805,Conductivity,Water Quality,2005-02-15T00:00+07:00,19.0,mS/m,O,Raw - Not Yet Reviewed,Unverified data
VN,019805,Conductivity,Water Quality,2005-03-15T00:00+07:00,112.6,mS/m,O,Raw - Not Yet Reviewed,Unverified data
VN,019805,Conductivity,Water Quality,2005-04-15T00:00+07:00,121.8,mS/m,O,Raw - Not Yet Reviewed,Unverified data
VN,019805,Conductivity,Water Quality,2005-05-15T00:00+07:00,28.6,mS/m,O,Raw - Not Yet Reviewed,Unverified data
VN,019805,Conductivity,Water Quality,2005-06-15T00:00+07:00,36.4,mS/m,O,Raw - Not Yet Reviewed,Unverified data
VN,019805,Conductivity,Water Quality,2005-07-15T00:00+07:00,18.6,mS/m,O,Raw - Not Yet Reviewed,Unverified data
VN,019805,Conductivity,Water Quality,2005-08-15T00:00+07:00,12.8,mS/m,O,Raw - Not Yet Reviewed,Unverified data
VN,019805,Conductivity,Water Quality,2005-09-15T00:00+07:00,14.8,mS/m,O,Raw - Not Yet Reviewed,Unverified data
VN,019805,Conductivity,Water Quality,2005-10-15T00:00+07:00,13.1,mS/m,O,Raw - Not Yet Reviewed,Unverified data
VN,019805,Conductivity,Water Quality,2005-11-15T00:00+07:00,14.0,mS/m,O,Raw - Not Yet Reviewed,Unverified data
VN,019805,Conductivity,Water Quality,2005-12-15T00:00+07:00,15.2,mS/m,O,Raw - Not Yet Reviewed,Unverified data
VN,019805,Conductivity,Water Quality,2006-01-15T00:00+07:00,14.9,mS/m,O,Raw - Not Yet Reviewed,Unverified data
VN,019805,Conductivity,Water Quality,2006-02-15T00:00+07:00,15.8,mS/m,O,Raw - Not Yet Reviewed,Unverified data
VN,019805,Conductivity,Water Quality,2006-03-15T00:00+07:00,19.3,mS/m,O,Raw - Not Yet Reviewed,Unverified data
VN,019805,Conductivity,Water Quality,2006-04-15T00:00+07:00,26.2,mS/m,O,Raw - Not Yet Reviewed,Unverified data
VN,019805,Conductivity,Water Quality,2006-05-15T00:00+07:00,60.6,mS/m,O,Raw - Not Yet Reviewed,Unverified data
VN,019805,Conductivity,Water Quality,2006-06-15T00:00+07:00,20.0,mS/m,O,Raw - Not Yet Reviewed,Unverified data
VN,019805,Conductivity,Water Quality,2006-07-15T00:00+07:00,16.1,mS/m,O,Raw - Not Yet Reviewed,Unverified data
VN,019805,Conductivity,Water Quality,2006-08-15T00:00+07:00,11.7,mS/m,O,Raw - Not Yet Reviewed,Unverified data
VN,019805,Conductivity,Water Quality,2006-09-15T00:00+07:00,12.6,mS/m,O,Raw - Not Yet Reviewed,Unverified data
VN,019805,Conductivity,Water Quality,2006-10-15T00:00+07:00,10.7,mS/m,O,Raw - Not Yet Reviewed,Unverified data
VN,019805,Conductivity,Water Quality,2006-11-15T00:00+07:00,12.7,mS/m,O,Raw - Not Yet Reviewed,Unverified data
VN,019805,Conductivity,Water Quality,2006-12-15T00:00+07:00,14.9,mS/m,O,Raw - Not Yet Reviewed,Unverified data
VN,019805,Conductivity,Water Quality,2007-01-15T00:00+07:00,14.1,mS/m,O,Raw - Not Yet Reviewed,Unverified data
VN,019805,Conductivity,Water Quality,2007-02-15T00:00+07:00,16.4,mS/m,O,Raw - Not Yet Reviewed,Unverified data
VN,019805,Conductivity,Water Quality,2007-03-15T00:00+07:00,46.4,mS/m,O,Raw - Not Yet Reviewed,Unverified data
VN,019805,Conductivity,Water Quality,2007-04-15T00:00+07:00,168.6,mS/m,O,Raw - Not Yet Reviewed,Unverified data
VN,019805,Conductivity,Water Quality,2007-05-15T00:00+07:00,38.0,mS/m,O,Raw - Not Yet Reviewed,Unverified data
VN,019805,Conductivity,Water Quality,2007-06-15T00:00+07:00,21.8,mS/m,O,Raw - Not Yet Reviewed,Unverified data
VN,019805,Conductivity,Water Quality,2007-07-15T00:00+07:00,19.3,mS/m,O,Raw - Not Yet Reviewed,Unverified data
VN,019805,Conductivity,Water Quality,2007-08-15T00:00+07:00,14.4,mS/m,O,Raw - Not Yet Reviewed,Unverified data
VN,019805,Conductivity,Water Quality,2007-09-15T00:00+07:00,15.0,mS/m,O,Raw - Not Yet Reviewed,Unverified data
VN,019805,Conductivity,Water Quality,2007-10-15T00:00+07:00,15.9,mS/m,O,Raw - Not Yet Reviewed,Unverified data
VN,019805,Conductivity,Water Quality,2007-11-15T00:00+07:00,16.1,mS/m,O,Raw - Not Yet Reviewed,Unverified data
VN,019805,Conductivity,Water Quality,2007-12-15T00:00+07:00,14.9,mS/m,O,Raw - Not Yet Reviewed,Unverified data
VN,019805,Conductivity,Water Quality,2008-01-15T00:00+07:00,14.7,mS/m,O,Raw - Not Yet Reviewed,Unverified data
VN,019805,Conductivity,Water Quality,2008-02-15T00:00+07:00,15.2,mS/m,O,Raw - Not Yet Reviewed,Unverified data
VN,019805,Conductivity,Water Quality,2008-03-15T00:00+07:00,18.7,mS/m,O,Raw - Not Yet Reviewed,Unverified data
VN,019805,Conductivity,Water Quality,2008-04-15T00:00+07:00,44.6,mS/m,O,Raw - Not Yet Reviewed,Unverified data
VN,019805,Conductivity,Water Quality,2008-05-15T00:00+07:00,25.7,mS/m,O,Raw - Not Yet Reviewed,Unverified data
VN,019805,Conductivity,Water Quality,2008-06-15T00:00+07:00,22.6,mS/m,O,Raw - Not Yet Reviewed,Unverified data
VN,019805,Conductivity,Water Quality,2008-07-15T00:00+07:00,15.9,mS/m,O,Raw - Not Yet Reviewed,Unverified data
VN,019805,Conductivity,Water Quality,2008-08-15T00:00+07:00,15.8,mS/m,O,Raw - Not Yet Reviewed,Unverified data
VN,019805,Conductivity,Water Quality,2008-09-15T00:00+07:00,17.1,mS/m,O,Raw - Not Yet Reviewed,Unverified data
VN,019805,Conductivity,Water Quality,2008-10-15T00:00+07:00,14.5,mS/m,O,Raw - Not Yet Reviewed,Unverified data
VN,019805,Conductivity,Water Quality,2008-11-15T00:00+07:00,14.9,mS/m,O,Raw - Not Yet Reviewed,Unverified data
VN,019805,Conductivity,Water Quality,2008-12-15T00:00+07:00,16.7,mS/m,O,Raw - Not Yet Reviewed,Unverified data
VN,019805,Conductivity,Water Quality,2009-01-15T00:00+07:00,21.0,mS/m,O,Raw - Not Yet Reviewed,Unverified data
VN,019805,Conductivity,Water Quality,2009-02-15T00:00+07:00,17.6,mS/m,O,Raw - Not Yet Reviewed,Unverified data
VN,019805,Conductivity,Water Quality,2009-03-15T00:00+07:00,25.7,mS/m,O,Raw - Not Yet Reviewed,Unverified data
VN,019805,Conductivity,Water Quality,2009-04-15T00:00+07:00,159.1,mS/m,O,Raw - Not Yet Reviewed,Unverified data
VN,019805,Conductivity,Water Quality,2009-05-15T00:00+07:00,26.2,mS/m,O,Raw - Not Yet Reviewed,Unverified data
VN,019805,Conductivity,Water Quality,2009-06-15T00:00+07:00,22.4,mS/m,O,Raw - Not Yet Reviewed,Unverified data
VN,019805,Conductivity,Water Quality,2009-07-15T00:00+07:00,17.8,mS/m,O,Raw - Not Yet Reviewed,Unverified data
VN,019805,Conductivity,Water Quality,2009-08-15T00:00+07:00,10.1,mS/m,O,Raw - Not Yet Reviewed,Unverified data
VN,019805,Conductivity,Water Quality,2009-09-15T00:00+07:00,13.41,mS/m,O,Raw - Not Yet Reviewed,Unverified data
VN,019805,Conductivity,Water Quality,2009-10-15T00:00+07:00,11.26,mS/m,O,Raw - Not Yet Reviewed,Unverified data
VN,019805,Conductivity,Water Quality,2009-11-15T00:00+07:00,12.44,mS/m,O,Raw - Not Yet Reviewed,Unverified data
VN,019805,Conductivity,Water Quality,2009-12-15T00:00+07:00,14.38,mS/m,O,Raw - Not Yet Reviewed,Unverified data
VN,019805,Conductivity,Water Quality,2010-01-15T00:00+07:00,18.1,mS/m,O,Raw - Not Yet Reviewed,Unverified data
VN,019805,Conductivity,Water Quality,2010-02-15T00:00+07:00,19.09,mS/m,O,Raw - Not Yet Reviewed,Unverified data
VN,019805,Conductivity,Water Quality,2010-03-15T00:00+07:00,26.4,mS/m,O,Raw - Not Yet Reviewed,Unverified data
VN,019805,Conductivity,Water Quality,2010-04-15T00:00+07:00,141.3,mS/m,O,Raw - Not Yet Reviewed,Unverified data
VN,019805,Conductivity,Water Quality,2010-05-15T00:00+07:00,260.0,mS/m,O,Raw - Not Yet Reviewed,Unverified data
VN,019805,Conductivity,Water Quality,2010-06-15T00:00+07:00,24.7,mS/m,O,Raw - Not Yet Reviewed,Unverified data
VN,019805,Conductivity,Water Quality,2010-07-15T00:00+07:00,27.2,mS/m,O,Raw - Not Yet Reviewed,Unverified data
VN,019805,Conductivity,Water Quality,2010-08-15T00:00+07:00,18.7,mS/m,O,Raw - Not Yet Reviewed,Unverified data
VN,019805,Conductivity,Water Quality,2010-09-15T00:00+07:00,17.6,mS/m,O,Raw - Not Yet Reviewed,Unverified data
VN,019805,Conductivity,Water Quality,2010-10-15T00:00+07:00,15.78,mS/m,O,Raw - Not Yet Reviewed,Unverified data
VN,019805,Conductivity,Water Quality,2010-11-15T00:00+07:00,15.43,mS/m,O,Raw - Not Yet Reviewed,Unverified data
VN,019805,Conductivity,Water Quality,2010-12-15T00:00+07:00,19.12,mS/m,O,Raw - Not Yet Reviewed,Unverified data
VN,019805,Conductivity,Water Quality,2011-01-15T00:00+07:00,17.63,mS/m,O,Raw - Not Yet Reviewed,Unverified data
VN,019805,Conductivity,Water Quality,2011-02-15T00:00+07:00,25.2,mS/m,O,Raw - Not Yet Reviewed,Unverified data
VN,019805,Conductivity,Water Quality,2011-03-15T00:00+07:00,29.0,mS/m,O,Raw - Not Yet Reviewed,Unverified data
VN,019805,Conductivity,Water Quality,2011-04-15T00:00+07:00,23.8,mS/m,O,Raw - Not Yet Reviewed,Unverified data
VN,019805,Conductivity,Water Quality,2011-05-15T00:00+07:00,26.1,mS/m,O,Raw - Not Yet Reviewed,Unverified data
VN,019805,Conductivity,Water Quality,2011-06-15T00:00+07:00,22.4,mS/m,O,Raw - Not Yet Reviewed,Unverified data
VN,019805,Conductivity,Water Quality,2011-07-15T00:00+07:00,14.97,mS/m,O,Raw - Not Yet Reviewed,Unverified data
VN,019805,Conductivity,Water Quality,2011-08-15T00:00+07:00,11.2,mS/m,O,Raw - Not Yet Reviewed,Unverified data
VN,019805,Conductivity,Water Quality,2011-09-15T00:00+07:00,12.0,mS/m,O,Raw - Not Yet Reviewed,Unverified data
VN,019805,Conductivity,Water Quality,2011-10-15T00:00+07:00,13.9,mS/m,O,Raw - Not Yet Reviewed,Unverified data
VN,019805,Conductivity,Water Quality,2011-11-15T00:00+07:00,12.8,mS/m,O,Raw - Not Yet Reviewed,Unverified data
VN,019805,Conductivity,Water Quality,2011-12-15T00:00+07:00,14.3,mS/m,O,Raw - Not Yet Reviewed,Unverified data
VN,019805,Conductivity,Water Quality,2012-01-15T00:00+07:00,13.1,mS/m,O,Raw - Not Yet Reviewed,Unverified data
VN,019805,Conductivity,Water Quality,2012-02-15T00:00+07:00,15.5,mS/m,O,Raw - Not Yet Reviewed,Unverified data
VN,019805,Conductivity,Water Quality,2012-03-15T00:00+07:00,17.3,mS/m,O,Raw - Not Yet Reviewed,Unverified data
VN,019805,Conductivity,Water Quality,2012-04-15T00:00+07:00,48.3,mS/m,O,Raw - Not Yet Reviewed,Unverified data
VN,019805,Conductivity,Water Quality,2012-05-15T00:00+07:00,50.7,mS/m,O,Raw - Not Yet Reviewed,Unverified data
VN,019805,Conductivity,Water Quality,2012-06-15T00:00+07:00,21.2,mS/m,O,Raw - Not Yet Reviewed,Unverified data
VN,019805,Conductivity,Water Quality,2012-07-15T00:00+07:00,18.84,mS/m,O,Raw - Not Yet Reviewed,Unverified data
VN,019805,Conductivity,Water Quality,2012-08-15T00:00+07:00,14.9,mS/m,O,Raw - Not Yet Reviewed,Unverified data
VN,019805,Conductivity,Water Quality,2012-09-15T00:00+07:00,16.59,mS/m,O,Raw - Not Yet Reviewed,Unverified data
VN,019805,Conductivity,Water Quality,2012-10-15T00:00+07:00,13.28,mS/m,O,Raw - Not Yet Reviewed,Unverified data
VN,019805,Conductivity,Water Quality,2012-11-15T00:00+07:00,15.2,mS/m,O,Raw - Not Yet Reviewed,Unverified data
VN,019805,Conductivity,Water Quality,2012-12-15T00:00+07:00,15.1,mS/m,O,Raw - Not Yet Reviewed,Unverified data
VN,019805,Conductivity,Water Quality,2013-01-15T00:00+07:00,17.03,mS/m,O,Raw - Not Yet Reviewed,Unverified data
VN,019805,Conductivity,Water Quality,2013-02-15T00:00+07:00,22.8,mS/m,O,Raw - Not Yet Reviewed,Unverified data
VN,019805,Conductivity,Water Quality,2013-03-15T00:00+07:00,72.0,mS/m,O,Raw - Not Yet Reviewed,Unverified data
VN,019805,Conductivity,Water Quality,2013-04-15T00:00+07:00,38.9,mS/m,O,Raw - Not Yet Reviewed,Unverified data
VN,019805,Conductivity,Water Quality,2013-05-15T00:00+07:00,27.2,mS/m,O,Raw - Not Yet Reviewed,Unverified data
VN,019805,Conductivity,Water Quality,2013-06-15T00:00+07:00,21.7,mS/m,O,Raw - Not Yet Reviewed,Unverified data
VN,019805,Conductivity,Water Quality,2013-07-15T00:00+07:00,20.2,mS/m,O,Raw - Not Yet Reviewed,Unverified data
VN,019805,Conductivity,Water Quality,2013-08-15T00:00+07:00,16.67,mS/m,O,Raw - Not Yet Reviewed,Unverified data
VN,019805,Conductivity,Water Quality,2013-09-15T00:00+07:00,20.8,mS/m,O,Raw - Not Yet Reviewed,Unverified data
VN,019805,Conductivity,Water Quality,2013-10-15T00:00+07:00,14.37,mS/m,O,Raw - Not Yet Reviewed,Unverified data
VN,019805,Conductivity,Water Quality,2013-11-15T00:00+07:00,14.52,mS/m,O,Raw - Not Yet Reviewed,Unverified data
VN,019805,Conductivity,Water Quality,2013-12-15T00:00+07:00,13.92,mS/m,O,Raw - Not Yet Reviewed,Unverified data
VN,019805,Conductivity,Water Quality,2014-01-15T00:00+07:00,15.76,mS/m,O,Raw - Not Yet Reviewed,Unverified data
VN,019805,Conductivity,Water Quality,2014-02-15T00:00+07:00,14.6,mS/m,O,Raw - Not Yet Reviewed,Unverified data
VN,019805,Conductivity,Water Quality,2014-03-15T00:00+07:00,20.9,mS/m,O,Raw - Not Yet Reviewed,Unverified data
VN,019805,Conductivity,Water Quality,2014-04-15T00:00+07:00,24.2,mS/m,O,Raw - Not Yet Reviewed,Unverified data
VN,019805,Conductivity,Water Quality,2014-05-15T00:00+07:00,23.1,mS/m,O,Raw - Not Yet Reviewed,Unverified data
VN,019805,Conductivity,Water Quality,2014-06-15T00:00+07:00,25.2,mS/m,O,Raw - Not Yet Reviewed,Unverified data
VN,019805,Conductivity,Water Quality,2014-07-15T00:00+07:00,12.9,mS/m,O,Raw - Not Yet Reviewed,Unverified data
VN,019805,Conductivity,Water Quality,2014-08-15T00:00+07:00,11.87,mS/m,O,Raw - Not Yet Reviewed,Unverified data
VN,019805,Conductivity,Water Quality,2014-09-15T00:00+07:00,12.16,mS/m,O,Raw - Not Yet Reviewed,Unverified data
VN,019805,Conductivity,Water Quality,2014-10-15T00:00+07:00,14.48,mS/m,O,Raw - Not Yet Reviewed,Unverified data
VN,019805,Conductivity,Water Quality,2014-11-15T00:00+07:00,13.91,mS/m,O,Raw - Not Yet Reviewed,Unverified data
VN,019805,Conductivity,Water Quality,2014-12-15T00:00+07:00,16.0,mS/m,O,Raw - Not Yet Reviewed,Unverified data
VN,019805,Conductivity,Water Quality,2015-01-15T00:00+07:00,18.16,mS/m,O,Raw - Not Yet Reviewed,Unverified data
VN,019805,Conductivity,Water Quality,2015-02-15T00:00+07:00,41.8,mS/m,O,Raw - Not Yet Reviewed,Unverified data
VN,019805,Conductivity,Water Quality,2015-03-15T00:00+07:00,42.5,mS/m,O,Raw - Not Yet Reviewed,Unverified data
VN,019805,Conductivity,Water Quality,2015-04-15T00:00+07:00,31.1,mS/m,O,Raw - Not Yet Reviewed,Unverified data
VN,019805,Conductivity,Water Quality,2015-05-15T00:00+07:00,29.3,mS/m,O,Raw - Not Yet Reviewed,Unverified data
VN,019805,Conductivity,Water Quality,2015-06-15T00:00+07:00,40.6,mS/m,O,Raw - Not Yet Reviewed,Unverified data
VN,019805,Conductivity,Water Quality,2015-07-15T00:00+07:00,21.4,mS/m,O,Raw - Not Yet Reviewed,Unverified data
VN,019805,Conductivity,Water Quality,2015-08-15T00:00+07:00,14.4,mS/m,O,Raw - Not Yet Reviewed,Unverified data
VN,019805,Conductivity,Water Quality,2015-09-15T00:00+07:00,13.9,mS/m,O,Raw - Not Yet Reviewed,Unverified data
VN,019805,Conductivity,Water Quality,2015-10-15T00:00+07:00,12.08,mS/m,O,Raw - Not Yet Reviewed,Unverified data
VN,019805,Conductivity,Water Quality,2015-11-15T00:00+07:00,13.86,mS/m,O,Raw - Not Yet Reviewed,Unverified data
VN,019805,Conductivity,Water Quality,2015-12-15T00:00+07:00,16.9,mS/m,O,Raw - Not Yet Reviewed,Unverified data
VN,019805,Conductivity,Water Quality,2016-01-15T00:00+07:00,173.0,mS/m,O,Raw - Not Yet Reviewed,Unverified data
VN,019805,Conductivity,Water Quality,2016-02-15T00:00+07:00,91.5,mS/m,O,Raw - Not Yet Reviewed,Unverified data
VN,019805,Conductivity,Water Quality,2016-03-15T00:00+07:00,385.0,mS/m,O,Raw - Not Yet Reviewed,Unverified data
VN,019805,Conductivity,Water Quality,2016-04-15T00:00+07:00,103.3,mS/m,O,Raw - Not Yet Reviewed,Unverified data
VN,019805,Conductivity,Water Quality,2016-05-15T00:00+07:00,32.8,mS/m,O,Raw - Not Yet Reviewed,Unverified data
VN,019805,Conductivity,Water Quality,2016-06-15T00:00+07:00,32.3,mS/m,O,Raw - Not Yet Reviewed,Unverified data
VN,019805,Conductivity,Water Quality,2016-07-15T00:00+07:00,16.29,mS/m,O,Raw - Not Yet Reviewed,Unverified data
VN,019805,Conductivity,Water Quality,2016-08-15T00:00+07:00,15.1,mS/m,O,Raw - Not Yet Reviewed,Unverified data
VN,019805,Conductivity,Water Quality,2016-09-15T00:00+07:00,23.3,mS/m,O,Raw - Not Yet Reviewed,Unverified data
VN,019805,Conductivity,Water Quality,2016-10-15T00:00+07:00,14.07,mS/m,O,Raw - Not Yet Reviewed,Unverified data
VN,019805,Conductivity,Water Quality,2016-11-15T00:00+07:00,14.06,mS/m,O,Raw - Not Yet Reviewed,Unverified data
VN,019805,Conductivity,Water Quality,2016-12-15T00:00+07:00,18.19,mS/m,O,Raw - Not Yet Reviewed,Unverified data
VN,019805,Conductivity,Water Quality,2017-01-15T00:00+07:00,17.15,mS/m,O,Raw - Not Yet Reviewed,Unverified data
VN,019805,Conductivity,Water Quality,2017-02-15T00:00+07:00,20.2,mS/m,O,Raw - Not Yet Reviewed,Unverified data
VN,019805,Conductivity,Water Quality,2017-03-15T00:00+07:00,19.34,mS/m,O,Raw - Not Yet Reviewed,Unverified data
VN,019805,Conductivity,Water Quality,2017-04-15T00:00+07:00,28.4,mS/m,O,Raw - Not Yet Reviewed,Unverified data
VN,019805,Conductivity,Water Quality,2017-05-15T00:00+07:00,25.6,mS/m,O,Raw - Not Yet Reviewed,Unverified data
VN,019805,Conductivity,Water Quality,2017-06-15T00:00+07:00,19.45,mS/m,O,Raw - Not Yet Reviewed,Unverified data
VN,019805,Conductivity,Water Quality,2017-07-15T00:00+07:00,16.41,mS/m,O,Raw - Not Yet Reviewed,Unverified data
VN,019805,Conductivity,Water Quality,2017-08-15T00:00+07:00,11.84,mS/m,O,Raw - Not Yet Reviewed,Unverified data
VN,019805,Conductivity,Water Quality,2017-09-15T00:00+07:00,13.42,mS/m,O,Raw - Not Yet Reviewed,Unverified data
VN,019805,Conductivity,Water Quality,2017-10-15T00:00+07:00,12.55,mS/m,O,Raw - Not Yet Reviewed,Unverified data
VN,019805,Conductivity,Water Quality,2017-11-15T00:00+07:00,14.95,mS/m,O,Raw - Not Yet Reviewed,Unverified data
VN,019805,Conductivity,Water Quality,2017-12-15T00:00+07:00,17.32,mS/m,O,Raw - Not Yet Reviewed,Unverified data
VN,019805,Conductivity,Water Quality,2018-01-15T00:00+07:00,19.02,mS/m,O,Raw - Not Yet Reviewed,Unverified data
VN,019805,Conductivity,Water Quality,2018-02-15T00:00+07:00,18.77,mS/m,O,Raw - Not Yet Reviewed,Unverified data
VN,019805,Conductivity,Water Quality,2018-03-15T00:00+07:00,23.1,mS/m,O,Raw - Not Yet Reviewed,Unverified data
VN,019805,Conductivity,Water Quality,2018-04-15T00:00+07:00,50.7,mS/m,O,Raw - Not Yet Reviewed,Unverified data
VN,019805,Conductivity,Water Quality,2018-05-15T00:00+07:00,29.0,mS/m,O,Raw - Not Yet Reviewed,Unverified data
VN,019805,Conductivity,Water Quality,2018-06-15T00:00+07:00,21.6,mS/m,O,Raw - Not Yet Reviewed,Unverified data
VN,019805,Conductivity,Water Quality,2018-07-15T00:00+07:00,24.0,mS/m,O,Raw - Not Yet Reviewed,Unverified data
VN,019805,Conductivity,Water Quality,2018-08-15T00:00+07:00,22.1,mS/m,O,Raw - Not Yet Reviewed,Unverified data
VN,019805,Conductivity,Water Quality,2018-09-15T00:00+07:00,13.57,mS/m,O,Raw - Not Yet Reviewed,Unverified data
VN,019805,Conductivity,Water Quality,2018-10-15T00:00+07:00,15.3,mS/m,O,Raw - Not Yet Reviewed,Unverified data
VN,019805,Conductivity,Water Quality,2018-11-15T00:00+07:00,16.04,mS/m,O,Raw - Not Yet Reviewed,Unverified data
VN,019805,Conductivity,Water Quality,2018-12-15T00:00+07:00,16.64,mS/m,O,Raw - Not Yet Reviewed,Unverified data
VN,019805,Conductivity,Water Quality,2019-01-15T00:00+07:00,19.58,mS/m,O,Raw - Not Yet Reviewed,Unverified data
VN,019805,Conductivity,Water Quality,2019-02-15T00:00+07:00,23.3,mS/m,O,Raw - Not Yet Reviewed,Unverified data
VN,019805,Conductivity,Water Quality,2019-03-15T00:00+07:00,31.5,mS/m,O,Raw - Not Yet Reviewed,Unverified data
VN,019805,Conductivity,Water Quality,2019-04-16T00:00+07:00,26.7,mS/m,O,Raw - Not Yet Reviewed,Unverified data
VN,019805,Conductivity,Water Quality,2019-05-15T00:00+07:00,57.4,mS/m,O,Raw - Not Yet Reviewed,Unverified data
VN,019805,Conductivity,Water Quality,2019-06-15T00:00+07:00,25.8,mS/m,O,Raw - Not Yet Reviewed,Unverified data
VN,019805,Conductivity,Water Quality,2019-07-15T00:00+07:00,24.1,mS/m,O,Raw - Not Yet Reviewed,Unverified data
VN,019805,Conductivity,Water Quality,2019-08-15T00:00+07:00,15.95,mS/m,O,Raw - Not Yet Reviewed,Unverified data
VN,019805,Conductivity,Water Quality,2019-09-16T00:00+07:00,8.75,mS/m,O,Raw - Not Yet Reviewed,Unverified data
VN,019805,Conductivity,Water Quality,2019-10-15T00:00+07:00,13.99,mS/m,O,Raw - Not Yet Reviewed,Unverified data
VN,019805,Conductivity,Water Quality,2019-11-15T00:00+07:00,16.53,mS/m,O,Raw - Not Yet Reviewed,Unverified data
VN,019805,Conductivity,Water Quality,2019-12-15T00:00+07:00,47.7,mS/m,O,Raw - Not Yet Reviewed,Unverified data
VN,019805,Conductivity,Water Quality,2020-01-15T00:00+07:00,22.1,mS/m,O,Raw - Not Yet Reviewed,Unverified data
VN,019805,Conductivity,Water Quality,2020-02-15T00:00+07:00,558.0,mS/m,O,Raw - Not Yet Reviewed,Unverified data
VN,019805,Conductivity,Water Quality,2020-03-15T00:00+07:00,692.0,mS/m,O,Raw - Not Yet Reviewed,Unverified data
VN,019805,Conductivity,Water Quality,2020-04-16T00:00+07:00,607.0,mS/m,O,Raw - Not Yet Reviewed,Unverified data
VN,019805,Conductivity,Water Quality,2020-05-15T00:00+07:00,398.0,mS/m,O,Raw - Not Yet Reviewed,Unverified data
VN,019805,Conductivity,Water Quality,2020-06-15T00:00+07:00,55.8,mS/m,O,Raw - Not Yet Reviewed,Unverified data
VN,019805,Conductivity,Water Quality,2020-07-15T00:00+07:00,36.4,mS/m,O,Raw - Not Yet Reviewed,Unverified data
VN,019805,Conductivity,Water Quality,2020-08-15T00:00+07:00,22.8,mS/m,O,Raw - Not Yet Reviewed,Unverified data
VN,019805,Conductivity,Water Quality,2020-09-15T00:00+07:00,20.7,mS/m,O,Raw - Not Yet Reviewed,Unverified data
VN,019805,Conductivity,Water Quality,2020-10-15T00:00+07:00,20.95,mS/m,O,Raw - Not Yet Reviewed,Unverified data
VN,019805,Conductivity,Water Quality,2020-11-15T00:00+07:00,22.85,mS/m,O,Raw - Not Yet Reviewed,Unverified data
VN,019805,Conductivity,Water Quality,2020-12-15T00:00+07:00,22.15,mS/m,O,Raw - Not Yet Reviewed,Unverified data
VN,019805,Conductivity,Water Quality,2021-01-15T00:00+07:00,19.74,mS/m,O,Raw - Not Yet Reviewed,Unverified data
VN,019805,Conductivity,Water Quality,2021-02-15T00:00+07:00,55.2,mS/m,O,Raw - Not Yet Reviewed,Unverified data
VN,019805,Conductivity,Water Quality,2021-03-15T00:00+07:00,191.5,mS/m,O,Raw - Not Yet Reviewed,Unverified data
VN,019805,Conductivity,Water Quality,2021-04-15T00:00+07:00,194.5,mS/m,O,Raw - Not Yet Reviewed,Unverified data
VN,019805,Conductivity,Water Quality,2021-05-15T00:00+07:00,34.0,mS/m,O,Raw - Not Yet Reviewed,Unverified data
VN,019805,Conductivity,Water Quality,2021-06-15T00:00+07:00,31.3,mS/m,O,Raw - Not Yet Reviewed,Unverified data
VN,019805,Conductivity,Water Quality,2021-07-15T00:00+07:00,35.0,mS/m,O,Raw - Not Yet Reviewed,Unverified data
VN,019805,Conductivity,Water Quality,2021-08-15T00:00+07:00,20.0,mS/m,O,Raw - Not Yet Reviewed,Unverified data
VN,019805,Conductivity,Water Quality,2021-09-15T00:00+07:00,14.44,mS/m,O,Raw - Not Yet Reviewed,Unverified data
VN,019805,Conductivity,Water Quality,2021-10-15T00:00+07:00,16.96,mS/m,O,Raw - Not Yet Reviewed,Unverified data
VN,019805,Conductivity,Water Quality,2021-11-15T00:00+07:00,20.3,mS/m,O,Raw - Not Yet Reviewed,Unverified data
VN,019805,Conductivity,Water Quality,2021-12-15T00:00+07:00,19.43,mS/m,O,Raw - Not Yet Reviewed,Unverified data
VN,019805,Conductivity,Water Quality,2022-01-15T00:00+07:00,18.5,mS/m,O,Raw - Not Yet Reviewed,Unverified data
VN,019805,Conductivity,Water Quality,2022-02-15T00:00+07:00,50.0,mS/m,O,Raw - Not Yet Reviewed,Unverified data
VN,019805,Conductivity,Water Quality,2022-03-15T00:00+07:00,38.7,mS/m,O,Raw - Not Yet Reviewed,Unverified data
VN,019805,Conductivity,Water Quality,2022-04-15T00:00+07:00,25.7,mS/m,O,Raw - Not Yet Reviewed,Unverified data
VN,019805,Conductivity,Water Quality,2022-05-15T00:00+07:00,33.0,mS/m,O,Raw - Not Yet Reviewed,Unverified data
VN,019805,Conductivity,Water Quality,2022-06-15T00:00+07:00,23.7,mS/m,O,Raw - Not Yet Reviewed,Unverified data
VN,019805,Conductivity,Water Quality,2022-07-15T00:00+07:00,24.6,mS/m,O,Raw - Not Yet Reviewed,Unverified data
VN,019805,Conductivity,Water Quality,2022-08-15T00:00+07:00,16.68,mS/m,O,Raw - Not Yet Reviewed,Unverified data
VN,019805,Conductivity,Water Quality,2022-09-15T00:00+07:00,16.3,mS/m,O,Raw - Not Yet Reviewed,Unverified data
VN,019805,Conductivity,Water Quality,2022-10-15T00:00+07:00,13.53,mS/m,O,Raw - Not Yet Reviewed,Unverified data
VN,019805,Conductivity,Water Quality,2022-11-15T00:00+07:00,18.62,mS/m,O,Raw - Not Yet Reviewed,Unverified data
VN,019805,Conductivity,Water Quality,2022-12-15T00:00+07:00,17.15,mS/m,O,Raw - Not Yet Reviewed,Unverified data
VN,019805,Conductivity,Water Quality,2023-01-15T00:00+07:00,19.36,mS/m,O,Raw - Not Yet Reviewed,Unverified data
VN,019805,Conductivity,Water Quality,2023-02-15T00:00+07:00,25.9,mS/m,O,Raw - Not Yet Reviewed,Unverified data
VN,019805,Conductivity,Water Quality,2023-03-15T00:00+07:00,78.3,mS/m,O,Raw - Not Yet Reviewed,Unverified data
VN,019805,Conductivity,Water Quality,2023-04-15T00:00+07:00,45.1,mS/m,O,Raw - Not Yet Reviewed,Unverified data
VN,019805,Conductivity,Water Quality,2023-05-15T00:00+07:00,39.5,mS/m,O,Raw - Not Yet Reviewed,Unverified data
VN,019805,Conductivity,Water Quality,2023-06-15T00:00+07:00,37.9,mS/m,O,Raw - Not Yet Reviewed,Unverified data
VN,019805,Conductivity,Water Quality,2023-07-15T00:00+07:00,32.7,mS/m,O,Raw - Not Yet Reviewed,Unverified data
VN,019805,Conductivity,Water Quality,2023-08-15T00:00+07:00,14.8,mS/m,O,Raw - Not Yet Reviewed,Unverified data
VN,019805,Conductivity,Water Quality,2023-09-15T00:00+07:00,14.5,mS/m,O,Raw - Not Yet Reviewed,Unverified data
VN,019805,Conductivity,Water Quality,2023-10-15T00:00+07:00,16.4,mS/m,O,Raw - Not Yet Reviewed,Unverified data
VN,019805,Conductivity,Water Quality,2023-11-15T00:00+07:00,15.7,mS/m,O,Raw - Not Yet Reviewed,Unverified data
VN,019805,Conductivity,Water Quality,2023-12-15T00:00+07:00,15.4,mS/m,O,Raw - Not Yet Reviewed,Unverified data
