year_month,location_id,discharge_mean,discharge_min,discharge_max,discharge_p10,discharge_p90,source,version,snapshot_id,grid_lat,grid_lon,upstream_area_km2,quality_flag,note
1985-01,MyTho,,,,,,Copernicus_GloFAS,ERA5_V4,NOT_DOWNLOADED,,,,MISSING,No validated MyTho main-river cell/upstream_area is available; the TanChau grid is outside MyTho and was not copied.
1985-02,MyTho,,,,,,Copernicus_GloFAS,ERA5_V4,NOT_DOWNLOADED,,,,MISSING,No validated MyTho main-river cell/upstream_area is available; the TanChau grid is outside MyTho and was not copied.
1985-03,MyTho,,,,,,Copernicus_GloFAS,ERA5_V4,NOT_DOWNLOADED,,,,MISSING,No validated MyTho main-river cell/upstream_area is available; the TanChau grid is outside MyTho and was not copied.
1985-04,MyTho,,,,,,Copernicus_GloFAS,ERA5_V4,NOT_DOWNLOADED,,,,MISSING,No validated MyTho main-river cell/upstream_area is available; the TanChau grid is outside MyTho and was not copied.
1985-05,MyTho,,,,,,Copernicus_GloFAS,ERA5_V4,NOT_DOWNLOADED,,,,MISSING,No validated MyTho main-river cell/upstream_area is available; the TanChau grid is outside MyTho and was not copied.
1985-06,MyTho,,,,,,Copernicus_GloFAS,ERA5_V4,NOT_DOWNLOADED,,,,MISSING,No validated MyTho main-river cell/upstream_area is available; the TanChau grid is outside MyTho and was not copied.
1985-07,MyTho,,,,,,Copernicus_GloFAS,ERA5_V4,NOT_DOWNLOADED,,,,MISSING,No validated MyTho main-river cell/upstream_area is available; the TanChau grid is outside MyTho and was not copied.
1985-08,MyTho,,,,,,Copernicus_GloFAS,ERA5_V4,NOT_DOWNLOADED,,,,MISSING,No validated MyTho main-river cell/upstream_area is available; the TanChau grid is outside MyTho and was not copied.
1985-09,MyTho,,,,,,Copernicus_GloFAS,ERA5_V4,NOT_DOWNLOADED,,,,MISSING,No validated MyTho main-river cell/upstream_area is available; the TanChau grid is outside MyTho and was not copied.
1985-10,MyTho,,,,,,Copernicus_GloFAS,ERA5_V4,NOT_DOWNLOADED,,,,MISSING,No validated MyTho main-river cell/upstream_area is available; the TanChau grid is outside MyTho and was not copied.
1985-11,MyTho,,,,,,Copernicus_GloFAS,ERA5_V4,NOT_DOWNLOADED,,,,MISSING,No validated MyTho main-river cell/upstream_area is available; the TanChau grid is outside MyTho and was not copied.
1985-12,MyTho,,,,,,Copernicus_GloFAS,ERA5_V4,NOT_DOWNLOADED,,,,MISSING,No validated MyTho main-river cell/upstream_area is available; the TanChau grid is outside MyTho and was not copied.
1986-01,MyTho,,,,,,Copernicus_GloFAS,ERA5_V4,NOT_DOWNLOADED,,,,MISSING,No validated MyTho main-river cell/upstream_area is available; the TanChau grid is outside MyTho and was not copied.
1986-02,MyTho,,,,,,Copernicus_GloFAS,ERA5_V4,NOT_DOWNLOADED,,,,MISSING,No validated MyTho main-river cell/upstream_area is available; the TanChau grid is outside MyTho and was not copied.
1986-03,MyTho,,,,,,Copernicus_GloFAS,ERA5_V4,NOT_DOWNLOADED,,,,MISSING,No validated MyTho main-river cell/upstream_area is available; the TanChau grid is outside MyTho and was not copied.
1986-04,MyTho,,,,,,Copernicus_GloFAS,ERA5_V4,NOT_DOWNLOADED,,,,MISSING,No validated MyTho main-river cell/upstream_area is available; the TanChau grid is outside MyTho and was not copied.
1986-05,MyTho,,,,,,Copernicus_GloFAS,ERA5_V4,NOT_DOWNLOADED,,,,MISSING,No validated MyTho main-river cell/upstream_area is available; the TanChau grid is outside MyTho and was not copied.
1986-06,MyTho,,,,,,Copernicus_GloFAS,ERA5_V4,NOT_DOWNLOADED,,,,MISSING,No validated MyTho main-river cell/upstream_area is available; the TanChau grid is outside MyTho and was not copied.
1986-07,MyTho,,,,,,Copernicus_GloFAS,ERA5_V4,NOT_DOWNLOADED,,,,MISSING,No validated MyTho main-river cell/upstream_area is available; the TanChau grid is outside MyTho and was not copied.
1986-08,MyTho,,,,,,Copernicus_GloFAS,ERA5_V4,NOT_DOWNLOADED,,,,MISSING,No validated MyTho main-river cell/upstream_area is available; the TanChau grid is outside MyTho and was not copied.
1986-09,MyTho,,,,,,Copernicus_GloFAS,ERA5_V4,NOT_DOWNLOADED,,,,MISSING,No validated MyTho main-river cell/upstream_area is available; the TanChau grid is outside MyTho and was not copied.
1986-10,MyTho,,,,,,Copernicus_GloFAS,ERA5_V4,NOT_DOWNLOADED,,,,MISSING,No validated MyTho main-river cell/upstream_area is available; the TanChau grid is outside MyTho and was not copied.
1986-11,MyTho,,,,,,Copernicus_GloFAS,ERA5_V4,NOT_DOWNLOADED,,,,MISSING,No validated MyTho main-river cell/upstream_area is available; the TanChau grid is outside MyTho and was not copied.
1986-12,MyTho,,,,,,Copernicus_GloFAS,ERA5_V4,NOT_DOWNLOADED,,,,MISSING,No validated MyTho main-river cell/upstream_area is available; the TanChau grid is outside MyTho and was not copied.
1987-01,MyTho,,,,,,Copernicus_GloFAS,ERA5_V4,NOT_DOWNLOADED,,,,MISSING,No validated MyTho main-river cell/upstream_area is available; the TanChau grid is outside MyTho and was not copied.
1987-02,MyTho,,,,,,Copernicus_GloFAS,ERA5_V4,NOT_DOWNLOADED,,,,MISSING,No validated MyTho main-river cell/upstream_area is available; the TanChau grid is outside MyTho and was not copied.
1987-03,MyTho,,,,,,Copernicus_GloFAS,ERA5_V4,NOT_DOWNLOADED,,,,MISSING,No validated MyTho main-river cell/upstream_area is available; the TanChau grid is outside MyTho and was not copied.
1987-04,MyTho,,,,,,Copernicus_GloFAS,ERA5_V4,NOT_DOWNLOADED,,,,MISSING,No validated MyTho main-river cell/upstream_area is available; the TanChau grid is outside MyTho and was not copied.
1987-05,MyTho,,,,,,Copernicus_GloFAS,ERA5_V4,NOT_DOWNLOADED,,,,MISSING,No validated MyTho main-river cell/upstream_area is available; the TanChau grid is outside MyTho and was not copied.
1987-06,MyTho,,,,,,Copernicus_GloFAS,ERA5_V4,NOT_DOWNLOADED,,,,MISSING,No validated MyTho main-river cell/upstream_area is available; the TanChau grid is outside MyTho and was not copied.
1987-07,MyTho,,,,,,Copernicus_GloFAS,ERA5_V4,NOT_DOWNLOADED,,,,MISSING,No validated MyTho main-river cell/upstream_area is available; the TanChau grid is outside MyTho and was not copied.
1987-08,MyTho,,,,,,Copernicus_GloFAS,ERA5_V4,NOT_DOWNLOADED,,,,MISSING,No validated MyTho main-river cell/upstream_area is available; the TanChau grid is outside MyTho and was not copied.
1987-09,MyTho,,,,,,Copernicus_GloFAS,ERA5_V4,NOT_DOWNLOADED,,,,MISSING,No validated MyTho main-river cell/upstream_area is available; the TanChau grid is outside MyTho and was not copied.
1987-10,MyTho,,,,,,Copernicus_GloFAS,ERA5_V4,NOT_DOWNLOADED,,,,MISSING,No validated MyTho main-river cell/upstream_area is available; the TanChau grid is outside MyTho and was not copied.
1987-11,MyTho,,,,,,Copernicus_GloFAS,ERA5_V4,NOT_DOWNLOADED,,,,MISSING,No validated MyTho main-river cell/upstream_area is available; the TanChau grid is outside MyTho and was not copied.
1987-12,MyTho,,,,,,Copernicus_GloFAS,ERA5_V4,NOT_DOWNLOADED,,,,MISSING,No validated MyTho main-river cell/upstream_area is available; the TanChau grid is outside MyTho and was not copied.
1988-01,MyTho,,,,,,Copernicus_GloFAS,ERA5_V4,NOT_DOWNLOADED,,,,MISSING,No validated MyTho main-river cell/upstream_area is available; the TanChau grid is outside MyTho and was not copied.
1988-02,MyTho,,,,,,Copernicus_GloFAS,ERA5_V4,NOT_DOWNLOADED,,,,MISSING,No validated MyTho main-river cell/upstream_area is available; the TanChau grid is outside MyTho and was not copied.
1988-03,MyTho,,,,,,Copernicus_GloFAS,ERA5_V4,NOT_DOWNLOADED,,,,MISSING,No validated MyTho main-river cell/upstream_area is available; the TanChau grid is outside MyTho and was not copied.
1988-04,MyTho,,,,,,Copernicus_GloFAS,ERA5_V4,NOT_DOWNLOADED,,,,MISSING,No validated MyTho main-river cell/upstream_area is available; the TanChau grid is outside MyTho and was not copied.
1988-05,MyTho,,,,,,Copernicus_GloFAS,ERA5_V4,NOT_DOWNLOADED,,,,MISSING,No validated MyTho main-river cell/upstream_area is available; the TanChau grid is outside MyTho and was not copied.
1988-06,MyTho,,,,,,Copernicus_GloFAS,ERA5_V4,NOT_DOWNLOADED,,,,MISSING,No validated MyTho main-river cell/upstream_area is available; the TanChau grid is outside MyTho and was not copied.
1988-07,MyTho,,,,,,Copernicus_GloFAS,ERA5_V4,NOT_DOWNLOADED,,,,MISSING,No validated MyTho main-river cell/upstream_area is available; the TanChau grid is outside MyTho and was not copied.
1988-08,MyTho,,,,,,Copernicus_GloFAS,ERA5_V4,NOT_DOWNLOADED,,,,MISSING,No validated MyTho main-river cell/upstream_area is available; the TanChau grid is outside MyTho and was not copied.
1988-09,MyTho,,,,,,Copernicus_GloFAS,ERA5_V4,NOT_DOWNLOADED,,,,MISSING,No validated MyTho main-river cell/upstream_area is available; the TanChau grid is outside MyTho and was not copied.
1988-10,MyTho,,,,,,Copernicus_GloFAS,ERA5_V4,NOT_DOWNLOADED,,,,MISSING,No validated MyTho main-river cell/upstream_area is available; the TanChau grid is outside MyTho and was not copied.
1988-11,MyTho,,,,,,Copernicus_GloFAS,ERA5_V4,NOT_DOWNLOADED,,,,MISSING,No validated MyTho main-river cell/upstream_area is available; the TanChau grid is outside MyTho and was not copied.
1988-12,MyTho,,,,,,Copernicus_GloFAS,ERA5_V4,NOT_DOWNLOADED,,,,MISSING,No validated MyTho main-river cell/upstream_area is available; the TanChau grid is outside MyTho and was not copied.
1989-01,MyTho,,,,,,Copernicus_GloFAS,ERA5_V4,NOT_DOWNLOADED,,,,MISSING,No validated MyTho main-river cell/upstream_area is available; the TanChau grid is outside MyTho and was not copied.
1989-02,MyTho,,,,,,Copernicus_GloFAS,ERA5_V4,NOT_DOWNLOADED,,,,MISSING,No validated MyTho main-river cell/upstream_area is available; the TanChau grid is outside MyTho and was not copied.
1989-03,MyTho,,,,,,Copernicus_GloFAS,ERA5_V4,NOT_DOWNLOADED,,,,MISSING,No validated MyTho main-river cell/upstream_area is available; the TanChau grid is outside MyTho and was not copied.
1989-04,MyTho,,,,,,Copernicus_GloFAS,ERA5_V4,NOT_DOWNLOADED,,,,MISSING,No validated MyTho main-river cell/upstream_area is available; the TanChau grid is outside MyTho and was not copied.
1989-05,MyTho,,,,,,Copernicus_GloFAS,ERA5_V4,NOT_DOWNLOADED,,,,MISSING,No validated MyTho main-river cell/upstream_area is available; the TanChau grid is outside MyTho and was not copied.
1989-06,MyTho,,,,,,Copernicus_GloFAS,ERA5_V4,NOT_DOWNLOADED,,,,MISSING,No validated MyTho main-river cell/upstream_area is available; the TanChau grid is outside MyTho and was not copied.
1989-07,MyTho,,,,,,Copernicus_GloFAS,ERA5_V4,NOT_DOWNLOADED,,,,MISSING,No validated MyTho main-river cell/upstream_area is available; the TanChau grid is outside MyTho and was not copied.
1989-08,MyTho,,,,,,Copernicus_GloFAS,ERA5_V4,NOT_DOWNLOADED,,,,MISSING,No validated MyTho main-river cell/upstream_area is available; the TanChau grid is outside MyTho and was not copied.
1989-09,MyTho,,,,,,Copernicus_GloFAS,ERA5_V4,NOT_DOWNLOADED,,,,MISSING,No validated MyTho main-river cell/upstream_area is available; the TanChau grid is outside MyTho and was not copied.
1989-10,MyTho,,,,,,Copernicus_GloFAS,ERA5_V4,NOT_DOWNLOADED,,,,MISSING,No validated MyTho main-river cell/upstream_area is available; the TanChau grid is outside MyTho and was not copied.
1989-11,MyTho,,,,,,Copernicus_GloFAS,ERA5_V4,NOT_DOWNLOADED,,,,MISSING,No validated MyTho main-river cell/upstream_area is available; the TanChau grid is outside MyTho and was not copied.
1989-12,MyTho,,,,,,Copernicus_GloFAS,ERA5_V4,NOT_DOWNLOADED,,,,MISSING,No validated MyTho main-river cell/upstream_area is available; the TanChau grid is outside MyTho and was not copied.
1990-01,MyTho,,,,,,Copernicus_GloFAS,ERA5_V4,NOT_DOWNLOADED,,,,MISSING,No validated MyTho main-river cell/upstream_area is available; the TanChau grid is outside MyTho and was not copied.
1990-02,MyTho,,,,,,Copernicus_GloFAS,ERA5_V4,NOT_DOWNLOADED,,,,MISSING,No validated MyTho main-river cell/upstream_area is available; the TanChau grid is outside MyTho and was not copied.
1990-03,MyTho,,,,,,Copernicus_GloFAS,ERA5_V4,NOT_DOWNLOADED,,,,MISSING,No validated MyTho main-river cell/upstream_area is available; the TanChau grid is outside MyTho and was not copied.
1990-04,MyTho,,,,,,Copernicus_GloFAS,ERA5_V4,NOT_DOWNLOADED,,,,MISSING,No validated MyTho main-river cell/upstream_area is available; the TanChau grid is outside MyTho and was not copied.
1990-05,MyTho,,,,,,Copernicus_GloFAS,ERA5_V4,NOT_DOWNLOADED,,,,MISSING,No validated MyTho main-river cell/upstream_area is available; the TanChau grid is outside MyTho and was not copied.
1990-06,MyTho,,,,,,Copernicus_GloFAS,ERA5_V4,NOT_DOWNLOADED,,,,MISSING,No validated MyTho main-river cell/upstream_area is available; the TanChau grid is outside MyTho and was not copied.
1990-07,MyTho,,,,,,Copernicus_GloFAS,ERA5_V4,NOT_DOWNLOADED,,,,MISSING,No validated MyTho main-river cell/upstream_area is available; the TanChau grid is outside MyTho and was not copied.
1990-08,MyTho,,,,,,Copernicus_GloFAS,ERA5_V4,NOT_DOWNLOADED,,,,MISSING,No validated MyTho main-river cell/upstream_area is available; the TanChau grid is outside MyTho and was not copied.
1990-09,MyTho,,,,,,Copernicus_GloFAS,ERA5_V4,NOT_DOWNLOADED,,,,MISSING,No validated MyTho main-river cell/upstream_area is available; the TanChau grid is outside MyTho and was not copied.
1990-10,MyTho,,,,,,Copernicus_GloFAS,ERA5_V4,NOT_DOWNLOADED,,,,MISSING,No validated MyTho main-river cell/upstream_area is available; the TanChau grid is outside MyTho and was not copied.
1990-11,MyTho,,,,,,Copernicus_GloFAS,ERA5_V4,NOT_DOWNLOADED,,,,MISSING,No validated MyTho main-river cell/upstream_area is available; the TanChau grid is outside MyTho and was not copied.
1990-12,MyTho,,,,,,Copernicus_GloFAS,ERA5_V4,NOT_DOWNLOADED,,,,MISSING,No validated MyTho main-river cell/upstream_area is available; the TanChau grid is outside MyTho and was not copied.
1991-01,MyTho,,,,,,Copernicus_GloFAS,ERA5_V4,NOT_DOWNLOADED,,,,MISSING,No validated MyTho main-river cell/upstream_area is available; the TanChau grid is outside MyTho and was not copied.
1991-02,MyTho,,,,,,Copernicus_GloFAS,ERA5_V4,NOT_DOWNLOADED,,,,MISSING,No validated MyTho main-river cell/upstream_area is available; the TanChau grid is outside MyTho and was not copied.
1991-03,MyTho,,,,,,Copernicus_GloFAS,ERA5_V4,NOT_DOWNLOADED,,,,MISSING,No validated MyTho main-river cell/upstream_area is available; the TanChau grid is outside MyTho and was not copied.
1991-04,MyTho,,,,,,Copernicus_GloFAS,ERA5_V4,NOT_DOWNLOADED,,,,MISSING,No validated MyTho main-river cell/upstream_area is available; the TanChau grid is outside MyTho and was not copied.
1991-05,MyTho,,,,,,Copernicus_GloFAS,ERA5_V4,NOT_DOWNLOADED,,,,MISSING,No validated MyTho main-river cell/upstream_area is available; the TanChau grid is outside MyTho and was not copied.
1991-06,MyTho,,,,,,Copernicus_GloFAS,ERA5_V4,NOT_DOWNLOADED,,,,MISSING,No validated MyTho main-river cell/upstream_area is available; the TanChau grid is outside MyTho and was not copied.
1991-07,MyTho,,,,,,Copernicus_GloFAS,ERA5_V4,NOT_DOWNLOADED,,,,MISSING,No validated MyTho main-river cell/upstream_area is available; the TanChau grid is outside MyTho and was not copied.
1991-08,MyTho,,,,,,Copernicus_GloFAS,ERA5_V4,NOT_DOWNLOADED,,,,MISSING,No validated MyTho main-river cell/upstream_area is available; the TanChau grid is outside MyTho and was not copied.
1991-09,MyTho,,,,,,Copernicus_GloFAS,ERA5_V4,NOT_DOWNLOADED,,,,MISSING,No validated MyTho main-river cell/upstream_area is available; the TanChau grid is outside MyTho and was not copied.
1991-10,MyTho,,,,,,Copernicus_GloFAS,ERA5_V4,NOT_DOWNLOADED,,,,MISSING,No validated MyTho main-river cell/upstream_area is available; the TanChau grid is outside MyTho and was not copied.
1991-11,MyTho,,,,,,Copernicus_GloFAS,ERA5_V4,NOT_DOWNLOADED,,,,MISSING,No validated MyTho main-river cell/upstream_area is available; the TanChau grid is outside MyTho and was not copied.
1991-12,MyTho,,,,,,Copernicus_GloFAS,ERA5_V4,NOT_DOWNLOADED,,,,MISSING,No validated MyTho main-river cell/upstream_area is available; the TanChau grid is outside MyTho and was not copied.
1992-01,MyTho,,,,,,Copernicus_GloFAS,ERA5_V4,NOT_DOWNLOADED,,,,MISSING,No validated MyTho main-river cell/upstream_area is available; the TanChau grid is outside MyTho and was not copied.
1992-02,MyTho,,,,,,Copernicus_GloFAS,ERA5_V4,NOT_DOWNLOADED,,,,MISSING,No validated MyTho main-river cell/upstream_area is available; the TanChau grid is outside MyTho and was not copied.
1992-03,MyTho,,,,,,Copernicus_GloFAS,ERA5_V4,NOT_DOWNLOADED,,,,MISSING,No validated MyTho main-river cell/upstream_area is available; the TanChau grid is outside MyTho and was not copied.
1992-04,MyTho,,,,,,Copernicus_GloFAS,ERA5_V4,NOT_DOWNLOADED,,,,MISSING,No validated MyTho main-river cell/upstream_area is available; the TanChau grid is outside MyTho and was not copied.
1992-05,MyTho,,,,,,Copernicus_GloFAS,ERA5_V4,NOT_DOWNLOADED,,,,MISSING,No validated MyTho main-river cell/upstream_area is available; the TanChau grid is outside MyTho and was not copied.
1992-06,MyTho,,,,,,Copernicus_GloFAS,ERA5_V4,NOT_DOWNLOADED,,,,MISSING,No validated MyTho main-river cell/upstream_area is available; the TanChau grid is outside MyTho and was not copied.
1992-07,MyTho,,,,,,Copernicus_GloFAS,ERA5_V4,NOT_DOWNLOADED,,,,MISSING,No validated MyTho main-river cell/upstream_area is available; the TanChau grid is outside MyTho and was not copied.
1992-08,MyTho,,,,,,Copernicus_GloFAS,ERA5_V4,NOT_DOWNLOADED,,,,MISSING,No validated MyTho main-river cell/upstream_area is available; the TanChau grid is outside MyTho and was not copied.
1992-09,MyTho,,,,,,Copernicus_GloFAS,ERA5_V4,NOT_DOWNLOADED,,,,MISSING,No validated MyTho main-river cell/upstream_area is available; the TanChau grid is outside MyTho and was not copied.
1992-10,MyTho,,,,,,Copernicus_GloFAS,ERA5_V4,NOT_DOWNLOADED,,,,MISSING,No validated MyTho main-river cell/upstream_area is available; the TanChau grid is outside MyTho and was not copied.
1992-11,MyTho,,,,,,Copernicus_GloFAS,ERA5_V4,NOT_DOWNLOADED,,,,MISSING,No validated MyTho main-river cell/upstream_area is available; the TanChau grid is outside MyTho and was not copied.
1992-12,MyTho,,,,,,Copernicus_GloFAS,ERA5_V4,NOT_DOWNLOADED,,,,MISSING,No validated MyTho main-river cell/upstream_area is available; the TanChau grid is outside MyTho and was not copied.
1993-01,MyTho,,,,,,Copernicus_GloFAS,ERA5_V4,NOT_DOWNLOADED,,,,MISSING,No validated MyTho main-river cell/upstream_area is available; the TanChau grid is outside MyTho and was not copied.
1993-02,MyTho,,,,,,Copernicus_GloFAS,ERA5_V4,NOT_DOWNLOADED,,,,MISSING,No validated MyTho main-river cell/upstream_area is available; the TanChau grid is outside MyTho and was not copied.
1993-03,MyTho,,,,,,Copernicus_GloFAS,ERA5_V4,NOT_DOWNLOADED,,,,MISSING,No validated MyTho main-river cell/upstream_area is available; the TanChau grid is outside MyTho and was not copied.
1993-04,MyTho,,,,,,Copernicus_GloFAS,ERA5_V4,NOT_DOWNLOADED,,,,MISSING,No validated MyTho main-river cell/upstream_area is available; the TanChau grid is outside MyTho and was not copied.
1993-05,MyTho,,,,,,Copernicus_GloFAS,ERA5_V4,NOT_DOWNLOADED,,,,MISSING,No validated MyTho main-river cell/upstream_area is available; the TanChau grid is outside MyTho and was not copied.
1993-06,MyTho,,,,,,Copernicus_GloFAS,ERA5_V4,NOT_DOWNLOADED,,,,MISSING,No validated MyTho main-river cell/upstream_area is available; the TanChau grid is outside MyTho and was not copied.
1993-07,MyTho,,,,,,Copernicus_GloFAS,ERA5_V4,NOT_DOWNLOADED,,,,MISSING,No validated MyTho main-river cell/upstream_area is available; the TanChau grid is outside MyTho and was not copied.
1993-08,MyTho,,,,,,Copernicus_GloFAS,ERA5_V4,NOT_DOWNLOADED,,,,MISSING,No validated MyTho main-river cell/upstream_area is available; the TanChau grid is outside MyTho and was not copied.
1993-09,MyTho,,,,,,Copernicus_GloFAS,ERA5_V4,NOT_DOWNLOADED,,,,MISSING,No validated MyTho main-river cell/upstream_area is available; the TanChau grid is outside MyTho and was not copied.
1993-10,MyTho,,,,,,Copernicus_GloFAS,ERA5_V4,NOT_DOWNLOADED,,,,MISSING,No validated MyTho main-river cell/upstream_area is available; the TanChau grid is outside MyTho and was not copied.
1993-11,MyTho,,,,,,Copernicus_GloFAS,ERA5_V4,NOT_DOWNLOADED,,,,MISSING,No validated MyTho main-river cell/upstream_area is available; the TanChau grid is outside MyTho and was not copied.
1993-12,MyTho,,,,,,Copernicus_GloFAS,ERA5_V4,NOT_DOWNLOADED,,,,MISSING,No validated MyTho main-river cell/upstream_area is available; the TanChau grid is outside MyTho and was not copied.
1994-01,MyTho,,,,,,Copernicus_GloFAS,ERA5_V4,NOT_DOWNLOADED,,,,MISSING,No validated MyTho main-river cell/upstream_area is available; the TanChau grid is outside MyTho and was not copied.
1994-02,MyTho,,,,,,Copernicus_GloFAS,ERA5_V4,NOT_DOWNLOADED,,,,MISSING,No validated MyTho main-river cell/upstream_area is available; the TanChau grid is outside MyTho and was not copied.
1994-03,MyTho,,,,,,Copernicus_GloFAS,ERA5_V4,NOT_DOWNLOADED,,,,MISSING,No validated MyTho main-river cell/upstream_area is available; the TanChau grid is outside MyTho and was not copied.
1994-04,MyTho,,,,,,Copernicus_GloFAS,ERA5_V4,NOT_DOWNLOADED,,,,MISSING,No validated MyTho main-river cell/upstream_area is available; the TanChau grid is outside MyTho and was not copied.
1994-05,MyTho,,,,,,Copernicus_GloFAS,ERA5_V4,NOT_DOWNLOADED,,,,MISSING,No validated MyTho main-river cell/upstream_area is available; the TanChau grid is outside MyTho and was not copied.
1994-06,MyTho,,,,,,Copernicus_GloFAS,ERA5_V4,NOT_DOWNLOADED,,,,MISSING,No validated MyTho main-river cell/upstream_area is available; the TanChau grid is outside MyTho and was not copied.
1994-07,MyTho,,,,,,Copernicus_GloFAS,ERA5_V4,NOT_DOWNLOADED,,,,MISSING,No validated MyTho main-river cell/upstream_area is available; the TanChau grid is outside MyTho and was not copied.
1994-08,MyTho,,,,,,Copernicus_GloFAS,ERA5_V4,NOT_DOWNLOADED,,,,MISSING,No validated MyTho main-river cell/upstream_area is available; the TanChau grid is outside MyTho and was not copied.
1994-09,MyTho,,,,,,Copernicus_GloFAS,ERA5_V4,NOT_DOWNLOADED,,,,MISSING,No validated MyTho main-river cell/upstream_area is available; the TanChau grid is outside MyTho and was not copied.
1994-10,MyTho,,,,,,Copernicus_GloFAS,ERA5_V4,NOT_DOWNLOADED,,,,MISSING,No validated MyTho main-river cell/upstream_area is available; the TanChau grid is outside MyTho and was not copied.
1994-11,MyTho,,,,,,Copernicus_GloFAS,ERA5_V4,NOT_DOWNLOADED,,,,MISSING,No validated MyTho main-river cell/upstream_area is available; the TanChau grid is outside MyTho and was not copied.
1994-12,MyTho,,,,,,Copernicus_GloFAS,ERA5_V4,NOT_DOWNLOADED,,,,MISSING,No validated MyTho main-river cell/upstream_area is available; the TanChau grid is outside MyTho and was not copied.
1995-01,MyTho,,,,,,Copernicus_GloFAS,ERA5_V4,NOT_DOWNLOADED,,,,MISSING,No validated MyTho main-river cell/upstream_area is available; the TanChau grid is outside MyTho and was not copied.
1995-02,MyTho,,,,,,Copernicus_GloFAS,ERA5_V4,NOT_DOWNLOADED,,,,MISSING,No validated MyTho main-river cell/upstream_area is available; the TanChau grid is outside MyTho and was not copied.
1995-03,MyTho,,,,,,Copernicus_GloFAS,ERA5_V4,NOT_DOWNLOADED,,,,MISSING,No validated MyTho main-river cell/upstream_area is available; the TanChau grid is outside MyTho and was not copied.
1995-04,MyTho,,,,,,Copernicus_GloFAS,ERA5_V4,NOT_DOWNLOADED,,,,MISSING,No validated MyTho main-river cell/upstream_area is available; the TanChau grid is outside MyTho and was not copied.
1995-05,MyTho,,,,,,Copernicus_GloFAS,ERA5_V4,NOT_DOWNLOADED,,,,MISSING,No validated MyTho main-river cell/upstream_area is available; the TanChau grid is outside MyTho and was not copied.
1995-06,MyTho,,,,,,Copernicus_GloFAS,ERA5_V4,NOT_DOWNLOADED,,,,MISSING,No validated MyTho main-river cell/upstream_area is available; the TanChau grid is outside MyTho and was not copied.
1995-07,MyTho,,,,,,Copernicus_GloFAS,ERA5_V4,NOT_DOWNLOADED,,,,MISSING,No validated MyTho main-river cell/upstream_area is available; the TanChau grid is outside MyTho and was not copied.
1995-08,MyTho,,,,,,Copernicus_GloFAS,ERA5_V4,NOT_DOWNLOADED,,,,MISSING,No validated MyTho main-river cell/upstream_area is available; the TanChau grid is outside MyTho and was not copied.
1995-09,MyTho,,,,,,Copernicus_GloFAS,ERA5_V4,NOT_DOWNLOADED,,,,MISSING,No validated MyTho main-river cell/upstream_area is available; the TanChau grid is outside MyTho and was not copied.
1995-10,MyTho,,,,,,Copernicus_GloFAS,ERA5_V4,NOT_DOWNLOADED,,,,MISSING,No validated MyTho main-river cell/upstream_area is available; the TanChau grid is outside MyTho and was not copied.
1995-11,MyTho,,,,,,Copernicus_GloFAS,ERA5_V4,NOT_DOWNLOADED,,,,MISSING,No validated MyTho main-river cell/upstream_area is available; the TanChau grid is outside MyTho and was not copied.
1995-12,MyTho,,,,,,Copernicus_GloFAS,ERA5_V4,NOT_DOWNLOADED,,,,MISSING,No validated MyTho main-river cell/upstream_area is available; the TanChau grid is outside MyTho and was not copied.
1996-01,MyTho,,,,,,Copernicus_GloFAS,ERA5_V4,NOT_DOWNLOADED,,,,MISSING,No validated MyTho main-river cell/upstream_area is available; the TanChau grid is outside MyTho and was not copied.
1996-02,MyTho,,,,,,Copernicus_GloFAS,ERA5_V4,NOT_DOWNLOADED,,,,MISSING,No validated MyTho main-river cell/upstream_area is available; the TanChau grid is outside MyTho and was not copied.
1996-03,MyTho,,,,,,Copernicus_GloFAS,ERA5_V4,NOT_DOWNLOADED,,,,MISSING,No validated MyTho main-river cell/upstream_area is available; the TanChau grid is outside MyTho and was not copied.
1996-04,MyTho,,,,,,Copernicus_GloFAS,ERA5_V4,NOT_DOWNLOADED,,,,MISSING,No validated MyTho main-river cell/upstream_area is available; the TanChau grid is outside MyTho and was not copied.
1996-05,MyTho,,,,,,Copernicus_GloFAS,ERA5_V4,NOT_DOWNLOADED,,,,MISSING,No validated MyTho main-river cell/upstream_area is available; the TanChau grid is outside MyTho and was not copied.
1996-06,MyTho,,,,,,Copernicus_GloFAS,ERA5_V4,NOT_DOWNLOADED,,,,MISSING,No validated MyTho main-river cell/upstream_area is available; the TanChau grid is outside MyTho and was not copied.
1996-07,MyTho,,,,,,Copernicus_GloFAS,ERA5_V4,NOT_DOWNLOADED,,,,MISSING,No validated MyTho main-river cell/upstream_area is available; the TanChau grid is outside MyTho and was not copied.
1996-08,MyTho,,,,,,Copernicus_GloFAS,ERA5_V4,NOT_DOWNLOADED,,,,MISSING,No validated MyTho main-river cell/upstream_area is available; the TanChau grid is outside MyTho and was not copied.
1996-09,MyTho,,,,,,Copernicus_GloFAS,ERA5_V4,NOT_DOWNLOADED,,,,MISSING,No validated MyTho main-river cell/upstream_area is available; the TanChau grid is outside MyTho and was not copied.
1996-10,MyTho,,,,,,Copernicus_GloFAS,ERA5_V4,NOT_DOWNLOADED,,,,MISSING,No validated MyTho main-river cell/upstream_area is available; the TanChau grid is outside MyTho and was not copied.
1996-11,MyTho,,,,,,Copernicus_GloFAS,ERA5_V4,NOT_DOWNLOADED,,,,MISSING,No validated MyTho main-river cell/upstream_area is available; the TanChau grid is outside MyTho and was not copied.
1996-12,MyTho,,,,,,Copernicus_GloFAS,ERA5_V4,NOT_DOWNLOADED,,,,MISSING,No validated MyTho main-river cell/upstream_area is available; the TanChau grid is outside MyTho and was not copied.
1997-01,MyTho,,,,,,Copernicus_GloFAS,ERA5_V4,NOT_DOWNLOADED,,,,MISSING,No validated MyTho main-river cell/upstream_area is available; the TanChau grid is outside MyTho and was not copied.
1997-02,MyTho,,,,,,Copernicus_GloFAS,ERA5_V4,NOT_DOWNLOADED,,,,MISSING,No validated MyTho main-river cell/upstream_area is available; the TanChau grid is outside MyTho and was not copied.
1997-03,MyTho,,,,,,Copernicus_GloFAS,ERA5_V4,NOT_DOWNLOADED,,,,MISSING,No validated MyTho main-river cell/upstream_area is available; the TanChau grid is outside MyTho and was not copied.
1997-04,MyTho,,,,,,Copernicus_GloFAS,ERA5_V4,NOT_DOWNLOADED,,,,MISSING,No validated MyTho main-river cell/upstream_area is available; the TanChau grid is outside MyTho and was not copied.
1997-05,MyTho,,,,,,Copernicus_GloFAS,ERA5_V4,NOT_DOWNLOADED,,,,MISSING,No validated MyTho main-river cell/upstream_area is available; the TanChau grid is outside MyTho and was not copied.
1997-06,MyTho,,,,,,Copernicus_GloFAS,ERA5_V4,NOT_DOWNLOADED,,,,MISSING,No validated MyTho main-river cell/upstream_area is available; the TanChau grid is outside MyTho and was not copied.
1997-07,MyTho,,,,,,Copernicus_GloFAS,ERA5_V4,NOT_DOWNLOADED,,,,MISSING,No validated MyTho main-river cell/upstream_area is available; the TanChau grid is outside MyTho and was not copied.
1997-08,MyTho,,,,,,Copernicus_GloFAS,ERA5_V4,NOT_DOWNLOADED,,,,MISSING,No validated MyTho main-river cell/upstream_area is available; the TanChau grid is outside MyTho and was not copied.
1997-09,MyTho,,,,,,Copernicus_GloFAS,ERA5_V4,NOT_DOWNLOADED,,,,MISSING,No validated MyTho main-river cell/upstream_area is available; the TanChau grid is outside MyTho and was not copied.
1997-10,MyTho,,,,,,Copernicus_GloFAS,ERA5_V4,NOT_DOWNLOADED,,,,MISSING,No validated MyTho main-river cell/upstream_area is available; the TanChau grid is outside MyTho and was not copied.
1997-11,MyTho,,,,,,Copernicus_GloFAS,ERA5_V4,NOT_DOWNLOADED,,,,MISSING,No validated MyTho main-river cell/upstream_area is available; the TanChau grid is outside MyTho and was not copied.
1997-12,MyTho,,,,,,Copernicus_GloFAS,ERA5_V4,NOT_DOWNLOADED,,,,MISSING,No validated MyTho main-river cell/upstream_area is available; the TanChau grid is outside MyTho and was not copied.
1998-01,MyTho,,,,,,Copernicus_GloFAS,ERA5_V4,NOT_DOWNLOADED,,,,MISSING,No validated MyTho main-river cell/upstream_area is available; the TanChau grid is outside MyTho and was not copied.
1998-02,MyTho,,,,,,Copernicus_GloFAS,ERA5_V4,NOT_DOWNLOADED,,,,MISSING,No validated MyTho main-river cell/upstream_area is available; the TanChau grid is outside MyTho and was not copied.
1998-03,MyTho,,,,,,Copernicus_GloFAS,ERA5_V4,NOT_DOWNLOADED,,,,MISSING,No validated MyTho main-river cell/upstream_area is available; the TanChau grid is outside MyTho and was not copied.
1998-04,MyTho,,,,,,Copernicus_GloFAS,ERA5_V4,NOT_DOWNLOADED,,,,MISSING,No validated MyTho main-river cell/upstream_area is available; the TanChau grid is outside MyTho and was not copied.
1998-05,MyTho,,,,,,Copernicus_GloFAS,ERA5_V4,NOT_DOWNLOADED,,,,MISSING,No validated MyTho main-river cell/upstream_area is available; the TanChau grid is outside MyTho and was not copied.
1998-06,MyTho,,,,,,Copernicus_GloFAS,ERA5_V4,NOT_DOWNLOADED,,,,MISSING,No validated MyTho main-river cell/upstream_area is available; the TanChau grid is outside MyTho and was not copied.
1998-07,MyTho,,,,,,Copernicus_GloFAS,ERA5_V4,NOT_DOWNLOADED,,,,MISSING,No validated MyTho main-river cell/upstream_area is available; the TanChau grid is outside MyTho and was not copied.
1998-08,MyTho,,,,,,Copernicus_GloFAS,ERA5_V4,NOT_DOWNLOADED,,,,MISSING,No validated MyTho main-river cell/upstream_area is available; the TanChau grid is outside MyTho and was not copied.
1998-09,MyTho,,,,,,Copernicus_GloFAS,ERA5_V4,NOT_DOWNLOADED,,,,MISSING,No validated MyTho main-river cell/upstream_area is available; the TanChau grid is outside MyTho and was not copied.
1998-10,MyTho,,,,,,Copernicus_GloFAS,ERA5_V4,NOT_DOWNLOADED,,,,MISSING,No validated MyTho main-river cell/upstream_area is available; the TanChau grid is outside MyTho and was not copied.
1998-11,MyTho,,,,,,Copernicus_GloFAS,ERA5_V4,NOT_DOWNLOADED,,,,MISSING,No validated MyTho main-river cell/upstream_area is available; the TanChau grid is outside MyTho and was not copied.
1998-12,MyTho,,,,,,Copernicus_GloFAS,ERA5_V4,NOT_DOWNLOADED,,,,MISSING,No validated MyTho main-river cell/upstream_area is available; the TanChau grid is outside MyTho and was not copied.
1999-01,MyTho,,,,,,Copernicus_GloFAS,ERA5_V4,NOT_DOWNLOADED,,,,MISSING,No validated MyTho main-river cell/upstream_area is available; the TanChau grid is outside MyTho and was not copied.
1999-02,MyTho,,,,,,Copernicus_GloFAS,ERA5_V4,NOT_DOWNLOADED,,,,MISSING,No validated MyTho main-river cell/upstream_area is available; the TanChau grid is outside MyTho and was not copied.
1999-03,MyTho,,,,,,Copernicus_GloFAS,ERA5_V4,NOT_DOWNLOADED,,,,MISSING,No validated MyTho main-river cell/upstream_area is available; the TanChau grid is outside MyTho and was not copied.
1999-04,MyTho,,,,,,Copernicus_GloFAS,ERA5_V4,NOT_DOWNLOADED,,,,MISSING,No validated MyTho main-river cell/upstream_area is available; the TanChau grid is outside MyTho and was not copied.
1999-05,MyTho,,,,,,Copernicus_GloFAS,ERA5_V4,NOT_DOWNLOADED,,,,MISSING,No validated MyTho main-river cell/upstream_area is available; the TanChau grid is outside MyTho and was not copied.
1999-06,MyTho,,,,,,Copernicus_GloFAS,ERA5_V4,NOT_DOWNLOADED,,,,MISSING,No validated MyTho main-river cell/upstream_area is available; the TanChau grid is outside MyTho and was not copied.
1999-07,MyTho,,,,,,Copernicus_GloFAS,ERA5_V4,NOT_DOWNLOADED,,,,MISSING,No validated MyTho main-river cell/upstream_area is available; the TanChau grid is outside MyTho and was not copied.
1999-08,MyTho,,,,,,Copernicus_GloFAS,ERA5_V4,NOT_DOWNLOADED,,,,MISSING,No validated MyTho main-river cell/upstream_area is available; the TanChau grid is outside MyTho and was not copied.
1999-09,MyTho,,,,,,Copernicus_GloFAS,ERA5_V4,NOT_DOWNLOADED,,,,MISSING,No validated MyTho main-river cell/upstream_area is available; the TanChau grid is outside MyTho and was not copied.
1999-10,MyTho,,,,,,Copernicus_GloFAS,ERA5_V4,NOT_DOWNLOADED,,,,MISSING,No validated MyTho main-river cell/upstream_area is available; the TanChau grid is outside MyTho and was not copied.
1999-11,MyTho,,,,,,Copernicus_GloFAS,ERA5_V4,NOT_DOWNLOADED,,,,MISSING,No validated MyTho main-river cell/upstream_area is available; the TanChau grid is outside MyTho and was not copied.
1999-12,MyTho,,,,,,Copernicus_GloFAS,ERA5_V4,NOT_DOWNLOADED,,,,MISSING,No validated MyTho main-river cell/upstream_area is available; the TanChau grid is outside MyTho and was not copied.
2000-01,MyTho,,,,,,Copernicus_GloFAS,ERA5_V4,NOT_DOWNLOADED,,,,MISSING,No validated MyTho main-river cell/upstream_area is available; the TanChau grid is outside MyTho and was not copied.
2000-02,MyTho,,,,,,Copernicus_GloFAS,ERA5_V4,NOT_DOWNLOADED,,,,MISSING,No validated MyTho main-river cell/upstream_area is available; the TanChau grid is outside MyTho and was not copied.
2000-03,MyTho,,,,,,Copernicus_GloFAS,ERA5_V4,NOT_DOWNLOADED,,,,MISSING,No validated MyTho main-river cell/upstream_area is available; the TanChau grid is outside MyTho and was not copied.
2000-04,MyTho,,,,,,Copernicus_GloFAS,ERA5_V4,NOT_DOWNLOADED,,,,MISSING,No validated MyTho main-river cell/upstream_area is available; the TanChau grid is outside MyTho and was not copied.
2000-05,MyTho,,,,,,Copernicus_GloFAS,ERA5_V4,NOT_DOWNLOADED,,,,MISSING,No validated MyTho main-river cell/upstream_area is available; the TanChau grid is outside MyTho and was not copied.
2000-06,MyTho,,,,,,Copernicus_GloFAS,ERA5_V4,NOT_DOWNLOADED,,,,MISSING,No validated MyTho main-river cell/upstream_area is available; the TanChau grid is outside MyTho and was not copied.
2000-07,MyTho,,,,,,Copernicus_GloFAS,ERA5_V4,NOT_DOWNLOADED,,,,MISSING,No validated MyTho main-river cell/upstream_area is available; the TanChau grid is outside MyTho and was not copied.
2000-08,MyTho,,,,,,Copernicus_GloFAS,ERA5_V4,NOT_DOWNLOADED,,,,MISSING,No validated MyTho main-river cell/upstream_area is available; the TanChau grid is outside MyTho and was not copied.
2000-09,MyTho,,,,,,Copernicus_GloFAS,ERA5_V4,NOT_DOWNLOADED,,,,MISSING,No validated MyTho main-river cell/upstream_area is available; the TanChau grid is outside MyTho and was not copied.
2000-10,MyTho,,,,,,Copernicus_GloFAS,ERA5_V4,NOT_DOWNLOADED,,,,MISSING,No validated MyTho main-river cell/upstream_area is available; the TanChau grid is outside MyTho and was not copied.
2000-11,MyTho,,,,,,Copernicus_GloFAS,ERA5_V4,NOT_DOWNLOADED,,,,MISSING,No validated MyTho main-river cell/upstream_area is available; the TanChau grid is outside MyTho and was not copied.
2000-12,MyTho,,,,,,Copernicus_GloFAS,ERA5_V4,NOT_DOWNLOADED,,,,MISSING,No validated MyTho main-river cell/upstream_area is available; the TanChau grid is outside MyTho and was not copied.
2001-01,MyTho,,,,,,Copernicus_GloFAS,ERA5_V4,NOT_DOWNLOADED,,,,MISSING,No validated MyTho main-river cell/upstream_area is available; the TanChau grid is outside MyTho and was not copied.
2001-02,MyTho,,,,,,Copernicus_GloFAS,ERA5_V4,NOT_DOWNLOADED,,,,MISSING,No validated MyTho main-river cell/upstream_area is available; the TanChau grid is outside MyTho and was not copied.
2001-03,MyTho,,,,,,Copernicus_GloFAS,ERA5_V4,NOT_DOWNLOADED,,,,MISSING,No validated MyTho main-river cell/upstream_area is available; the TanChau grid is outside MyTho and was not copied.
2001-04,MyTho,,,,,,Copernicus_GloFAS,ERA5_V4,NOT_DOWNLOADED,,,,MISSING,No validated MyTho main-river cell/upstream_area is available; the TanChau grid is outside MyTho and was not copied.
2001-05,MyTho,,,,,,Copernicus_GloFAS,ERA5_V4,NOT_DOWNLOADED,,,,MISSING,No validated MyTho main-river cell/upstream_area is available; the TanChau grid is outside MyTho and was not copied.
2001-06,MyTho,,,,,,Copernicus_GloFAS,ERA5_V4,NOT_DOWNLOADED,,,,MISSING,No validated MyTho main-river cell/upstream_area is available; the TanChau grid is outside MyTho and was not copied.
2001-07,MyTho,,,,,,Copernicus_GloFAS,ERA5_V4,NOT_DOWNLOADED,,,,MISSING,No validated MyTho main-river cell/upstream_area is available; the TanChau grid is outside MyTho and was not copied.
2001-08,MyTho,,,,,,Copernicus_GloFAS,ERA5_V4,NOT_DOWNLOADED,,,,MISSING,No validated MyTho main-river cell/upstream_area is available; the TanChau grid is outside MyTho and was not copied.
2001-09,MyTho,,,,,,Copernicus_GloFAS,ERA5_V4,NOT_DOWNLOADED,,,,MISSING,No validated MyTho main-river cell/upstream_area is available; the TanChau grid is outside MyTho and was not copied.
2001-10,MyTho,,,,,,Copernicus_GloFAS,ERA5_V4,NOT_DOWNLOADED,,,,MISSING,No validated MyTho main-river cell/upstream_area is available; the TanChau grid is outside MyTho and was not copied.
2001-11,MyTho,,,,,,Copernicus_GloFAS,ERA5_V4,NOT_DOWNLOADED,,,,MISSING,No validated MyTho main-river cell/upstream_area is available; the TanChau grid is outside MyTho and was not copied.
2001-12,MyTho,,,,,,Copernicus_GloFAS,ERA5_V4,NOT_DOWNLOADED,,,,MISSING,No validated MyTho main-river cell/upstream_area is available; the TanChau grid is outside MyTho and was not copied.
2002-01,MyTho,,,,,,Copernicus_GloFAS,ERA5_V4,NOT_DOWNLOADED,,,,MISSING,No validated MyTho main-river cell/upstream_area is available; the TanChau grid is outside MyTho and was not copied.
2002-02,MyTho,,,,,,Copernicus_GloFAS,ERA5_V4,NOT_DOWNLOADED,,,,MISSING,No validated MyTho main-river cell/upstream_area is available; the TanChau grid is outside MyTho and was not copied.
2002-03,MyTho,,,,,,Copernicus_GloFAS,ERA5_V4,NOT_DOWNLOADED,,,,MISSING,No validated MyTho main-river cell/upstream_area is available; the TanChau grid is outside MyTho and was not copied.
2002-04,MyTho,,,,,,Copernicus_GloFAS,ERA5_V4,NOT_DOWNLOADED,,,,MISSING,No validated MyTho main-river cell/upstream_area is available; the TanChau grid is outside MyTho and was not copied.
2002-05,MyTho,,,,,,Copernicus_GloFAS,ERA5_V4,NOT_DOWNLOADED,,,,MISSING,No validated MyTho main-river cell/upstream_area is available; the TanChau grid is outside MyTho and was not copied.
2002-06,MyTho,,,,,,Copernicus_GloFAS,ERA5_V4,NOT_DOWNLOADED,,,,MISSING,No validated MyTho main-river cell/upstream_area is available; the TanChau grid is outside MyTho and was not copied.
2002-07,MyTho,,,,,,Copernicus_GloFAS,ERA5_V4,NOT_DOWNLOADED,,,,MISSING,No validated MyTho main-river cell/upstream_area is available; the TanChau grid is outside MyTho and was not copied.
2002-08,MyTho,,,,,,Copernicus_GloFAS,ERA5_V4,NOT_DOWNLOADED,,,,MISSING,No validated MyTho main-river cell/upstream_area is available; the TanChau grid is outside MyTho and was not copied.
2002-09,MyTho,,,,,,Copernicus_GloFAS,ERA5_V4,NOT_DOWNLOADED,,,,MISSING,No validated MyTho main-river cell/upstream_area is available; the TanChau grid is outside MyTho and was not copied.
2002-10,MyTho,,,,,,Copernicus_GloFAS,ERA5_V4,NOT_DOWNLOADED,,,,MISSING,No validated MyTho main-river cell/upstream_area is available; the TanChau grid is outside MyTho and was not copied.
2002-11,MyTho,,,,,,Copernicus_GloFAS,ERA5_V4,NOT_DOWNLOADED,,,,MISSING,No validated MyTho main-river cell/upstream_area is available; the TanChau grid is outside MyTho and was not copied.
2002-12,MyTho,,,,,,Copernicus_GloFAS,ERA5_V4,NOT_DOWNLOADED,,,,MISSING,No validated MyTho main-river cell/upstream_area is available; the TanChau grid is outside MyTho and was not copied.
2003-01,MyTho,,,,,,Copernicus_GloFAS,ERA5_V4,NOT_DOWNLOADED,,,,MISSING,No validated MyTho main-river cell/upstream_area is available; the TanChau grid is outside MyTho and was not copied.
2003-02,MyTho,,,,,,Copernicus_GloFAS,ERA5_V4,NOT_DOWNLOADED,,,,MISSING,No validated MyTho main-river cell/upstream_area is available; the TanChau grid is outside MyTho and was not copied.
2003-03,MyTho,,,,,,Copernicus_GloFAS,ERA5_V4,NOT_DOWNLOADED,,,,MISSING,No validated MyTho main-river cell/upstream_area is available; the TanChau grid is outside MyTho and was not copied.
2003-04,MyTho,,,,,,Copernicus_GloFAS,ERA5_V4,NOT_DOWNLOADED,,,,MISSING,No validated MyTho main-river cell/upstream_area is available; the TanChau grid is outside MyTho and was not copied.
2003-05,MyTho,,,,,,Copernicus_GloFAS,ERA5_V4,NOT_DOWNLOADED,,,,MISSING,No validated MyTho main-river cell/upstream_area is available; the TanChau grid is outside MyTho and was not copied.
2003-06,MyTho,,,,,,Copernicus_GloFAS,ERA5_V4,NOT_DOWNLOADED,,,,MISSING,No validated MyTho main-river cell/upstream_area is available; the TanChau grid is outside MyTho and was not copied.
2003-07,MyTho,,,,,,Copernicus_GloFAS,ERA5_V4,NOT_DOWNLOADED,,,,MISSING,No validated MyTho main-river cell/upstream_area is available; the TanChau grid is outside MyTho and was not copied.
2003-08,MyTho,,,,,,Copernicus_GloFAS,ERA5_V4,NOT_DOWNLOADED,,,,MISSING,No validated MyTho main-river cell/upstream_area is available; the TanChau grid is outside MyTho and was not copied.
2003-09,MyTho,,,,,,Copernicus_GloFAS,ERA5_V4,NOT_DOWNLOADED,,,,MISSING,No validated MyTho main-river cell/upstream_area is available; the TanChau grid is outside MyTho and was not copied.
2003-10,MyTho,,,,,,Copernicus_GloFAS,ERA5_V4,NOT_DOWNLOADED,,,,MISSING,No validated MyTho main-river cell/upstream_area is available; the TanChau grid is outside MyTho and was not copied.
2003-11,MyTho,,,,,,Copernicus_GloFAS,ERA5_V4,NOT_DOWNLOADED,,,,MISSING,No validated MyTho main-river cell/upstream_area is available; the TanChau grid is outside MyTho and was not copied.
2003-12,MyTho,,,,,,Copernicus_GloFAS,ERA5_V4,NOT_DOWNLOADED,,,,MISSING,No validated MyTho main-river cell/upstream_area is available; the TanChau grid is outside MyTho and was not copied.
2004-01,MyTho,,,,,,Copernicus_GloFAS,ERA5_V4,NOT_DOWNLOADED,,,,MISSING,No validated MyTho main-river cell/upstream_area is available; the TanChau grid is outside MyTho and was not copied.
2004-02,MyTho,,,,,,Copernicus_GloFAS,ERA5_V4,NOT_DOWNLOADED,,,,MISSING,No validated MyTho main-river cell/upstream_area is available; the TanChau grid is outside MyTho and was not copied.
2004-03,MyTho,,,,,,Copernicus_GloFAS,ERA5_V4,NOT_DOWNLOADED,,,,MISSING,No validated MyTho main-river cell/upstream_area is available; the TanChau grid is outside MyTho and was not copied.
2004-04,MyTho,,,,,,Copernicus_GloFAS,ERA5_V4,NOT_DOWNLOADED,,,,MISSING,No validated MyTho main-river cell/upstream_area is available; the TanChau grid is outside MyTho and was not copied.
2004-05,MyTho,,,,,,Copernicus_GloFAS,ERA5_V4,NOT_DOWNLOADED,,,,MISSING,No validated MyTho main-river cell/upstream_area is available; the TanChau grid is outside MyTho and was not copied.
2004-06,MyTho,,,,,,Copernicus_GloFAS,ERA5_V4,NOT_DOWNLOADED,,,,MISSING,No validated MyTho main-river cell/upstream_area is available; the TanChau grid is outside MyTho and was not copied.
2004-07,MyTho,,,,,,Copernicus_GloFAS,ERA5_V4,NOT_DOWNLOADED,,,,MISSING,No validated MyTho main-river cell/upstream_area is available; the TanChau grid is outside MyTho and was not copied.
2004-08,MyTho,,,,,,Copernicus_GloFAS,ERA5_V4,NOT_DOWNLOADED,,,,MISSING,No validated MyTho main-river cell/upstream_area is available; the TanChau grid is outside MyTho and was not copied.
2004-09,MyTho,,,,,,Copernicus_GloFAS,ERA5_V4,NOT_DOWNLOADED,,,,MISSING,No validated MyTho main-river cell/upstream_area is available; the TanChau grid is outside MyTho and was not copied.
2004-10,MyTho,,,,,,Copernicus_GloFAS,ERA5_V4,NOT_DOWNLOADED,,,,MISSING,No validated MyTho main-river cell/upstream_area is available; the TanChau grid is outside MyTho and was not copied.
2004-11,MyTho,,,,,,Copernicus_GloFAS,ERA5_V4,NOT_DOWNLOADED,,,,MISSING,No validated MyTho main-river cell/upstream_area is available; the TanChau grid is outside MyTho and was not copied.
2004-12,MyTho,,,,,,Copernicus_GloFAS,ERA5_V4,NOT_DOWNLOADED,,,,MISSING,No validated MyTho main-river cell/upstream_area is available; the TanChau grid is outside MyTho and was not copied.
2005-01,MyTho,,,,,,Copernicus_GloFAS,ERA5_V4,NOT_DOWNLOADED,,,,MISSING,No validated MyTho main-river cell/upstream_area is available; the TanChau grid is outside MyTho and was not copied.
2005-02,MyTho,,,,,,Copernicus_GloFAS,ERA5_V4,NOT_DOWNLOADED,,,,MISSING,No validated MyTho main-river cell/upstream_area is available; the TanChau grid is outside MyTho and was not copied.
2005-03,MyTho,,,,,,Copernicus_GloFAS,ERA5_V4,NOT_DOWNLOADED,,,,MISSING,No validated MyTho main-river cell/upstream_area is available; the TanChau grid is outside MyTho and was not copied.
2005-04,MyTho,,,,,,Copernicus_GloFAS,ERA5_V4,NOT_DOWNLOADED,,,,MISSING,No validated MyTho main-river cell/upstream_area is available; the TanChau grid is outside MyTho and was not copied.
2005-05,MyTho,,,,,,Copernicus_GloFAS,ERA5_V4,NOT_DOWNLOADED,,,,MISSING,No validated MyTho main-river cell/upstream_area is available; the TanChau grid is outside MyTho and was not copied.
2005-06,MyTho,,,,,,Copernicus_GloFAS,ERA5_V4,NOT_DOWNLOADED,,,,MISSING,No validated MyTho main-river cell/upstream_area is available; the TanChau grid is outside MyTho and was not copied.
2005-07,MyTho,,,,,,Copernicus_GloFAS,ERA5_V4,NOT_DOWNLOADED,,,,MISSING,No validated MyTho main-river cell/upstream_area is available; the TanChau grid is outside MyTho and was not copied.
2005-08,MyTho,,,,,,Copernicus_GloFAS,ERA5_V4,NOT_DOWNLOADED,,,,MISSING,No validated MyTho main-river cell/upstream_area is available; the TanChau grid is outside MyTho and was not copied.
2005-09,MyTho,,,,,,Copernicus_GloFAS,ERA5_V4,NOT_DOWNLOADED,,,,MISSING,No validated MyTho main-river cell/upstream_area is available; the TanChau grid is outside MyTho and was not copied.
2005-10,MyTho,,,,,,Copernicus_GloFAS,ERA5_V4,NOT_DOWNLOADED,,,,MISSING,No validated MyTho main-river cell/upstream_area is available; the TanChau grid is outside MyTho and was not copied.
2005-11,MyTho,,,,,,Copernicus_GloFAS,ERA5_V4,NOT_DOWNLOADED,,,,MISSING,No validated MyTho main-river cell/upstream_area is available; the TanChau grid is outside MyTho and was not copied.
2005-12,MyTho,,,,,,Copernicus_GloFAS,ERA5_V4,NOT_DOWNLOADED,,,,MISSING,No validated MyTho main-river cell/upstream_area is available; the TanChau grid is outside MyTho and was not copied.
2006-01,MyTho,,,,,,Copernicus_GloFAS,ERA5_V4,NOT_DOWNLOADED,,,,MISSING,No validated MyTho main-river cell/upstream_area is available; the TanChau grid is outside MyTho and was not copied.
2006-02,MyTho,,,,,,Copernicus_GloFAS,ERA5_V4,NOT_DOWNLOADED,,,,MISSING,No validated MyTho main-river cell/upstream_area is available; the TanChau grid is outside MyTho and was not copied.
2006-03,MyTho,,,,,,Copernicus_GloFAS,ERA5_V4,NOT_DOWNLOADED,,,,MISSING,No validated MyTho main-river cell/upstream_area is available; the TanChau grid is outside MyTho and was not copied.
2006-04,MyTho,,,,,,Copernicus_GloFAS,ERA5_V4,NOT_DOWNLOADED,,,,MISSING,No validated MyTho main-river cell/upstream_area is available; the TanChau grid is outside MyTho and was not copied.
2006-05,MyTho,,,,,,Copernicus_GloFAS,ERA5_V4,NOT_DOWNLOADED,,,,MISSING,No validated MyTho main-river cell/upstream_area is available; the TanChau grid is outside MyTho and was not copied.
2006-06,MyTho,,,,,,Copernicus_GloFAS,ERA5_V4,NOT_DOWNLOADED,,,,MISSING,No validated MyTho main-river cell/upstream_area is available; the TanChau grid is outside MyTho and was not copied.
2006-07,MyTho,,,,,,Copernicus_GloFAS,ERA5_V4,NOT_DOWNLOADED,,,,MISSING,No validated MyTho main-river cell/upstream_area is available; the TanChau grid is outside MyTho and was not copied.
2006-08,MyTho,,,,,,Copernicus_GloFAS,ERA5_V4,NOT_DOWNLOADED,,,,MISSING,No validated MyTho main-river cell/upstream_area is available; the TanChau grid is outside MyTho and was not copied.
2006-09,MyTho,,,,,,Copernicus_GloFAS,ERA5_V4,NOT_DOWNLOADED,,,,MISSING,No validated MyTho main-river cell/upstream_area is available; the TanChau grid is outside MyTho and was not copied.
2006-10,MyTho,,,,,,Copernicus_GloFAS,ERA5_V4,NOT_DOWNLOADED,,,,MISSING,No validated MyTho main-river cell/upstream_area is available; the TanChau grid is outside MyTho and was not copied.
2006-11,MyTho,,,,,,Copernicus_GloFAS,ERA5_V4,NOT_DOWNLOADED,,,,MISSING,No validated MyTho main-river cell/upstream_area is available; the TanChau grid is outside MyTho and was not copied.
2006-12,MyTho,,,,,,Copernicus_GloFAS,ERA5_V4,NOT_DOWNLOADED,,,,MISSING,No validated MyTho main-river cell/upstream_area is available; the TanChau grid is outside MyTho and was not copied.
2007-01,MyTho,,,,,,Copernicus_GloFAS,ERA5_V4,NOT_DOWNLOADED,,,,MISSING,No validated MyTho main-river cell/upstream_area is available; the TanChau grid is outside MyTho and was not copied.
2007-02,MyTho,,,,,,Copernicus_GloFAS,ERA5_V4,NOT_DOWNLOADED,,,,MISSING,No validated MyTho main-river cell/upstream_area is available; the TanChau grid is outside MyTho and was not copied.
2007-03,MyTho,,,,,,Copernicus_GloFAS,ERA5_V4,NOT_DOWNLOADED,,,,MISSING,No validated MyTho main-river cell/upstream_area is available; the TanChau grid is outside MyTho and was not copied.
2007-04,MyTho,,,,,,Copernicus_GloFAS,ERA5_V4,NOT_DOWNLOADED,,,,MISSING,No validated MyTho main-river cell/upstream_area is available; the TanChau grid is outside MyTho and was not copied.
2007-05,MyTho,,,,,,Copernicus_GloFAS,ERA5_V4,NOT_DOWNLOADED,,,,MISSING,No validated MyTho main-river cell/upstream_area is available; the TanChau grid is outside MyTho and was not copied.
2007-06,MyTho,,,,,,Copernicus_GloFAS,ERA5_V4,NOT_DOWNLOADED,,,,MISSING,No validated MyTho main-river cell/upstream_area is available; the TanChau grid is outside MyTho and was not copied.
2007-07,MyTho,,,,,,Copernicus_GloFAS,ERA5_V4,NOT_DOWNLOADED,,,,MISSING,No validated MyTho main-river cell/upstream_area is available; the TanChau grid is outside MyTho and was not copied.
2007-08,MyTho,,,,,,Copernicus_GloFAS,ERA5_V4,NOT_DOWNLOADED,,,,MISSING,No validated MyTho main-river cell/upstream_area is available; the TanChau grid is outside MyTho and was not copied.
2007-09,MyTho,,,,,,Copernicus_GloFAS,ERA5_V4,NOT_DOWNLOADED,,,,MISSING,No validated MyTho main-river cell/upstream_area is available; the TanChau grid is outside MyTho and was not copied.
2007-10,MyTho,,,,,,Copernicus_GloFAS,ERA5_V4,NOT_DOWNLOADED,,,,MISSING,No validated MyTho main-river cell/upstream_area is available; the TanChau grid is outside MyTho and was not copied.
2007-11,MyTho,,,,,,Copernicus_GloFAS,ERA5_V4,NOT_DOWNLOADED,,,,MISSING,No validated MyTho main-river cell/upstream_area is available; the TanChau grid is outside MyTho and was not copied.
2007-12,MyTho,,,,,,Copernicus_GloFAS,ERA5_V4,NOT_DOWNLOADED,,,,MISSING,No validated MyTho main-river cell/upstream_area is available; the TanChau grid is outside MyTho and was not copied.
2008-01,MyTho,,,,,,Copernicus_GloFAS,ERA5_V4,NOT_DOWNLOADED,,,,MISSING,No validated MyTho main-river cell/upstream_area is available; the TanChau grid is outside MyTho and was not copied.
2008-02,MyTho,,,,,,Copernicus_GloFAS,ERA5_V4,NOT_DOWNLOADED,,,,MISSING,No validated MyTho main-river cell/upstream_area is available; the TanChau grid is outside MyTho and was not copied.
2008-03,MyTho,,,,,,Copernicus_GloFAS,ERA5_V4,NOT_DOWNLOADED,,,,MISSING,No validated MyTho main-river cell/upstream_area is available; the TanChau grid is outside MyTho and was not copied.
2008-04,MyTho,,,,,,Copernicus_GloFAS,ERA5_V4,NOT_DOWNLOADED,,,,MISSING,No validated MyTho main-river cell/upstream_area is available; the TanChau grid is outside MyTho and was not copied.
2008-05,MyTho,,,,,,Copernicus_GloFAS,ERA5_V4,NOT_DOWNLOADED,,,,MISSING,No validated MyTho main-river cell/upstream_area is available; the TanChau grid is outside MyTho and was not copied.
2008-06,MyTho,,,,,,Copernicus_GloFAS,ERA5_V4,NOT_DOWNLOADED,,,,MISSING,No validated MyTho main-river cell/upstream_area is available; the TanChau grid is outside MyTho and was not copied.
2008-07,MyTho,,,,,,Copernicus_GloFAS,ERA5_V4,NOT_DOWNLOADED,,,,MISSING,No validated MyTho main-river cell/upstream_area is available; the TanChau grid is outside MyTho and was not copied.
2008-08,MyTho,,,,,,Copernicus_GloFAS,ERA5_V4,NOT_DOWNLOADED,,,,MISSING,No validated MyTho main-river cell/upstream_area is available; the TanChau grid is outside MyTho and was not copied.
2008-09,MyTho,,,,,,Copernicus_GloFAS,ERA5_V4,NOT_DOWNLOADED,,,,MISSING,No validated MyTho main-river cell/upstream_area is available; the TanChau grid is outside MyTho and was not copied.
2008-10,MyTho,,,,,,Copernicus_GloFAS,ERA5_V4,NOT_DOWNLOADED,,,,MISSING,No validated MyTho main-river cell/upstream_area is available; the TanChau grid is outside MyTho and was not copied.
2008-11,MyTho,,,,,,Copernicus_GloFAS,ERA5_V4,NOT_DOWNLOADED,,,,MISSING,No validated MyTho main-river cell/upstream_area is available; the TanChau grid is outside MyTho and was not copied.
2008-12,MyTho,,,,,,Copernicus_GloFAS,ERA5_V4,NOT_DOWNLOADED,,,,MISSING,No validated MyTho main-river cell/upstream_area is available; the TanChau grid is outside MyTho and was not copied.
2009-01,MyTho,,,,,,Copernicus_GloFAS,ERA5_V4,NOT_DOWNLOADED,,,,MISSING,No validated MyTho main-river cell/upstream_area is available; the TanChau grid is outside MyTho and was not copied.
2009-02,MyTho,,,,,,Copernicus_GloFAS,ERA5_V4,NOT_DOWNLOADED,,,,MISSING,No validated MyTho main-river cell/upstream_area is available; the TanChau grid is outside MyTho and was not copied.
2009-03,MyTho,,,,,,Copernicus_GloFAS,ERA5_V4,NOT_DOWNLOADED,,,,MISSING,No validated MyTho main-river cell/upstream_area is available; the TanChau grid is outside MyTho and was not copied.
2009-04,MyTho,,,,,,Copernicus_GloFAS,ERA5_V4,NOT_DOWNLOADED,,,,MISSING,No validated MyTho main-river cell/upstream_area is available; the TanChau grid is outside MyTho and was not copied.
2009-05,MyTho,,,,,,Copernicus_GloFAS,ERA5_V4,NOT_DOWNLOADED,,,,MISSING,No validated MyTho main-river cell/upstream_area is available; the TanChau grid is outside MyTho and was not copied.
2009-06,MyTho,,,,,,Copernicus_GloFAS,ERA5_V4,NOT_DOWNLOADED,,,,MISSING,No validated MyTho main-river cell/upstream_area is available; the TanChau grid is outside MyTho and was not copied.
2009-07,MyTho,,,,,,Copernicus_GloFAS,ERA5_V4,NOT_DOWNLOADED,,,,MISSING,No validated MyTho main-river cell/upstream_area is available; the TanChau grid is outside MyTho and was not copied.
2009-08,MyTho,,,,,,Copernicus_GloFAS,ERA5_V4,NOT_DOWNLOADED,,,,MISSING,No validated MyTho main-river cell/upstream_area is available; the TanChau grid is outside MyTho and was not copied.
2009-09,MyTho,,,,,,Copernicus_GloFAS,ERA5_V4,NOT_DOWNLOADED,,,,MISSING,No validated MyTho main-river cell/upstream_area is available; the TanChau grid is outside MyTho and was not copied.
2009-10,MyTho,,,,,,Copernicus_GloFAS,ERA5_V4,NOT_DOWNLOADED,,,,MISSING,No validated MyTho main-river cell/upstream_area is available; the TanChau grid is outside MyTho and was not copied.
2009-11,MyTho,,,,,,Copernicus_GloFAS,ERA5_V4,NOT_DOWNLOADED,,,,MISSING,No validated MyTho main-river cell/upstream_area is available; the TanChau grid is outside MyTho and was not copied.
2009-12,MyTho,,,,,,Copernicus_GloFAS,ERA5_V4,NOT_DOWNLOADED,,,,MISSING,No validated MyTho main-river cell/upstream_area is available; the TanChau grid is outside MyTho and was not copied.
2010-01,MyTho,,,,,,Copernicus_GloFAS,ERA5_V4,NOT_DOWNLOADED,,,,MISSING,No validated MyTho main-river cell/upstream_area is available; the TanChau grid is outside MyTho and was not copied.
2010-02,MyTho,,,,,,Copernicus_GloFAS,ERA5_V4,NOT_DOWNLOADED,,,,MISSING,No validated MyTho main-river cell/upstream_area is available; the TanChau grid is outside MyTho and was not copied.
2010-03,MyTho,,,,,,Copernicus_GloFAS,ERA5_V4,NOT_DOWNLOADED,,,,MISSING,No validated MyTho main-river cell/upstream_area is available; the TanChau grid is outside MyTho and was not copied.
2010-04,MyTho,,,,,,Copernicus_GloFAS,ERA5_V4,NOT_DOWNLOADED,,,,MISSING,No validated MyTho main-river cell/upstream_area is available; the TanChau grid is outside MyTho and was not copied.
2010-05,MyTho,,,,,,Copernicus_GloFAS,ERA5_V4,NOT_DOWNLOADED,,,,MISSING,No validated MyTho main-river cell/upstream_area is available; the TanChau grid is outside MyTho and was not copied.
2010-06,MyTho,,,,,,Copernicus_GloFAS,ERA5_V4,NOT_DOWNLOADED,,,,MISSING,No validated MyTho main-river cell/upstream_area is available; the TanChau grid is outside MyTho and was not copied.
2010-07,MyTho,,,,,,Copernicus_GloFAS,ERA5_V4,NOT_DOWNLOADED,,,,MISSING,No validated MyTho main-river cell/upstream_area is available; the TanChau grid is outside MyTho and was not copied.
2010-08,MyTho,,,,,,Copernicus_GloFAS,ERA5_V4,NOT_DOWNLOADED,,,,MISSING,No validated MyTho main-river cell/upstream_area is available; the TanChau grid is outside MyTho and was not copied.
2010-09,MyTho,,,,,,Copernicus_GloFAS,ERA5_V4,NOT_DOWNLOADED,,,,MISSING,No validated MyTho main-river cell/upstream_area is available; the TanChau grid is outside MyTho and was not copied.
2010-10,MyTho,,,,,,Copernicus_GloFAS,ERA5_V4,NOT_DOWNLOADED,,,,MISSING,No validated MyTho main-river cell/upstream_area is available; the TanChau grid is outside MyTho and was not copied.
2010-11,MyTho,,,,,,Copernicus_GloFAS,ERA5_V4,NOT_DOWNLOADED,,,,MISSING,No validated MyTho main-river cell/upstream_area is available; the TanChau grid is outside MyTho and was not copied.
2010-12,MyTho,,,,,,Copernicus_GloFAS,ERA5_V4,NOT_DOWNLOADED,,,,MISSING,No validated MyTho main-river cell/upstream_area is available; the TanChau grid is outside MyTho and was not copied.
2011-01,MyTho,,,,,,Copernicus_GloFAS,ERA5_V4,NOT_DOWNLOADED,,,,MISSING,No validated MyTho main-river cell/upstream_area is available; the TanChau grid is outside MyTho and was not copied.
2011-02,MyTho,,,,,,Copernicus_GloFAS,ERA5_V4,NOT_DOWNLOADED,,,,MISSING,No validated MyTho main-river cell/upstream_area is available; the TanChau grid is outside MyTho and was not copied.
2011-03,MyTho,,,,,,Copernicus_GloFAS,ERA5_V4,NOT_DOWNLOADED,,,,MISSING,No validated MyTho main-river cell/upstream_area is available; the TanChau grid is outside MyTho and was not copied.
2011-04,MyTho,,,,,,Copernicus_GloFAS,ERA5_V4,NOT_DOWNLOADED,,,,MISSING,No validated MyTho main-river cell/upstream_area is available; the TanChau grid is outside MyTho and was not copied.
2011-05,MyTho,,,,,,Copernicus_GloFAS,ERA5_V4,NOT_DOWNLOADED,,,,MISSING,No validated MyTho main-river cell/upstream_area is available; the TanChau grid is outside MyTho and was not copied.
2011-06,MyTho,,,,,,Copernicus_GloFAS,ERA5_V4,NOT_DOWNLOADED,,,,MISSING,No validated MyTho main-river cell/upstream_area is available; the TanChau grid is outside MyTho and was not copied.
2011-07,MyTho,,,,,,Copernicus_GloFAS,ERA5_V4,NOT_DOWNLOADED,,,,MISSING,No validated MyTho main-river cell/upstream_area is available; the TanChau grid is outside MyTho and was not copied.
2011-08,MyTho,,,,,,Copernicus_GloFAS,ERA5_V4,NOT_DOWNLOADED,,,,MISSING,No validated MyTho main-river cell/upstream_area is available; the TanChau grid is outside MyTho and was not copied.
2011-09,MyTho,,,,,,Copernicus_GloFAS,ERA5_V4,NOT_DOWNLOADED,,,,MISSING,No validated MyTho main-river cell/upstream_area is available; the TanChau grid is outside MyTho and was not copied.
2011-10,MyTho,,,,,,Copernicus_GloFAS,ERA5_V4,NOT_DOWNLOADED,,,,MISSING,No validated MyTho main-river cell/upstream_area is available; the TanChau grid is outside MyTho and was not copied.
2011-11,MyTho,,,,,,Copernicus_GloFAS,ERA5_V4,NOT_DOWNLOADED,,,,MISSING,No validated MyTho main-river cell/upstream_area is available; the TanChau grid is outside MyTho and was not copied.
2011-12,MyTho,,,,,,Copernicus_GloFAS,ERA5_V4,NOT_DOWNLOADED,,,,MISSING,No validated MyTho main-river cell/upstream_area is available; the TanChau grid is outside MyTho and was not copied.
2012-01,MyTho,,,,,,Copernicus_GloFAS,ERA5_V4,NOT_DOWNLOADED,,,,MISSING,No validated MyTho main-river cell/upstream_area is available; the TanChau grid is outside MyTho and was not copied.
2012-02,MyTho,,,,,,Copernicus_GloFAS,ERA5_V4,NOT_DOWNLOADED,,,,MISSING,No validated MyTho main-river cell/upstream_area is available; the TanChau grid is outside MyTho and was not copied.
2012-03,MyTho,,,,,,Copernicus_GloFAS,ERA5_V4,NOT_DOWNLOADED,,,,MISSING,No validated MyTho main-river cell/upstream_area is available; the TanChau grid is outside MyTho and was not copied.
2012-04,MyTho,,,,,,Copernicus_GloFAS,ERA5_V4,NOT_DOWNLOADED,,,,MISSING,No validated MyTho main-river cell/upstream_area is available; the TanChau grid is outside MyTho and was not copied.
2012-05,MyTho,,,,,,Copernicus_GloFAS,ERA5_V4,NOT_DOWNLOADED,,,,MISSING,No validated MyTho main-river cell/upstream_area is available; the TanChau grid is outside MyTho and was not copied.
2012-06,MyTho,,,,,,Copernicus_GloFAS,ERA5_V4,NOT_DOWNLOADED,,,,MISSING,No validated MyTho main-river cell/upstream_area is available; the TanChau grid is outside MyTho and was not copied.
2012-07,MyTho,,,,,,Copernicus_GloFAS,ERA5_V4,NOT_DOWNLOADED,,,,MISSING,No validated MyTho main-river cell/upstream_area is available; the TanChau grid is outside MyTho and was not copied.
2012-08,MyTho,,,,,,Copernicus_GloFAS,ERA5_V4,NOT_DOWNLOADED,,,,MISSING,No validated MyTho main-river cell/upstream_area is available; the TanChau grid is outside MyTho and was not copied.
2012-09,MyTho,,,,,,Copernicus_GloFAS,ERA5_V4,NOT_DOWNLOADED,,,,MISSING,No validated MyTho main-river cell/upstream_area is available; the TanChau grid is outside MyTho and was not copied.
2012-10,MyTho,,,,,,Copernicus_GloFAS,ERA5_V4,NOT_DOWNLOADED,,,,MISSING,No validated MyTho main-river cell/upstream_area is available; the TanChau grid is outside MyTho and was not copied.
2012-11,MyTho,,,,,,Copernicus_GloFAS,ERA5_V4,NOT_DOWNLOADED,,,,MISSING,No validated MyTho main-river cell/upstream_area is available; the TanChau grid is outside MyTho and was not copied.
2012-12,MyTho,,,,,,Copernicus_GloFAS,ERA5_V4,NOT_DOWNLOADED,,,,MISSING,No validated MyTho main-river cell/upstream_area is available; the TanChau grid is outside MyTho and was not copied.
2013-01,MyTho,,,,,,Copernicus_GloFAS,ERA5_V4,NOT_DOWNLOADED,,,,MISSING,No validated MyTho main-river cell/upstream_area is available; the TanChau grid is outside MyTho and was not copied.
2013-02,MyTho,,,,,,Copernicus_GloFAS,ERA5_V4,NOT_DOWNLOADED,,,,MISSING,No validated MyTho main-river cell/upstream_area is available; the TanChau grid is outside MyTho and was not copied.
2013-03,MyTho,,,,,,Copernicus_GloFAS,ERA5_V4,NOT_DOWNLOADED,,,,MISSING,No validated MyTho main-river cell/upstream_area is available; the TanChau grid is outside MyTho and was not copied.
2013-04,MyTho,,,,,,Copernicus_GloFAS,ERA5_V4,NOT_DOWNLOADED,,,,MISSING,No validated MyTho main-river cell/upstream_area is available; the TanChau grid is outside MyTho and was not copied.
2013-05,MyTho,,,,,,Copernicus_GloFAS,ERA5_V4,NOT_DOWNLOADED,,,,MISSING,No validated MyTho main-river cell/upstream_area is available; the TanChau grid is outside MyTho and was not copied.
2013-06,MyTho,,,,,,Copernicus_GloFAS,ERA5_V4,NOT_DOWNLOADED,,,,MISSING,No validated MyTho main-river cell/upstream_area is available; the TanChau grid is outside MyTho and was not copied.
2013-07,MyTho,,,,,,Copernicus_GloFAS,ERA5_V4,NOT_DOWNLOADED,,,,MISSING,No validated MyTho main-river cell/upstream_area is available; the TanChau grid is outside MyTho and was not copied.
2013-08,MyTho,,,,,,Copernicus_GloFAS,ERA5_V4,NOT_DOWNLOADED,,,,MISSING,No validated MyTho main-river cell/upstream_area is available; the TanChau grid is outside MyTho and was not copied.
2013-09,MyTho,,,,,,Copernicus_GloFAS,ERA5_V4,NOT_DOWNLOADED,,,,MISSING,No validated MyTho main-river cell/upstream_area is available; the TanChau grid is outside MyTho and was not copied.
2013-10,MyTho,,,,,,Copernicus_GloFAS,ERA5_V4,NOT_DOWNLOADED,,,,MISSING,No validated MyTho main-river cell/upstream_area is available; the TanChau grid is outside MyTho and was not copied.
2013-11,MyTho,,,,,,Copernicus_GloFAS,ERA5_V4,NOT_DOWNLOADED,,,,MISSING,No validated MyTho main-river cell/upstream_area is available; the TanChau grid is outside MyTho and was not copied.
2013-12,MyTho,,,,,,Copernicus_GloFAS,ERA5_V4,NOT_DOWNLOADED,,,,MISSING,No validated MyTho main-river cell/upstream_area is available; the TanChau grid is outside MyTho and was not copied.
2014-01,MyTho,,,,,,Copernicus_GloFAS,ERA5_V4,NOT_DOWNLOADED,,,,MISSING,No validated MyTho main-river cell/upstream_area is available; the TanChau grid is outside MyTho and was not copied.
2014-02,MyTho,,,,,,Copernicus_GloFAS,ERA5_V4,NOT_DOWNLOADED,,,,MISSING,No validated MyTho main-river cell/upstream_area is available; the TanChau grid is outside MyTho and was not copied.
2014-03,MyTho,,,,,,Copernicus_GloFAS,ERA5_V4,NOT_DOWNLOADED,,,,MISSING,No validated MyTho main-river cell/upstream_area is available; the TanChau grid is outside MyTho and was not copied.
2014-04,MyTho,,,,,,Copernicus_GloFAS,ERA5_V4,NOT_DOWNLOADED,,,,MISSING,No validated MyTho main-river cell/upstream_area is available; the TanChau grid is outside MyTho and was not copied.
2014-05,MyTho,,,,,,Copernicus_GloFAS,ERA5_V4,NOT_DOWNLOADED,,,,MISSING,No validated MyTho main-river cell/upstream_area is available; the TanChau grid is outside MyTho and was not copied.
2014-06,MyTho,,,,,,Copernicus_GloFAS,ERA5_V4,NOT_DOWNLOADED,,,,MISSING,No validated MyTho main-river cell/upstream_area is available; the TanChau grid is outside MyTho and was not copied.
2014-07,MyTho,,,,,,Copernicus_GloFAS,ERA5_V4,NOT_DOWNLOADED,,,,MISSING,No validated MyTho main-river cell/upstream_area is available; the TanChau grid is outside MyTho and was not copied.
2014-08,MyTho,,,,,,Copernicus_GloFAS,ERA5_V4,NOT_DOWNLOADED,,,,MISSING,No validated MyTho main-river cell/upstream_area is available; the TanChau grid is outside MyTho and was not copied.
2014-09,MyTho,,,,,,Copernicus_GloFAS,ERA5_V4,NOT_DOWNLOADED,,,,MISSING,No validated MyTho main-river cell/upstream_area is available; the TanChau grid is outside MyTho and was not copied.
2014-10,MyTho,,,,,,Copernicus_GloFAS,ERA5_V4,NOT_DOWNLOADED,,,,MISSING,No validated MyTho main-river cell/upstream_area is available; the TanChau grid is outside MyTho and was not copied.
2014-11,MyTho,,,,,,Copernicus_GloFAS,ERA5_V4,NOT_DOWNLOADED,,,,MISSING,No validated MyTho main-river cell/upstream_area is available; the TanChau grid is outside MyTho and was not copied.
2014-12,MyTho,,,,,,Copernicus_GloFAS,ERA5_V4,NOT_DOWNLOADED,,,,MISSING,No validated MyTho main-river cell/upstream_area is available; the TanChau grid is outside MyTho and was not copied.
2015-01,MyTho,,,,,,Copernicus_GloFAS,ERA5_V4,NOT_DOWNLOADED,,,,MISSING,No validated MyTho main-river cell/upstream_area is available; the TanChau grid is outside MyTho and was not copied.
2015-02,MyTho,,,,,,Copernicus_GloFAS,ERA5_V4,NOT_DOWNLOADED,,,,MISSING,No validated MyTho main-river cell/upstream_area is available; the TanChau grid is outside MyTho and was not copied.
2015-03,MyTho,,,,,,Copernicus_GloFAS,ERA5_V4,NOT_DOWNLOADED,,,,MISSING,No validated MyTho main-river cell/upstream_area is available; the TanChau grid is outside MyTho and was not copied.
2015-04,MyTho,,,,,,Copernicus_GloFAS,ERA5_V4,NOT_DOWNLOADED,,,,MISSING,No validated MyTho main-river cell/upstream_area is available; the TanChau grid is outside MyTho and was not copied.
2015-05,MyTho,,,,,,Copernicus_GloFAS,ERA5_V4,NOT_DOWNLOADED,,,,MISSING,No validated MyTho main-river cell/upstream_area is available; the TanChau grid is outside MyTho and was not copied.
2015-06,MyTho,,,,,,Copernicus_GloFAS,ERA5_V4,NOT_DOWNLOADED,,,,MISSING,No validated MyTho main-river cell/upstream_area is available; the TanChau grid is outside MyTho and was not copied.
2015-07,MyTho,,,,,,Copernicus_GloFAS,ERA5_V4,NOT_DOWNLOADED,,,,MISSING,No validated MyTho main-river cell/upstream_area is available; the TanChau grid is outside MyTho and was not copied.
2015-08,MyTho,,,,,,Copernicus_GloFAS,ERA5_V4,NOT_DOWNLOADED,,,,MISSING,No validated MyTho main-river cell/upstream_area is available; the TanChau grid is outside MyTho and was not copied.
2015-09,MyTho,,,,,,Copernicus_GloFAS,ERA5_V4,NOT_DOWNLOADED,,,,MISSING,No validated MyTho main-river cell/upstream_area is available; the TanChau grid is outside MyTho and was not copied.
2015-10,MyTho,,,,,,Copernicus_GloFAS,ERA5_V4,NOT_DOWNLOADED,,,,MISSING,No validated MyTho main-river cell/upstream_area is available; the TanChau grid is outside MyTho and was not copied.
2015-11,MyTho,,,,,,Copernicus_GloFAS,ERA5_V4,NOT_DOWNLOADED,,,,MISSING,No validated MyTho main-river cell/upstream_area is available; the TanChau grid is outside MyTho and was not copied.
2015-12,MyTho,,,,,,Copernicus_GloFAS,ERA5_V4,NOT_DOWNLOADED,,,,MISSING,No validated MyTho main-river cell/upstream_area is available; the TanChau grid is outside MyTho and was not copied.
2016-01,MyTho,,,,,,Copernicus_GloFAS,ERA5_V4,NOT_DOWNLOADED,,,,MISSING,No validated MyTho main-river cell/upstream_area is available; the TanChau grid is outside MyTho and was not copied.
2016-02,MyTho,,,,,,Copernicus_GloFAS,ERA5_V4,NOT_DOWNLOADED,,,,MISSING,No validated MyTho main-river cell/upstream_area is available; the TanChau grid is outside MyTho and was not copied.
2016-03,MyTho,,,,,,Copernicus_GloFAS,ERA5_V4,NOT_DOWNLOADED,,,,MISSING,No validated MyTho main-river cell/upstream_area is available; the TanChau grid is outside MyTho and was not copied.
2016-04,MyTho,,,,,,Copernicus_GloFAS,ERA5_V4,NOT_DOWNLOADED,,,,MISSING,No validated MyTho main-river cell/upstream_area is available; the TanChau grid is outside MyTho and was not copied.
2016-05,MyTho,,,,,,Copernicus_GloFAS,ERA5_V4,NOT_DOWNLOADED,,,,MISSING,No validated MyTho main-river cell/upstream_area is available; the TanChau grid is outside MyTho and was not copied.
2016-06,MyTho,,,,,,Copernicus_GloFAS,ERA5_V4,NOT_DOWNLOADED,,,,MISSING,No validated MyTho main-river cell/upstream_area is available; the TanChau grid is outside MyTho and was not copied.
2016-07,MyTho,,,,,,Copernicus_GloFAS,ERA5_V4,NOT_DOWNLOADED,,,,MISSING,No validated MyTho main-river cell/upstream_area is available; the TanChau grid is outside MyTho and was not copied.
2016-08,MyTho,,,,,,Copernicus_GloFAS,ERA5_V4,NOT_DOWNLOADED,,,,MISSING,No validated MyTho main-river cell/upstream_area is available; the TanChau grid is outside MyTho and was not copied.
2016-09,MyTho,,,,,,Copernicus_GloFAS,ERA5_V4,NOT_DOWNLOADED,,,,MISSING,No validated MyTho main-river cell/upstream_area is available; the TanChau grid is outside MyTho and was not copied.
2016-10,MyTho,,,,,,Copernicus_GloFAS,ERA5_V4,NOT_DOWNLOADED,,,,MISSING,No validated MyTho main-river cell/upstream_area is available; the TanChau grid is outside MyTho and was not copied.
2016-11,MyTho,,,,,,Copernicus_GloFAS,ERA5_V4,NOT_DOWNLOADED,,,,MISSING,No validated MyTho main-river cell/upstream_area is available; the TanChau grid is outside MyTho and was not copied.
2016-12,MyTho,,,,,,Copernicus_GloFAS,ERA5_V4,NOT_DOWNLOADED,,,,MISSING,No validated MyTho main-river cell/upstream_area is available; the TanChau grid is outside MyTho and was not copied.
2017-01,MyTho,,,,,,Copernicus_GloFAS,ERA5_V4,NOT_DOWNLOADED,,,,MISSING,No validated MyTho main-river cell/upstream_area is available; the TanChau grid is outside MyTho and was not copied.
2017-02,MyTho,,,,,,Copernicus_GloFAS,ERA5_V4,NOT_DOWNLOADED,,,,MISSING,No validated MyTho main-river cell/upstream_area is available; the TanChau grid is outside MyTho and was not copied.
2017-03,MyTho,,,,,,Copernicus_GloFAS,ERA5_V4,NOT_DOWNLOADED,,,,MISSING,No validated MyTho main-river cell/upstream_area is available; the TanChau grid is outside MyTho and was not copied.
2017-04,MyTho,,,,,,Copernicus_GloFAS,ERA5_V4,NOT_DOWNLOADED,,,,MISSING,No validated MyTho main-river cell/upstream_area is available; the TanChau grid is outside MyTho and was not copied.
2017-05,MyTho,,,,,,Copernicus_GloFAS,ERA5_V4,NOT_DOWNLOADED,,,,MISSING,No validated MyTho main-river cell/upstream_area is available; the TanChau grid is outside MyTho and was not copied.
2017-06,MyTho,,,,,,Copernicus_GloFAS,ERA5_V4,NOT_DOWNLOADED,,,,MISSING,No validated MyTho main-river cell/upstream_area is available; the TanChau grid is outside MyTho and was not copied.
2017-07,MyTho,,,,,,Copernicus_GloFAS,ERA5_V4,NOT_DOWNLOADED,,,,MISSING,No validated MyTho main-river cell/upstream_area is available; the TanChau grid is outside MyTho and was not copied.
2017-08,MyTho,,,,,,Copernicus_GloFAS,ERA5_V4,NOT_DOWNLOADED,,,,MISSING,No validated MyTho main-river cell/upstream_area is available; the TanChau grid is outside MyTho and was not copied.
2017-09,MyTho,,,,,,Copernicus_GloFAS,ERA5_V4,NOT_DOWNLOADED,,,,MISSING,No validated MyTho main-river cell/upstream_area is available; the TanChau grid is outside MyTho and was not copied.
2017-10,MyTho,,,,,,Copernicus_GloFAS,ERA5_V4,NOT_DOWNLOADED,,,,MISSING,No validated MyTho main-river cell/upstream_area is available; the TanChau grid is outside MyTho and was not copied.
2017-11,MyTho,,,,,,Copernicus_GloFAS,ERA5_V4,NOT_DOWNLOADED,,,,MISSING,No validated MyTho main-river cell/upstream_area is available; the TanChau grid is outside MyTho and was not copied.
2017-12,MyTho,,,,,,Copernicus_GloFAS,ERA5_V4,NOT_DOWNLOADED,,,,MISSING,No validated MyTho main-river cell/upstream_area is available; the TanChau grid is outside MyTho and was not copied.
2018-01,MyTho,,,,,,Copernicus_GloFAS,ERA5_V4,NOT_DOWNLOADED,,,,MISSING,No validated MyTho main-river cell/upstream_area is available; the TanChau grid is outside MyTho and was not copied.
2018-02,MyTho,,,,,,Copernicus_GloFAS,ERA5_V4,NOT_DOWNLOADED,,,,MISSING,No validated MyTho main-river cell/upstream_area is available; the TanChau grid is outside MyTho and was not copied.
2018-03,MyTho,,,,,,Copernicus_GloFAS,ERA5_V4,NOT_DOWNLOADED,,,,MISSING,No validated MyTho main-river cell/upstream_area is available; the TanChau grid is outside MyTho and was not copied.
2018-04,MyTho,,,,,,Copernicus_GloFAS,ERA5_V4,NOT_DOWNLOADED,,,,MISSING,No validated MyTho main-river cell/upstream_area is available; the TanChau grid is outside MyTho and was not copied.
2018-05,MyTho,,,,,,Copernicus_GloFAS,ERA5_V4,NOT_DOWNLOADED,,,,MISSING,No validated MyTho main-river cell/upstream_area is available; the TanChau grid is outside MyTho and was not copied.
2018-06,MyTho,,,,,,Copernicus_GloFAS,ERA5_V4,NOT_DOWNLOADED,,,,MISSING,No validated MyTho main-river cell/upstream_area is available; the TanChau grid is outside MyTho and was not copied.
2018-07,MyTho,,,,,,Copernicus_GloFAS,ERA5_V4,NOT_DOWNLOADED,,,,MISSING,No validated MyTho main-river cell/upstream_area is available; the TanChau grid is outside MyTho and was not copied.
2018-08,MyTho,,,,,,Copernicus_GloFAS,ERA5_V4,NOT_DOWNLOADED,,,,MISSING,No validated MyTho main-river cell/upstream_area is available; the TanChau grid is outside MyTho and was not copied.
2018-09,MyTho,,,,,,Copernicus_GloFAS,ERA5_V4,NOT_DOWNLOADED,,,,MISSING,No validated MyTho main-river cell/upstream_area is available; the TanChau grid is outside MyTho and was not copied.
2018-10,MyTho,,,,,,Copernicus_GloFAS,ERA5_V4,NOT_DOWNLOADED,,,,MISSING,No validated MyTho main-river cell/upstream_area is available; the TanChau grid is outside MyTho and was not copied.
2018-11,MyTho,,,,,,Copernicus_GloFAS,ERA5_V4,NOT_DOWNLOADED,,,,MISSING,No validated MyTho main-river cell/upstream_area is available; the TanChau grid is outside MyTho and was not copied.
2018-12,MyTho,,,,,,Copernicus_GloFAS,ERA5_V4,NOT_DOWNLOADED,,,,MISSING,No validated MyTho main-river cell/upstream_area is available; the TanChau grid is outside MyTho and was not copied.
2019-01,MyTho,,,,,,Copernicus_GloFAS,ERA5_V4,NOT_DOWNLOADED,,,,MISSING,No validated MyTho main-river cell/upstream_area is available; the TanChau grid is outside MyTho and was not copied.
2019-02,MyTho,,,,,,Copernicus_GloFAS,ERA5_V4,NOT_DOWNLOADED,,,,MISSING,No validated MyTho main-river cell/upstream_area is available; the TanChau grid is outside MyTho and was not copied.
2019-03,MyTho,,,,,,Copernicus_GloFAS,ERA5_V4,NOT_DOWNLOADED,,,,MISSING,No validated MyTho main-river cell/upstream_area is available; the TanChau grid is outside MyTho and was not copied.
2019-04,MyTho,,,,,,Copernicus_GloFAS,ERA5_V4,NOT_DOWNLOADED,,,,MISSING,No validated MyTho main-river cell/upstream_area is available; the TanChau grid is outside MyTho and was not copied.
2019-05,MyTho,,,,,,Copernicus_GloFAS,ERA5_V4,NOT_DOWNLOADED,,,,MISSING,No validated MyTho main-river cell/upstream_area is available; the TanChau grid is outside MyTho and was not copied.
2019-06,MyTho,,,,,,Copernicus_GloFAS,ERA5_V4,NOT_DOWNLOADED,,,,MISSING,No validated MyTho main-river cell/upstream_area is available; the TanChau grid is outside MyTho and was not copied.
2019-07,MyTho,,,,,,Copernicus_GloFAS,ERA5_V4,NOT_DOWNLOADED,,,,MISSING,No validated MyTho main-river cell/upstream_area is available; the TanChau grid is outside MyTho and was not copied.
2019-08,MyTho,,,,,,Copernicus_GloFAS,ERA5_V4,NOT_DOWNLOADED,,,,MISSING,No validated MyTho main-river cell/upstream_area is available; the TanChau grid is outside MyTho and was not copied.
2019-09,MyTho,,,,,,Copernicus_GloFAS,ERA5_V4,NOT_DOWNLOADED,,,,MISSING,No validated MyTho main-river cell/upstream_area is available; the TanChau grid is outside MyTho and was not copied.
2019-10,MyTho,,,,,,Copernicus_GloFAS,ERA5_V4,NOT_DOWNLOADED,,,,MISSING,No validated MyTho main-river cell/upstream_area is available; the TanChau grid is outside MyTho and was not copied.
2019-11,MyTho,,,,,,Copernicus_GloFAS,ERA5_V4,NOT_DOWNLOADED,,,,MISSING,No validated MyTho main-river cell/upstream_area is available; the TanChau grid is outside MyTho and was not copied.
2019-12,MyTho,,,,,,Copernicus_GloFAS,ERA5_V4,NOT_DOWNLOADED,,,,MISSING,No validated MyTho main-river cell/upstream_area is available; the TanChau grid is outside MyTho and was not copied.
2020-01,MyTho,,,,,,Copernicus_GloFAS,ERA5_V4,NOT_DOWNLOADED,,,,MISSING,No validated MyTho main-river cell/upstream_area is available; the TanChau grid is outside MyTho and was not copied.
2020-02,MyTho,,,,,,Copernicus_GloFAS,ERA5_V4,NOT_DOWNLOADED,,,,MISSING,No validated MyTho main-river cell/upstream_area is available; the TanChau grid is outside MyTho and was not copied.
2020-03,MyTho,,,,,,Copernicus_GloFAS,ERA5_V4,NOT_DOWNLOADED,,,,MISSING,No validated MyTho main-river cell/upstream_area is available; the TanChau grid is outside MyTho and was not copied.
2020-04,MyTho,,,,,,Copernicus_GloFAS,ERA5_V4,NOT_DOWNLOADED,,,,MISSING,No validated MyTho main-river cell/upstream_area is available; the TanChau grid is outside MyTho and was not copied.
2020-05,MyTho,,,,,,Copernicus_GloFAS,ERA5_V4,NOT_DOWNLOADED,,,,MISSING,No validated MyTho main-river cell/upstream_area is available; the TanChau grid is outside MyTho and was not copied.
2020-06,MyTho,,,,,,Copernicus_GloFAS,ERA5_V4,NOT_DOWNLOADED,,,,MISSING,No validated MyTho main-river cell/upstream_area is available; the TanChau grid is outside MyTho and was not copied.
2020-07,MyTho,,,,,,Copernicus_GloFAS,ERA5_V4,NOT_DOWNLOADED,,,,MISSING,No validated MyTho main-river cell/upstream_area is available; the TanChau grid is outside MyTho and was not copied.
2020-08,MyTho,,,,,,Copernicus_GloFAS,ERA5_V4,NOT_DOWNLOADED,,,,MISSING,No validated MyTho main-river cell/upstream_area is available; the TanChau grid is outside MyTho and was not copied.
2020-09,MyTho,,,,,,Copernicus_GloFAS,ERA5_V4,NOT_DOWNLOADED,,,,MISSING,No validated MyTho main-river cell/upstream_area is available; the TanChau grid is outside MyTho and was not copied.
2020-10,MyTho,,,,,,Copernicus_GloFAS,ERA5_V4,NOT_DOWNLOADED,,,,MISSING,No validated MyTho main-river cell/upstream_area is available; the TanChau grid is outside MyTho and was not copied.
2020-11,MyTho,,,,,,Copernicus_GloFAS,ERA5_V4,NOT_DOWNLOADED,,,,MISSING,No validated MyTho main-river cell/upstream_area is available; the TanChau grid is outside MyTho and was not copied.
2020-12,MyTho,,,,,,Copernicus_GloFAS,ERA5_V4,NOT_DOWNLOADED,,,,MISSING,No validated MyTho main-river cell/upstream_area is available; the TanChau grid is outside MyTho and was not copied.
2021-01,MyTho,,,,,,Copernicus_GloFAS,ERA5_V4,NOT_DOWNLOADED,,,,MISSING,No validated MyTho main-river cell/upstream_area is available; the TanChau grid is outside MyTho and was not copied.
2021-02,MyTho,,,,,,Copernicus_GloFAS,ERA5_V4,NOT_DOWNLOADED,,,,MISSING,No validated MyTho main-river cell/upstream_area is available; the TanChau grid is outside MyTho and was not copied.
2021-03,MyTho,,,,,,Copernicus_GloFAS,ERA5_V4,NOT_DOWNLOADED,,,,MISSING,No validated MyTho main-river cell/upstream_area is available; the TanChau grid is outside MyTho and was not copied.
2021-04,MyTho,,,,,,Copernicus_GloFAS,ERA5_V4,NOT_DOWNLOADED,,,,MISSING,No validated MyTho main-river cell/upstream_area is available; the TanChau grid is outside MyTho and was not copied.
2021-05,MyTho,,,,,,Copernicus_GloFAS,ERA5_V4,NOT_DOWNLOADED,,,,MISSING,No validated MyTho main-river cell/upstream_area is available; the TanChau grid is outside MyTho and was not copied.
2021-06,MyTho,,,,,,Copernicus_GloFAS,ERA5_V4,NOT_DOWNLOADED,,,,MISSING,No validated MyTho main-river cell/upstream_area is available; the TanChau grid is outside MyTho and was not copied.
2021-07,MyTho,,,,,,Copernicus_GloFAS,ERA5_V4,NOT_DOWNLOADED,,,,MISSING,No validated MyTho main-river cell/upstream_area is available; the TanChau grid is outside MyTho and was not copied.
2021-08,MyTho,,,,,,Copernicus_GloFAS,ERA5_V4,NOT_DOWNLOADED,,,,MISSING,No validated MyTho main-river cell/upstream_area is available; the TanChau grid is outside MyTho and was not copied.
2021-09,MyTho,,,,,,Copernicus_GloFAS,ERA5_V4,NOT_DOWNLOADED,,,,MISSING,No validated MyTho main-river cell/upstream_area is available; the TanChau grid is outside MyTho and was not copied.
2021-10,MyTho,,,,,,Copernicus_GloFAS,ERA5_V4,NOT_DOWNLOADED,,,,MISSING,No validated MyTho main-river cell/upstream_area is available; the TanChau grid is outside MyTho and was not copied.
2021-11,MyTho,,,,,,Copernicus_GloFAS,ERA5_V4,NOT_DOWNLOADED,,,,MISSING,No validated MyTho main-river cell/upstream_area is available; the TanChau grid is outside MyTho and was not copied.
2021-12,MyTho,,,,,,Copernicus_GloFAS,ERA5_V4,NOT_DOWNLOADED,,,,MISSING,No validated MyTho main-river cell/upstream_area is available; the TanChau grid is outside MyTho and was not copied.
2022-01,MyTho,,,,,,Copernicus_GloFAS,ERA5_V4,NOT_DOWNLOADED,,,,MISSING,No validated MyTho main-river cell/upstream_area is available; the TanChau grid is outside MyTho and was not copied.
2022-02,MyTho,,,,,,Copernicus_GloFAS,ERA5_V4,NOT_DOWNLOADED,,,,MISSING,No validated MyTho main-river cell/upstream_area is available; the TanChau grid is outside MyTho and was not copied.
2022-03,MyTho,,,,,,Copernicus_GloFAS,ERA5_V4,NOT_DOWNLOADED,,,,MISSING,No validated MyTho main-river cell/upstream_area is available; the TanChau grid is outside MyTho and was not copied.
2022-04,MyTho,,,,,,Copernicus_GloFAS,ERA5_V4,NOT_DOWNLOADED,,,,MISSING,No validated MyTho main-river cell/upstream_area is available; the TanChau grid is outside MyTho and was not copied.
2022-05,MyTho,,,,,,Copernicus_GloFAS,ERA5_V4,NOT_DOWNLOADED,,,,MISSING,No validated MyTho main-river cell/upstream_area is available; the TanChau grid is outside MyTho and was not copied.
2022-06,MyTho,,,,,,Copernicus_GloFAS,ERA5_V4,NOT_DOWNLOADED,,,,MISSING,No validated MyTho main-river cell/upstream_area is available; the TanChau grid is outside MyTho and was not copied.
2022-07,MyTho,,,,,,Copernicus_GloFAS,ERA5_V4,NOT_DOWNLOADED,,,,MISSING,No validated MyTho main-river cell/upstream_area is available; the TanChau grid is outside MyTho and was not copied.
2022-08,MyTho,,,,,,Copernicus_GloFAS,ERA5_V4,NOT_DOWNLOADED,,,,MISSING,No validated MyTho main-river cell/upstream_area is available; the TanChau grid is outside MyTho and was not copied.
2022-09,MyTho,,,,,,Copernicus_GloFAS,ERA5_V4,NOT_DOWNLOADED,,,,MISSING,No validated MyTho main-river cell/upstream_area is available; the TanChau grid is outside MyTho and was not copied.
2022-10,MyTho,,,,,,Copernicus_GloFAS,ERA5_V4,NOT_DOWNLOADED,,,,MISSING,No validated MyTho main-river cell/upstream_area is available; the TanChau grid is outside MyTho and was not copied.
2022-11,MyTho,,,,,,Copernicus_GloFAS,ERA5_V4,NOT_DOWNLOADED,,,,MISSING,No validated MyTho main-river cell/upstream_area is available; the TanChau grid is outside MyTho and was not copied.
2022-12,MyTho,,,,,,Copernicus_GloFAS,ERA5_V4,NOT_DOWNLOADED,,,,MISSING,No validated MyTho main-river cell/upstream_area is available; the TanChau grid is outside MyTho and was not copied.
2023-01,MyTho,,,,,,Copernicus_GloFAS,ERA5_V4,NOT_DOWNLOADED,,,,MISSING,No validated MyTho main-river cell/upstream_area is available; the TanChau grid is outside MyTho and was not copied.
2023-02,MyTho,,,,,,Copernicus_GloFAS,ERA5_V4,NOT_DOWNLOADED,,,,MISSING,No validated MyTho main-river cell/upstream_area is available; the TanChau grid is outside MyTho and was not copied.
2023-03,MyTho,,,,,,Copernicus_GloFAS,ERA5_V4,NOT_DOWNLOADED,,,,MISSING,No validated MyTho main-river cell/upstream_area is available; the TanChau grid is outside MyTho and was not copied.
2023-04,MyTho,,,,,,Copernicus_GloFAS,ERA5_V4,NOT_DOWNLOADED,,,,MISSING,No validated MyTho main-river cell/upstream_area is available; the TanChau grid is outside MyTho and was not copied.
2023-05,MyTho,,,,,,Copernicus_GloFAS,ERA5_V4,NOT_DOWNLOADED,,,,MISSING,No validated MyTho main-river cell/upstream_area is available; the TanChau grid is outside MyTho and was not copied.
2023-06,MyTho,,,,,,Copernicus_GloFAS,ERA5_V4,NOT_DOWNLOADED,,,,MISSING,No validated MyTho main-river cell/upstream_area is available; the TanChau grid is outside MyTho and was not copied.
2023-07,MyTho,,,,,,Copernicus_GloFAS,ERA5_V4,NOT_DOWNLOADED,,,,MISSING,No validated MyTho main-river cell/upstream_area is available; the TanChau grid is outside MyTho and was not copied.
2023-08,MyTho,,,,,,Copernicus_GloFAS,ERA5_V4,NOT_DOWNLOADED,,,,MISSING,No validated MyTho main-river cell/upstream_area is available; the TanChau grid is outside MyTho and was not copied.
2023-09,MyTho,,,,,,Copernicus_GloFAS,ERA5_V4,NOT_DOWNLOADED,,,,MISSING,No validated MyTho main-river cell/upstream_area is available; the TanChau grid is outside MyTho and was not copied.
2023-10,MyTho,,,,,,Copernicus_GloFAS,ERA5_V4,NOT_DOWNLOADED,,,,MISSING,No validated MyTho main-river cell/upstream_area is available; the TanChau grid is outside MyTho and was not copied.
2023-11,MyTho,,,,,,Copernicus_GloFAS,ERA5_V4,NOT_DOWNLOADED,,,,MISSING,No validated MyTho main-river cell/upstream_area is available; the TanChau grid is outside MyTho and was not copied.
2023-12,MyTho,,,,,,Copernicus_GloFAS,ERA5_V4,NOT_DOWNLOADED,,,,MISSING,No validated MyTho main-river cell/upstream_area is available; the TanChau grid is outside MyTho and was not copied.
2024-01,MyTho,,,,,,Copernicus_GloFAS,ERA5_V4,NOT_DOWNLOADED,,,,MISSING,No validated MyTho main-river cell/upstream_area is available; the TanChau grid is outside MyTho and was not copied.
2024-02,MyTho,,,,,,Copernicus_GloFAS,ERA5_V4,NOT_DOWNLOADED,,,,MISSING,No validated MyTho main-river cell/upstream_area is available; the TanChau grid is outside MyTho and was not copied.
2024-03,MyTho,,,,,,Copernicus_GloFAS,ERA5_V4,NOT_DOWNLOADED,,,,MISSING,No validated MyTho main-river cell/upstream_area is available; the TanChau grid is outside MyTho and was not copied.
2024-04,MyTho,,,,,,Copernicus_GloFAS,ERA5_V4,NOT_DOWNLOADED,,,,MISSING,No validated MyTho main-river cell/upstream_area is available; the TanChau grid is outside MyTho and was not copied.
2024-05,MyTho,,,,,,Copernicus_GloFAS,ERA5_V4,NOT_DOWNLOADED,,,,MISSING,No validated MyTho main-river cell/upstream_area is available; the TanChau grid is outside MyTho and was not copied.
2024-06,MyTho,,,,,,Copernicus_GloFAS,ERA5_V4,NOT_DOWNLOADED,,,,MISSING,No validated MyTho main-river cell/upstream_area is available; the TanChau grid is outside MyTho and was not copied.
2024-07,MyTho,,,,,,Copernicus_GloFAS,ERA5_V4,NOT_DOWNLOADED,,,,MISSING,No validated MyTho main-river cell/upstream_area is available; the TanChau grid is outside MyTho and was not copied.
2024-08,MyTho,,,,,,Copernicus_GloFAS,ERA5_V4,NOT_DOWNLOADED,,,,MISSING,No validated MyTho main-river cell/upstream_area is available; the TanChau grid is outside MyTho and was not copied.
2024-09,MyTho,,,,,,Copernicus_GloFAS,ERA5_V4,NOT_DOWNLOADED,,,,MISSING,No validated MyTho main-river cell/upstream_area is available; the TanChau grid is outside MyTho and was not copied.
2024-10,MyTho,,,,,,Copernicus_GloFAS,ERA5_V4,NOT_DOWNLOADED,,,,MISSING,No validated MyTho main-river cell/upstream_area is available; the TanChau grid is outside MyTho and was not copied.
2024-11,MyTho,,,,,,Copernicus_GloFAS,ERA5_V4,NOT_DOWNLOADED,,,,MISSING,No validated MyTho main-river cell/upstream_area is available; the TanChau grid is outside MyTho and was not copied.
2024-12,MyTho,,,,,,Copernicus_GloFAS,ERA5_V4,NOT_DOWNLOADED,,,,MISSING,No validated MyTho main-river cell/upstream_area is available; the TanChau grid is outside MyTho and was not copied.
2025-01,MyTho,,,,,,Copernicus_GloFAS,ERA5_V4,NOT_DOWNLOADED,,,,MISSING,No validated MyTho main-river cell/upstream_area is available; the TanChau grid is outside MyTho and was not copied.
2025-02,MyTho,,,,,,Copernicus_GloFAS,ERA5_V4,NOT_DOWNLOADED,,,,MISSING,No validated MyTho main-river cell/upstream_area is available; the TanChau grid is outside MyTho and was not copied.
2025-03,MyTho,,,,,,Copernicus_GloFAS,ERA5_V4,NOT_DOWNLOADED,,,,MISSING,No validated MyTho main-river cell/upstream_area is available; the TanChau grid is outside MyTho and was not copied.
2025-04,MyTho,,,,,,Copernicus_GloFAS,ERA5_V4,NOT_DOWNLOADED,,,,MISSING,No validated MyTho main-river cell/upstream_area is available; the TanChau grid is outside MyTho and was not copied.
2025-05,MyTho,,,,,,Copernicus_GloFAS,ERA5_V4,NOT_DOWNLOADED,,,,MISSING,No validated MyTho main-river cell/upstream_area is available; the TanChau grid is outside MyTho and was not copied.
2025-06,MyTho,,,,,,Copernicus_GloFAS,ERA5_V4,NOT_DOWNLOADED,,,,MISSING,No validated MyTho main-river cell/upstream_area is available; the TanChau grid is outside MyTho and was not copied.
2025-07,MyTho,,,,,,Copernicus_GloFAS,ERA5_V4,NOT_DOWNLOADED,,,,MISSING,No validated MyTho main-river cell/upstream_area is available; the TanChau grid is outside MyTho and was not copied.
2025-08,MyTho,,,,,,Copernicus_GloFAS,ERA5_V4,NOT_DOWNLOADED,,,,MISSING,No validated MyTho main-river cell/upstream_area is available; the TanChau grid is outside MyTho and was not copied.
2025-09,MyTho,,,,,,Copernicus_GloFAS,ERA5_V4,NOT_DOWNLOADED,,,,MISSING,No validated MyTho main-river cell/upstream_area is available; the TanChau grid is outside MyTho and was not copied.
2025-10,MyTho,,,,,,Copernicus_GloFAS,ERA5_V4,NOT_DOWNLOADED,,,,MISSING,No validated MyTho main-river cell/upstream_area is available; the TanChau grid is outside MyTho and was not copied.
2025-11,MyTho,,,,,,Copernicus_GloFAS,ERA5_V4,NOT_DOWNLOADED,,,,MISSING,No validated MyTho main-river cell/upstream_area is available; the TanChau grid is outside MyTho and was not copied.
2025-12,MyTho,,,,,,Copernicus_GloFAS,ERA5_V4,NOT_DOWNLOADED,,,,MISSING,No validated MyTho main-river cell/upstream_area is available; the TanChau grid is outside MyTho and was not copied.
2026-01,MyTho,,,,,,Copernicus_GloFAS,ERA5_V4,NOT_DOWNLOADED,,,,MISSING,No validated MyTho main-river cell/upstream_area is available; the TanChau grid is outside MyTho and was not copied.
2026-02,MyTho,,,,,,Copernicus_GloFAS,ERA5_V4,NOT_DOWNLOADED,,,,MISSING,No validated MyTho main-river cell/upstream_area is available; the TanChau grid is outside MyTho and was not copied.
2026-03,MyTho,,,,,,Copernicus_GloFAS,ERA5_V4,NOT_DOWNLOADED,,,,MISSING,No validated MyTho main-river cell/upstream_area is available; the TanChau grid is outside MyTho and was not copied.
2026-04,MyTho,,,,,,Copernicus_GloFAS,ERA5_V4,NOT_DOWNLOADED,,,,MISSING,No validated MyTho main-river cell/upstream_area is available; the TanChau grid is outside MyTho and was not copied.
2026-05,MyTho,,,,,,Copernicus_GloFAS,ERA5_V4,NOT_DOWNLOADED,,,,MISSING,No validated MyTho main-river cell/upstream_area is available; the TanChau grid is outside MyTho and was not copied.
2026-06,MyTho,,,,,,Copernicus_GloFAS,ERA5_V4,NOT_DOWNLOADED,,,,MISSING,No validated MyTho main-river cell/upstream_area is available; the TanChau grid is outside MyTho and was not copied.
2026-07,MyTho,,,,,,Copernicus_GloFAS,ERA5_V4,NOT_DOWNLOADED,,,,MISSING,No validated MyTho main-river cell/upstream_area is available; the TanChau grid is outside MyTho and was not copied.
2026-08,MyTho,,,,,,Copernicus_GloFAS,ERA5_V4,NOT_DOWNLOADED,,,,MISSING,No validated MyTho main-river cell/upstream_area is available; the TanChau grid is outside MyTho and was not copied.
