station,dahiti_id,target_name,target_lat,target_lon,water_level_m,water_level_err_m,date
MyTho,3316,,,,1.942,0.045,2008-07-17 11:58:24
MyTho,3316,,,,1.906,0.001,2008-07-27 09:56:56
MyTho,3316,,,,2.011,0.001,2008-08-16 05:53:59
MyTho,3316,,,,2.356,0.0,2008-09-05 01:51:03
MyTho,3316,,,,2.457,0.002,2008-09-24 21:48:07
MyTho,3316,,,,2.581,0.001,2008-10-04 19:46:39
MyTho,3316,,,,2.753,0.001,2008-10-14 17:45:10
MyTho,3316,,,,2.991,0.0,2008-10-24 15:43:42
MyTho,3316,,,,2.891,0.001,2008-11-03 13:42:14
MyTho,3316,,,,2.678,0.001,2008-11-13 11:40:45
MyTho,3316,,,,2.726,0.0,2008-11-23 09:39:16
MyTho,3316,,,,2.623,0.0,2008-12-03 07:37:47
MyTho,3316,,,,2.435,0.003,2008-12-13 05:36:19
MyTho,3316,,,,2.237,0.0,2008-12-23 03:34:50
MyTho,3316,,,,2.299,0.003,2009-01-02 01:33:22
MyTho,3316,,,,2.184,0.004,2009-01-11 23:31:54
MyTho,3316,,,,1.989,0.03,2009-01-21 21:30:26
MyTho,3316,,,,1.861,0.001,2009-01-31 19:28:58
MyTho,3316,,,,1.946,0.004,2009-02-10 17:27:30
MyTho,3316,,,,1.868,0.005,2009-02-20 15:26:02
MyTho,3316,,,,1.864,0.004,2009-03-02 13:24:33
MyTho,3316,,,,1.872,0.008,2009-03-12 11:23:05
MyTho,3316,,,,1.952,0.021,2009-03-22 09:21:36
MyTho,3316,,,,1.827,0.002,2009-04-01 07:20:07
MyTho,3316,,,,1.909,0.006,2009-04-11 05:18:38
MyTho,3316,,,,1.718,0.087,2009-04-21 03:17:09
MyTho,3316,,,,1.818,0.017,2009-05-01 01:15:40
MyTho,3316,,,,1.873,0.005,2009-05-10 23:14:11
MyTho,3316,,,,1.994,0.05,2009-05-20 21:12:43
MyTho,3316,,,,1.9,0.001,2009-05-30 19:11:15
MyTho,3316,,,,1.851,0.031,2009-06-19 15:08:19
MyTho,3316,,,,1.9,0.009,2009-07-09 11:05:22
MyTho,3316,,,,1.881,0.002,2009-07-19 09:03:54
MyTho,3316,,,,2.008,0.002,2009-07-29 07:02:25
MyTho,3316,,,,1.942,0.002,2009-08-08 05:00:56
MyTho,3316,,,,1.97,0.007,2009-08-18 02:59:28
MyTho,3316,,,,2.178,0.001,2009-08-28 00:57:59
MyTho,3316,,,,2.335,0.002,2009-09-06 22:56:31
MyTho,3316,,,,2.327,0.002,2009-09-16 20:55:03
MyTho,3316,,,,2.446,0.003,2009-09-26 18:53:35
MyTho,3316,,,,2.794,0.0,2009-10-16 14:50:38
MyTho,3316,,,,2.966,0.0,2009-10-26 12:49:10
MyTho,3316,,,,2.839,0.001,2009-11-05 10:47:41
MyTho,3316,,,,2.637,0.001,2009-11-15 08:46:12
MyTho,3316,,,,2.487,0.0,2009-11-25 06:44:43
MyTho,3316,,,,2.344,0.001,2009-12-05 04:43:15
MyTho,3316,,,,2.101,0.002,2009-12-15 02:41:46
MyTho,3316,,,,2.003,0.002,2009-12-25 00:40:18
MyTho,3316,,,,2.069,0.019,2010-01-03 22:38:50
MyTho,3316,,,,1.896,0.001,2010-01-13 20:37:22
MyTho,3316,,,,1.895,0.0,2010-01-23 18:35:54
MyTho,3316,,,,1.905,0.002,2010-02-02 16:34:26
MyTho,3316,,,,1.753,0.016,2010-02-12 14:32:58
MyTho,3316,,,,1.85,0.001,2010-02-22 12:31:29
MyTho,3316,,,,1.838,0.016,2010-03-04 10:30:00
MyTho,3316,,,,1.842,0.001,2010-03-14 08:28:31
MyTho,3316,,,,1.794,0.023,2010-03-24 06:27:03
MyTho,3316,,,,1.803,0.015,2010-04-03 04:25:34
MyTho,3316,,,,1.848,0.017,2010-04-13 02:24:05
MyTho,3316,,,,1.793,0.001,2010-04-23 00:22:36
MyTho,3316,,,,1.785,0.001,2010-05-02 22:21:08
MyTho,3316,,,,1.831,0.018,2010-05-12 20:19:40
MyTho,3316,,,,1.767,0.014,2010-05-22 18:18:11
MyTho,3316,,,,1.797,0.0,2010-06-01 16:16:43
MyTho,3316,,,,1.872,0.005,2010-06-11 14:15:15
MyTho,3316,,,,1.816,0.005,2010-06-21 12:13:46
MyTho,3316,,,,1.839,0.002,2010-07-01 10:12:17
MyTho,3316,,,,1.871,0.018,2010-07-11 08:10:48
MyTho,3316,,,,1.804,0.004,2010-07-21 06:09:19
MyTho,3316,,,,1.787,0.002,2010-07-31 04:07:51
MyTho,3316,,,,1.818,0.001,2010-08-10 02:06:23
MyTho,3316,,,,1.97,0.002,2010-08-20 00:04:55
MyTho,3316,,,,2.028,0.001,2010-08-29 22:03:27
MyTho,3316,,,,1.998,0.0,2010-09-08 20:01:58
MyTho,3316,,,,2.082,0.0,2010-09-18 18:00:30
MyTho,3316,,,,2.151,0.002,2010-09-28 15:59:01
MyTho,3316,,,,2.32,0.0,2010-10-08 13:57:33
MyTho,3316,,,,2.435,0.001,2010-10-18 11:56:03
MyTho,3316,,,,2.559,0.0,2010-10-28 09:54:34
MyTho,3316,,,,2.609,0.0,2010-11-07 07:53:05
MyTho,3316,,,,2.518,0.0,2010-11-17 05:51:37
MyTho,3316,,,,2.548,0.001,2010-11-27 03:50:10
MyTho,3316,,,,2.425,0.0,2010-12-07 01:48:42
MyTho,3316,,,,2.112,0.0,2010-12-16 23:47:13
MyTho,3316,,,,2.214,0.001,2010-12-26 21:45:45
MyTho,3316,,,,2.107,0.0,2011-01-05 19:44:16
MyTho,3316,,,,1.939,0.014,2011-01-15 17:42:48
MyTho,3316,,,,1.885,0.01,2011-01-25 15:41:19
MyTho,3316,,,,1.91,0.007,2011-02-04 13:39:50
MyTho,3316,,,,1.868,0.001,2011-02-14 11:38:21
MyTho,3316,,,,1.852,0.005,2011-02-24 09:36:52
MyTho,3316,,,,1.836,0.014,2011-03-06 07:35:23
MyTho,3316,,,,1.946,0.129,2011-03-16 05:33:56
MyTho,3316,,,,2.054,0.006,2011-03-26 03:32:28
MyTho,3316,,,,2.118,0.004,2011-04-05 01:31:00
MyTho,3316,,,,2.021,0.017,2011-04-14 23:29:31
MyTho,3316,,,,1.827,0.006,2011-04-24 21:28:02
MyTho,3316,,,,1.78,0.006,2011-05-04 19:26:34
MyTho,3316,,,,1.78,0.002,2011-05-14 17:25:05
MyTho,3316,,,,1.874,0.006,2011-05-24 15:23:35
MyTho,3316,,,,1.89,0.03,2011-06-03 13:22:07
MyTho,3316,,,,1.911,0.033,2011-06-13 11:20:39
MyTho,3316,,,,1.834,0.009,2011-06-23 09:19:11
MyTho,3316,,,,1.832,0.001,2011-07-03 07:17:43
MyTho,3316,,,,1.897,0.006,2011-07-13 05:16:15
MyTho,3316,,,,1.788,0.001,2011-07-23 03:14:46
MyTho,3316,,,,1.937,0.0,2011-08-02 01:13:17
MyTho,3316,,,,1.936,0.003,2011-08-11 23:11:48
MyTho,3316,,,,2.115,0.001,2011-08-21 21:10:19
MyTho,3316,,,,2.475,0.003,2011-08-31 19:08:50
MyTho,3316,,,,2.641,0.023,2011-09-10 17:07:22
MyTho,3316,,,,2.72,0.02,2011-09-20 15:05:54
MyTho,3316,,,,3.034,0.012,2011-09-30 13:04:26
MyTho,3316,,,,3.808,0.001,2011-10-10 11:02:57
MyTho,3316,,,,3.956,0.0,2011-10-20 09:01:28
MyTho,3316,,,,4.155,0.017,2011-10-30 06:59:59
MyTho,3316,,,,3.79,0.005,2011-11-09 04:58:31
MyTho,3316,,,,3.219,0.004,2011-11-19 02:57:03
MyTho,3316,,,,2.997,0.001,2011-11-29 00:55:35
MyTho,3316,,,,2.6,0.001,2011-12-08 22:54:06
MyTho,3316,,,,2.424,0.005,2011-12-18 20:52:37
MyTho,3316,,,,2.329,0.001,2011-12-28 18:51:10
MyTho,3316,,,,2.01,0.004,2012-01-07 16:49:42
MyTho,3316,,,,1.883,0.021,2012-01-17 14:48:14
MyTho,3316,,,,1.887,0.008,2012-01-27 12:46:45
MyTho,3316,,,,1.811,0.001,2012-02-06 10:45:16
MyTho,3316,,,,1.73,0.005,2012-02-16 08:43:47
MyTho,3316,,,,1.783,0.071,2012-02-26 06:42:18
MyTho,3316,,,,1.94,0.006,2012-03-07 04:40:49
MyTho,3316,,,,2.004,0.02,2012-03-17 02:39:21
MyTho,3316,,,,1.924,0.018,2012-03-27 00:37:54
MyTho,3316,,,,1.582,0.012,2012-04-05 22:36:25
MyTho,3316,,,,1.826,0.008,2012-04-15 20:34:57
MyTho,3316,,,,1.741,0.002,2012-04-25 18:33:28
MyTho,3316,,,,1.821,0.002,2012-05-05 16:32:00
MyTho,3316,,,,1.946,0.012,2012-05-15 14:30:30
MyTho,3316,,,,1.894,0.014,2012-05-25 12:29:02
MyTho,3316,,,,1.828,0.009,2012-06-04 10:27:34
MyTho,3316,,,,1.761,0.001,2012-06-14 08:26:06
MyTho,3316,,,,1.764,0.002,2012-06-24 06:24:38
MyTho,3316,,,,1.808,0.002,2012-07-04 04:23:08
MyTho,3316,,,,1.829,0.008,2012-07-14 02:21:39
MyTho,3316,,,,1.966,0.011,2012-07-24 00:20:10
MyTho,3316,,,,1.808,0.002,2012-08-02 22:18:41
MyTho,3316,,,,1.957,0.002,2012-08-22 18:15:45
MyTho,3316,,,,1.95,0.005,2012-09-01 16:14:17
MyTho,3316,,,,2.047,0.002,2012-09-11 14:12:49
MyTho,3316,,,,2.204,0.0,2012-09-21 12:11:20
MyTho,3316,,,,2.391,0.004,2012-10-01 10:09:51
MyTho,3316,,,,2.532,0.002,2012-10-11 08:08:22
MyTho,3316,,,,2.782,0.001,2012-10-21 06:06:52
MyTho,3316,,,,2.572,0.003,2012-10-31 04:05:25
MyTho,3316,,,,2.343,0.001,2012-11-10 02:03:57
MyTho,3316,,,,2.296,0.0,2012-11-20 00:02:29
MyTho,3316,,,,2.098,0.0,2012-11-29 22:01:01
MyTho,3316,,,,1.971,0.003,2012-12-09 19:59:32
MyTho,3316,,,,2.082,0.0,2012-12-19 17:58:04
MyTho,3316,,,,2.13,0.039,2012-12-29 15:56:36
MyTho,3316,,,,1.802,0.004,2013-01-08 13:55:08
MyTho,3316,,,,1.85,0.006,2013-01-18 11:53:40
MyTho,3316,,,,1.821,0.012,2013-01-28 09:52:11
MyTho,3316,,,,1.749,0.0,2013-02-07 07:50:42
MyTho,3316,,,,1.96,0.01,2013-02-17 05:49:14
MyTho,3316,,,,2.042,0.032,2013-03-09 01:46:16
MyTho,3316,,,,1.718,0.007,2013-03-18 23:44:48
MyTho,3316,,,,1.862,0.0,2013-04-07 19:41:52
MyTho,3316,,,,1.892,0.0,2013-04-17 17:40:24
MyTho,3316,,,,1.772,0.004,2013-04-27 15:38:55
MyTho,3316,,,,1.892,0.004,2013-05-07 13:37:26
MyTho,3316,,,,1.957,0.02,2013-05-17 11:35:57
MyTho,3316,,,,1.866,0.001,2013-05-27 09:34:29
MyTho,3316,,,,1.934,0.013,2013-06-06 07:33:01
MyTho,3316,,,,1.818,0.024,2013-06-16 05:31:33
MyTho,3316,,,,1.886,0.002,2013-06-26 03:30:05
MyTho,3316,,,,1.88,0.001,2013-07-06 01:28:37
MyTho,3316,,,,1.853,0.003,2013-07-15 23:27:08
MyTho,3316,,,,1.902,0.004,2013-07-25 21:25:39
MyTho,3316,,,,1.878,0.001,2013-08-04 19:24:09
MyTho,3316,,,,2.079,0.0,2013-08-14 17:22:41
MyTho,3316,,,,2.037,0.0,2013-08-24 15:21:13
MyTho,3316,,,,1.965,0.0,2013-09-03 13:19:45
MyTho,3316,,,,2.231,0.0,2013-09-13 11:18:17
MyTho,3316,,,,2.284,0.001,2013-09-23 09:16:48
MyTho,3316,,,,2.289,0.001,2013-10-03 07:15:20
MyTho,3316,,,,2.875,0.007,2013-10-13 05:13:51
MyTho,3316,,,,3.233,0.003,2013-10-23 03:12:22
MyTho,3316,,,,3.077,0.004,2013-11-02 01:10:54
MyTho,3316,,,,2.885,0.0,2013-11-11 23:09:26
MyTho,3316,,,,2.649,0.0,2013-11-21 21:07:58
MyTho,3316,,,,2.46,0.001,2013-12-01 19:06:30
MyTho,3316,,,,2.378,0.0,2013-12-11 17:05:01
MyTho,3316,,,,2.178,0.001,2013-12-21 15:03:32
MyTho,3316,,,,2.031,0.0,2013-12-31 13:02:05
MyTho,3316,,,,1.901,0.001,2014-01-10 11:00:37
MyTho,3316,,,,1.967,0.0,2014-01-20 08:59:08
MyTho,3316,,,,1.86,0.002,2014-01-30 06:57:40
MyTho,3316,,,,1.809,0.001,2014-02-09 04:56:12
MyTho,3316,,,,1.868,0.0,2014-02-19 02:54:43
MyTho,3316,,,,1.93,0.035,2014-03-01 00:53:14
MyTho,3316,,,,1.853,0.0,2014-03-20 20:50:18
MyTho,3316,,,,1.833,0.005,2014-03-30 18:48:50
MyTho,3316,,,,1.704,0.002,2014-04-09 16:47:21
MyTho,3316,,,,1.837,0.005,2014-04-19 14:45:52
MyTho,3316,,,,1.849,0.0,2014-04-29 12:44:24
MyTho,3316,,,,1.865,0.002,2014-05-09 10:42:56
MyTho,3316,,,,1.915,0.004,2014-05-19 08:41:29
MyTho,3316,,,,1.922,0.021,2014-05-29 06:40:01
MyTho,3316,,,,1.935,0.015,2014-06-08 04:38:32
MyTho,3316,,,,1.911,0.0,2014-06-18 02:37:03
MyTho,3316,,,,1.802,0.004,2014-07-07 22:34:05
MyTho,3316,,,,1.959,0.022,2014-07-17 20:32:37
MyTho,3316,,,,1.932,0.001,2014-07-27 18:31:09
MyTho,3316,,,,2.169,0.014,2014-08-16 14:28:14
MyTho,3316,,,,2.272,0.001,2014-08-26 12:26:45
MyTho,3316,,,,2.265,0.002,2014-09-05 10:25:17
MyTho,3316,,,,2.287,0.004,2014-09-15 08:23:48
MyTho,3316,,,,2.174,0.001,2014-09-25 06:22:19
MyTho,3316,,,,2.289,0.0,2014-10-05 04:20:51
MyTho,3316,,,,2.525,0.003,2014-10-15 02:19:21
MyTho,3316,,,,2.537,0.002,2014-10-25 00:17:53
MyTho,3316,,,,2.452,0.001,2014-11-03 22:16:25
MyTho,3316,,,,2.375,0.0,2014-11-13 20:14:57
MyTho,3316,,,,2.233,0.004,2014-11-23 18:13:29
MyTho,3316,,,,2.037,0.0,2014-12-03 16:11:59
MyTho,3316,,,,2.093,0.052,2014-12-13 14:10:31
MyTho,3316,,,,2.035,0.007,2014-12-23 12:09:03
MyTho,3316,,,,1.86,0.002,2015-01-02 10:07:36
MyTho,3316,,,,1.829,0.001,2015-01-12 08:06:08
MyTho,3316,,,,1.872,0.011,2015-01-22 06:04:39
MyTho,3316,,,,1.833,0.0,2015-02-01 04:03:11
MyTho,3316,,,,1.84,0.0,2015-02-11 02:01:42
MyTho,3316,,,,1.78,0.001,2015-02-21 00:00:13
MyTho,3316,,,,2.044,0.055,2015-03-12 19:57:16
MyTho,3316,,,,1.75,0.002,2015-03-22 17:55:49
MyTho,3316,,,,1.825,0.002,2015-04-01 15:54:21
MyTho,3316,,,,1.936,0.004,2015-04-21 11:51:24
MyTho,3316,,,,1.892,0.009,2015-05-01 09:49:55
MyTho,3316,,,,1.844,0.005,2015-05-11 07:48:26
MyTho,3316,,,,1.922,0.011,2015-05-21 05:46:57
MyTho,3316,,,,1.861,0.004,2015-05-31 03:45:30
MyTho,3316,,,,1.864,0.022,2015-06-10 01:44:02
MyTho,3316,,,,1.872,0.0,2015-06-19 23:42:34
MyTho,3316,,,,1.631,0.061,2015-06-29 21:41:06
MyTho,3316,,,,1.768,0.073,2015-07-09 19:39:37
MyTho,3316,,,,1.872,0.0,2015-07-19 17:38:09
MyTho,3316,,,,1.853,0.001,2015-07-29 15:36:40
MyTho,3316,,,,1.84,0.009,2015-08-08 13:35:11
MyTho,3316,,,,1.913,0.004,2015-08-18 11:33:42
MyTho,3316,,,,1.852,0.033,2015-08-28 09:32:13
MyTho,3316,,,,1.912,0.001,2015-09-07 07:30:44
MyTho,3316,,,,2.138,0.011,2015-09-17 05:29:17
MyTho,3316,,,,2.047,0.045,2015-09-27 03:27:49
MyTho,3316,,,,2.101,0.0,2015-10-07 01:26:22
MyTho,3316,,,,2.226,0.001,2015-10-16 23:24:54
MyTho,3316,,,,2.191,0.001,2015-10-26 21:23:25
MyTho,3316,,,,2.083,0.007,2015-11-15 17:20:28
MyTho,3316,,,,2.105,0.001,2015-11-25 15:19:00
MyTho,3316,,,,1.832,0.007,2015-12-05 13:17:32
MyTho,3316,,,,1.887,0.002,2015-12-15 11:16:03
MyTho,3316,,,,1.843,0.012,2015-12-25 09:14:35
MyTho,3316,,,,1.733,0.001,2016-01-04 07:13:06
MyTho,3316,,,,1.898,0.023,2016-01-14 05:11:37
MyTho,3316,,,,1.883,0.014,2016-01-24 03:10:09
MyTho,3316,,,,1.752,0.009,2016-02-03 01:08:41
MyTho,3316,,,,1.808,0.002,2016-02-12 23:07:13
MyTho,3316,,,,1.814,0.001,2016-02-22 21:06:25
MyTho,3316,,,,1.862,0.003,2016-03-03 19:04:57
MyTho,3316,,,,1.75,0.003,2016-03-13 17:03:30
MyTho,3316,,,,1.55,0.001,2016-03-23 15:02:01
MyTho,3316,,,,1.819,0.003,2016-04-02 13:00:33
MyTho,3316,,,,1.839,0.0,2016-04-12 10:59:04
MyTho,3316,,,,1.938,0.001,2016-04-22 08:57:29
MyTho,3316,,,,1.763,0.003,2016-05-02 06:56:11
MyTho,3316,,,,1.756,0.0,2016-05-12 04:54:38
MyTho,3316,,,,1.788,0.002,2016-05-22 02:53:10
MyTho,3316,,,,1.74,0.006,2016-06-01 00:52:22
MyTho,3316,,,,1.675,0.001,2016-06-10 22:50:20
MyTho,3316,,,,1.758,0.014,2016-06-20 20:48:46
MyTho,3316,,,,1.816,0.0,2016-06-30 18:47:18
MyTho,3316,,,,1.79,0.0,2016-07-10 16:45:50
MyTho,3316,,,,1.849,0.007,2016-07-20 14:44:22
MyTho,3316,,,,1.84,0.004,2016-07-30 12:42:53
MyTho,3316,,,,1.793,0.001,2016-08-09 10:41:25
MyTho,3316,,,,1.783,0.007,2016-08-19 08:39:56
MyTho,3316,,,,1.9,0.0,2016-08-29 06:39:08
MyTho,3316,,,,1.949,0.002,2016-09-08 04:36:58
MyTho,3316,,,,1.961,0.003,2016-09-18 02:35:30
MyTho,3316,,,,2.257,0.001,2016-09-28 00:34:02
MyTho,3316,,,,2.375,0.001,2016-10-07 22:33:14
MyTho,3316,,,,2.553,0.008,2016-10-17 20:31:46
MyTho,3316,,,,2.543,0.0,2016-10-27 18:30:18
MyTho,3316,,,,2.555,0.002,2016-11-06 16:28:50
MyTho,3316,,,,2.407,0.004,2016-11-16 14:27:21
MyTho,3316,,,,2.32,0.0,2016-11-26 12:25:53
MyTho,3316,,,,2.284,0.0,2016-12-06 10:24:24
MyTho,3316,,,,2.2,0.003,2016-12-16 08:22:55
MyTho,3316,,,,2.004,0.0,2016-12-26 06:21:26
MyTho,3316,,,,2.095,0.0,2017-01-05 04:19:57
MyTho,3316,,,,1.848,0.004,2017-01-25 00:17:01
MyTho,3316,,,,1.786,0.029,2017-02-03 22:15:33
MyTho,3316,,,,1.834,0.008,2017-02-13 20:14:05
MyTho,3316,,,,1.586,0.003,2017-02-23 18:12:37
MyTho,3316,,,,1.83,0.033,2017-03-05 16:11:08
MyTho,3316,,,,1.621,0.001,2017-03-15 14:09:40
MyTho,3316,,,,1.642,0.028,2017-03-25 12:08:11
MyTho,3316,,,,2.247,0.045,2017-04-04 10:06:42
MyTho,3316,,,,1.824,0.007,2017-04-14 08:05:12
MyTho,3316,,,,1.969,0.02,2017-04-24 06:03:45
MyTho,3316,,,,1.728,0.004,2017-05-04 04:02:17
MyTho,3316,,,,1.769,0.003,2017-05-14 02:00:49
MyTho,3316,,,,1.754,0.003,2017-05-23 23:59:21
MyTho,3316,,,,1.784,0.013,2017-06-02 21:57:53
MyTho,3316,,,,1.758,0.0,2017-06-12 19:56:25
MyTho,3316,,,,1.81,0.001,2017-06-22 17:54:57
MyTho,3316,,,,1.82,0.0,2017-07-02 15:53:29
MyTho,3316,,,,1.83,0.007,2017-07-12 13:52:00
MyTho,3316,,,,1.926,0.005,2017-07-22 11:50:32
MyTho,3316,,,,2.015,0.014,2017-08-11 07:47:35
MyTho,3316,,,,2.216,0.006,2017-08-21 05:46:06
MyTho,3316,,,,2.165,0.032,2017-08-31 03:44:37
MyTho,3316,,,,2.04,0.018,2017-09-10 01:43:08
MyTho,3316,,,,2.221,0.0,2017-09-19 23:41:40
MyTho,3316,,,,2.274,0.012,2017-09-29 21:40:12
MyTho,3316,,,,2.576,0.0,2017-10-09 19:38:44
MyTho,3316,,,,2.76,0.003,2017-10-19 17:37:16
MyTho,3316,,,,2.647,0.002,2017-10-29 15:35:48
MyTho,3316,,,,2.592,0.0,2017-11-08 13:34:19
MyTho,3316,,,,2.503,0.001,2017-11-18 11:32:51
MyTho,3316,,,,2.376,0.014,2017-11-28 09:31:22
MyTho,3316,,,,2.316,0.002,2017-12-08 07:29:53
MyTho,3316,,,,2.163,0.029,2017-12-18 05:28:24
MyTho,3316,,,,2.089,0.001,2017-12-28 03:26:56
MyTho,3316,,,,1.816,0.004,2018-01-16 23:24:00
MyTho,3316,,,,1.897,0.04,2018-01-26 21:22:32
MyTho,3316,,,,1.998,0.026,2018-02-05 19:21:03
MyTho,3316,,,,1.824,0.018,2018-02-15 17:19:35
MyTho,3316,,,,1.809,0.029,2018-02-25 15:18:07
MyTho,3316,,,,1.681,0.008,2018-03-07 13:16:38
MyTho,3316,,,,1.669,0.036,2018-03-17 11:15:09
MyTho,3316,,,,1.729,0.002,2018-03-27 09:13:39
MyTho,3316,,,,1.82,0.002,2018-04-06 07:12:10
MyTho,3316,,,,1.859,0.02,2018-04-16 05:10:43
MyTho,3316,,,,1.726,0.011,2018-04-26 03:09:15
MyTho,3316,,,,1.736,0.0,2018-05-06 01:07:47
MyTho,3316,,,,1.751,0.012,2018-05-15 23:06:18
MyTho,3316,,,,1.761,0.001,2018-05-25 21:04:50
MyTho,3316,,,,1.763,0.007,2018-06-04 19:03:22
MyTho,3316,,,,1.757,0.005,2018-06-14 17:01:54
MyTho,3316,,,,1.749,0.009,2018-06-24 15:00:25
MyTho,3316,,,,1.849,0.025,2018-07-04 12:58:57
MyTho,3316,,,,1.799,0.022,2018-07-14 10:57:28
MyTho,3316,,,,1.902,0.004,2018-07-24 08:55:59
MyTho,3316,,,,1.845,0.002,2018-08-03 06:54:30
MyTho,3316,,,,1.993,0.005,2018-08-13 04:53:01
MyTho,3316,,,,2.015,0.006,2018-08-23 02:51:33
MyTho,3316,,,,2.335,0.058,2018-09-02 00:50:05
MyTho,3316,,,,2.463,0.001,2018-09-11 22:48:37
MyTho,3316,,,,2.799,0.015,2018-09-21 20:47:09
MyTho,3316,,,,2.894,0.057,2018-10-01 18:45:41
MyTho,3316,,,,3.057,0.045,2018-10-11 16:44:12
MyTho,3316,,,,2.722,0.093,2018-10-21 14:42:44
MyTho,3316,,,,2.508,0.002,2018-10-31 12:41:15
MyTho,3316,,,,2.141,0.004,2018-11-20 08:38:18
MyTho,3316,,,,2.077,0.015,2018-12-10 04:35:20
MyTho,3316,,,,1.87,0.011,2018-12-20 02:33:51
MyTho,3316,,,,1.867,0.006,2019-01-08 22:30:55
MyTho,3316,,,,1.881,0.056,2019-01-18 20:29:27
MyTho,3316,,,,1.796,0.012,2019-01-28 18:27:59
MyTho,3316,,,,1.789,0.031,2019-02-07 16:26:31
MyTho,3316,,,,1.591,0.032,2019-03-09 10:22:05
MyTho,3316,,,,1.823,0.025,2019-03-19 08:20:36
MyTho,3316,,,,1.752,0.012,2019-03-29 06:19:07
MyTho,3316,,,,1.818,0.008,2019-04-18 02:16:09
MyTho,3316,,,,1.849,0.012,2019-04-28 00:14:41
MyTho,3316,,,,1.776,0.006,2019-05-07 22:13:13
MyTho,3316,,,,1.894,0.017,2019-05-17 20:11:45
MyTho,3316,,,,1.833,0.021,2019-05-27 18:10:17
MyTho,3316,,,,1.879,0.003,2019-06-06 16:08:49
MyTho,3316,,,,1.86,0.0,2019-06-16 14:07:21
MyTho,3316,,,,1.93,0.011,2019-06-26 12:05:53
MyTho,3316,,,,1.779,0.003,2019-07-06 10:04:24
MyTho,3316,,,,1.811,0.006,2019-07-16 08:02:55
MyTho,3316,,,,1.815,0.001,2019-07-26 06:01:26
MyTho,3316,,,,1.917,0.003,2019-08-05 03:59:56
MyTho,3316,,,,1.93,0.001,2019-08-15 01:58:28
MyTho,3316,,,,1.794,0.011,2019-08-24 23:57:00
MyTho,3316,,,,1.923,0.004,2019-09-03 21:55:32
MyTho,3316,,,,1.932,0.002,2019-09-13 19:54:03
MyTho,3316,,,,2.363,0.096,2019-09-23 17:52:35
MyTho,3316,,,,2.714,0.068,2019-10-03 15:51:07
MyTho,3316,,,,2.373,0.035,2019-10-13 13:49:38
MyTho,3316,,,,2.307,0.009,2019-10-23 11:48:09
MyTho,3316,,,,2.293,0.001,2019-11-02 09:46:40
MyTho,3316,,,,1.974,0.002,2019-11-12 07:45:11
MyTho,3316,,,,1.947,0.001,2019-11-22 05:43:42
MyTho,3316,,,,1.919,0.027,2019-12-02 03:42:13
MyTho,3316,,,,1.852,0.012,2019-12-12 01:40:45
MyTho,3316,,,,1.874,0.003,2019-12-21 23:39:17
MyTho,3316,,,,1.83,0.015,2019-12-31 21:37:49
MyTho,3316,,,,1.726,0.003,2020-01-10 19:36:21
MyTho,3316,,,,1.808,0.028,2020-01-20 17:34:52
MyTho,3316,,,,1.703,0.03,2020-01-30 15:33:24
MyTho,3316,,,,1.818,0.001,2020-02-19 11:30:26
MyTho,3316,,,,1.772,0.002,2020-02-29 09:28:57
MyTho,3316,,,,2.044,0.004,2020-03-10 07:27:28
MyTho,3316,,,,1.886,0.029,2020-03-20 05:26:00
MyTho,3316,,,,1.838,0.002,2020-03-30 03:24:32
MyTho,3316,,,,1.787,0.002,2020-04-09 01:23:04
MyTho,3316,,,,1.818,0.007,2020-04-18 23:21:36
MyTho,3316,,,,1.792,0.002,2020-04-28 21:20:08
MyTho,3316,,,,1.777,0.001,2020-05-08 19:18:39
MyTho,3316,,,,1.817,0.011,2020-05-18 17:17:11
MyTho,3316,,,,1.793,0.003,2020-06-07 13:14:15
MyTho,3316,,,,1.763,0.004,2020-06-27 09:11:17
MyTho,3316,,,,1.807,0.01,2020-07-07 07:09:48
MyTho,3316,,,,1.729,0.01,2020-07-17 05:08:19
MyTho,3316,,,,1.816,0.013,2020-07-27 03:06:50
MyTho,3316,,,,1.813,0.001,2020-08-06 01:05:22
MyTho,3316,,,,1.788,0.001,2020-08-15 23:03:54
MyTho,3316,,,,1.87,0.001,2020-08-25 21:02:26
MyTho,3316,,,,1.909,0.017,2020-09-04 19:00:57
MyTho,3316,,,,1.981,0.003,2020-09-14 16:59:29
MyTho,3316,,,,2.169,0.013,2020-09-24 14:58:01
MyTho,3316,,,,2.023,0.013,2020-10-14 10:55:03
MyTho,3316,,,,2.675,0.015,2020-10-24 08:53:34
MyTho,3316,,,,1.954,0.013,2020-11-03 06:52:05
MyTho,3316,,,,2.01,0.013,2020-11-13 04:50:37
MyTho,3316,,,,2.388,0.063,2020-11-23 02:49:09
MyTho,3316,,,,2.326,0.002,2020-12-12 22:46:12
MyTho,3316,,,,2.058,0.035,2020-12-22 20:44:43
MyTho,3316,,,,1.782,0.056,2021-01-01 18:43:15
MyTho,3316,,,,1.876,0.124,2021-01-11 16:41:46
MyTho,3316,,,,1.994,0.029,2021-01-21 14:40:17
MyTho,3316,,,,1.967,0.009,2021-01-31 12:38:48
MyTho,3316,,,,1.82,0.025,2021-02-10 10:37:19
MyTho,3316,,,,1.91,0.015,2021-02-20 08:35:51
MyTho,3316,,,,1.911,0.008,2021-03-02 06:34:23
MyTho,3316,,,,1.858,0.017,2021-03-12 04:32:55
MyTho,3316,,,,1.742,0.001,2021-04-01 00:29:58
MyTho,3316,,,,1.861,0.02,2021-04-10 22:28:30
MyTho,3316,,,,1.749,0.017,2021-04-20 20:27:01
MyTho,3316,,,,1.865,0.062,2021-04-30 18:25:32
MyTho,3316,,,,1.851,0.052,2021-05-10 16:24:04
MyTho,3316,,,,2.1,0.013,2021-05-20 14:22:36
MyTho,3316,,,,1.708,0.009,2021-05-30 12:21:08
MyTho,3316,,,,1.873,0.001,2021-06-09 10:19:40
MyTho,3316,,,,1.77,0.001,2021-06-19 08:18:11
MyTho,3316,,,,1.915,0.06,2021-06-29 06:16:42
MyTho,3316,,,,1.962,0.0,2021-07-09 04:15:14
MyTho,3316,,,,1.959,0.022,2021-07-19 02:13:44
MyTho,3316,,,,1.688,0.013,2021-07-29 00:12:16
MyTho,3316,,,,1.813,0.007,2021-08-07 22:10:48
MyTho,3316,,,,1.777,0.015,2021-08-17 20:09:20
MyTho,3316,,,,1.969,0.005,2021-08-27 18:07:52
MyTho,3316,,,,1.902,0.004,2021-09-06 16:06:24
MyTho,3316,,,,2.028,0.016,2021-09-16 14:04:55
MyTho,3316,,,,2.0,0.019,2021-10-06 10:01:58
MyTho,3316,,,,1.959,0.015,2021-10-16 08:00:29
MyTho,3316,,,,2.537,0.008,2021-10-26 05:59:00
MyTho,3316,,,,2.329,0.026,2021-11-05 03:57:31
MyTho,3316,,,,2.429,0.068,2021-11-15 01:56:03
MyTho,3316,,,,2.643,0.0,2021-11-24 23:54:35
MyTho,3316,,,,2.478,0.006,2021-12-04 21:53:07
MyTho,3316,,,,2.207,0.015,2021-12-14 19:51:39
MyTho,3316,,,,2.042,0.002,2021-12-24 17:50:11
MyTho,3316,,,,1.917,0.002,2022-01-03 15:48:43
MyTho,3316,,,,1.799,0.015,2022-01-13 13:47:14
MyTho,3316,,,,2.064,0.0,2022-01-23 11:45:45
MyTho,3316,,,,1.955,0.003,2022-02-02 09:44:16
MyTho,3316,,,,1.781,0.0,2022-02-12 07:42:47
MyTho,3316,,,,1.746,0.053,2022-02-22 05:41:19
MyTho,3316,,,,2.097,0.016,2022-03-04 03:39:51
MyTho,3316,,,,1.941,0.069,2022-03-14 01:38:23
MyTho,3316,,,,2.132,0.111,2022-03-23 23:36:54
MyTho,3316,,,,1.974,0.057,2022-04-02 21:35:26
MyTho,3316,,,,1.899,0.017,2022-04-12 19:34:25
MyTho,3316,,,,1.984,0.005,2022-04-22 17:32:57
MyTho,3316,,,,1.944,0.004,2022-05-02 15:31:28
MyTho,3316,,,,1.916,0.008,2022-05-12 13:30:00
MyTho,3316,,,,1.919,0.007,2022-05-22 11:28:31
MyTho,3316,,,,1.952,0.009,2022-06-01 09:27:02
MyTho,3316,,,,1.975,0.006,2022-06-11 07:25:33
MyTho,3316,,,,1.964,0.017,2022-06-21 05:24:04
MyTho,3316,,,,1.862,0.009,2022-07-01 03:22:37
MyTho,3316,,,,1.771,0.001,2022-07-11 01:21:09
MyTho,3316,,,,1.88,0.026,2022-07-20 23:19:41
MyTho,3316,,,,1.914,0.007,2022-07-30 21:18:12
MyTho,3316,,,,1.778,0.005,2022-08-09 19:16:44
MyTho,3316,,,,2.002,0.005,2022-08-19 17:15:16
MyTho,3316,,,,2.113,0.045,2022-08-29 15:13:47
MyTho,3316,,,,2.284,0.016,2022-09-08 13:12:19
MyTho,3316,,,,1.953,0.002,2022-09-18 11:10:50
MyTho,3316,,,,2.125,0.044,2022-09-28 09:09:21
MyTho,3316,,,,2.114,0.025,2022-10-08 07:07:52
MyTho,3316,,,,2.409,0.25,2022-10-18 05:06:24
MyTho,3316,,,,2.875,0.001,2022-10-28 03:04:56
MyTho,3316,,,,2.823,0.023,2022-11-07 01:03:29
MyTho,3316,,,,2.547,0.003,2022-11-16 23:02:01
MyTho,3316,,,,2.508,0.003,2022-11-26 21:00:33
MyTho,3316,,,,2.531,0.002,2022-12-06 18:59:05
MyTho,3316,,,,2.25,0.003,2022-12-16 16:57:36
MyTho,3316,,,,2.238,0.012,2022-12-26 14:56:07
MyTho,3316,,,,1.852,0.017,2023-01-05 12:54:37
MyTho,3316,,,,2.03,0.086,2023-01-15 10:53:07
MyTho,3316,,,,2.082,0.005,2023-01-25 08:51:39
MyTho,3316,,,,1.937,0.0,2023-02-04 06:50:12
MyTho,3316,,,,1.648,0.02,2023-02-14 04:48:44
MyTho,3316,,,,1.916,0.005,2023-02-24 02:47:17
MyTho,3316,,,,2.002,0.014,2023-03-06 00:45:49
MyTho,3316,,,,1.849,0.003,2023-03-15 22:44:20
MyTho,3316,,,,1.746,0.049,2023-03-25 20:42:52
MyTho,3316,,,,1.772,0.01,2023-04-04 18:41:23
MyTho,3316,,,,1.913,0.013,2023-04-14 16:39:55
MyTho,3316,,,,1.941,0.01,2023-05-04 12:36:57
MyTho,3316,,,,1.864,0.024,2023-05-24 08:33:58
MyTho,3316,,,,1.801,0.044,2023-06-03 06:32:30
MyTho,3316,,,,1.936,0.002,2023-06-13 04:31:02
MyTho,3316,,,,1.644,0.006,2023-06-23 02:29:34
MyTho,3316,,,,1.839,0.009,2023-07-03 00:28:06
MyTho,3316,,,,1.736,0.0,2023-07-12 22:26:37
MyTho,3316,,,,1.799,0.017,2023-07-22 20:25:09
MyTho,3316,,,,1.802,0.001,2023-08-01 18:23:40
MyTho,3316,,,,1.877,0.004,2023-08-11 16:22:12
MyTho,3316,,,,1.931,0.041,2023-08-21 14:20:44
MyTho,3316,,,,1.859,0.0,2023-08-31 12:19:16
MyTho,3316,,,,1.878,0.051,2023-09-10 10:17:48
MyTho,3316,,,,2.039,0.022,2023-09-20 08:16:20
MyTho,3316,,,,1.976,0.064,2023-09-30 06:14:51
MyTho,3316,,,,2.337,0.176,2023-10-10 04:13:23
MyTho,3316,,,,2.289,0.208,2023-10-20 02:11:55
MyTho,3316,,,,2.481,0.013,2023-11-08 22:08:57
MyTho,3316,,,,2.489,0.019,2023-11-18 20:07:28
MyTho,3316,,,,2.371,0.006,2023-11-28 18:05:58
MyTho,3316,,,,1.913,0.017,2023-12-18 14:03:03
MyTho,3316,,,,1.799,0.005,2023-12-28 12:01:35
MyTho,3316,,,,1.906,0.002,2024-01-17 07:58:38
MyTho,3316,,,,1.932,0.006,2024-01-27 05:57:10
MyTho,3316,,,,1.753,0.04,2024-02-06 03:55:41
MyTho,3316,,,,1.85,0.007,2024-02-16 01:54:13
MyTho,3316,,,,1.901,0.001,2024-02-25 23:52:44
MyTho,3316,,,,1.952,0.017,2024-03-06 21:51:15
MyTho,3316,,,,1.84,0.009,2024-03-16 19:49:47
MyTho,3316,,,,1.666,0.008,2024-03-26 17:48:20
MyTho,3316,,,,1.819,0.012,2024-04-15 13:45:24
MyTho,3316,,,,1.776,0.003,2024-04-25 11:43:55
MyTho,3316,,,,1.842,0.024,2024-05-05 09:42:27
MyTho,3316,,,,2.001,0.017,2024-05-15 07:40:58
MyTho,3316,,,,2.107,0.006,2024-06-04 03:38:01
MyTho,3316,,,,1.792,0.052,2024-06-14 01:36:33
MyTho,3316,,,,1.824,0.005,2024-06-23 23:35:05
MyTho,3316,,,,1.886,0.019,2024-07-03 21:33:37
MyTho,3316,,,,1.914,0.024,2024-07-13 19:32:09
MyTho,3316,,,,2.104,0.015,2024-07-23 17:30:41
MyTho,3316,,,,1.91,0.008,2024-08-02 15:29:12
MyTho,3316,,,,2.016,0.011,2024-08-12 13:27:44
MyTho,3316,,,,1.785,0.021,2024-08-22 11:26:15
MyTho,3316,,,,1.923,0.004,2024-09-01 09:24:46
MyTho,3316,,,,1.812,0.003,2024-09-11 07:23:16
MyTho,3316,,,,1.937,0.008,2024-09-21 05:21:48
MyTho,3316,,,,1.982,0.095,2024-10-01 03:20:21
MyTho,3316,,,,1.993,0.02,2024-10-11 01:18:53
MyTho,3316,,,,1.779,0.121,2024-10-20 23:17:25
MyTho,3316,,,,1.629,0.026,2024-10-30 21:15:57
MyTho,3316,,,,1.736,0.259,2024-11-09 19:14:28
MyTho,3316,,,,2.581,0.016,2024-11-19 17:12:59
MyTho,3316,,,,2.087,0.004,2024-11-29 15:11:30
MyTho,3316,,,,2.05,0.044,2024-12-09 13:10:01
MyTho,3316,,,,2.056,0.035,2024-12-19 11:08:33
MyTho,3316,,,,1.858,0.007,2024-12-29 09:07:05
MyTho,3316,,,,1.971,0.019,2025-01-08 07:05:37
MyTho,3316,,,,1.956,0.017,2025-01-18 05:04:09
MyTho,3316,,,,1.789,0.004,2025-02-07 01:01:13
MyTho,3316,,,,1.822,0.017,2025-02-16 22:59:44
MyTho,3316,,,,1.998,0.003,2025-02-26 20:58:15
MyTho,3316,,,,2.005,0.007,2025-03-08 18:56:46
MyTho,3316,,,,1.715,0.054,2025-03-18 16:55:17
MyTho,3316,,,,1.71,0.007,2025-03-28 14:53:50
MyTho,3316,,,,1.808,0.005,2025-04-07 12:52:22
MyTho,3316,,,,1.698,0.004,2025-04-17 10:50:54
MyTho,3316,,,,1.743,0.016,2025-04-27 08:49:26
MyTho,3316,,,,1.734,0.015,2025-05-07 06:47:57
MyTho,3316,,,,1.972,0.005,2025-05-17 04:46:29
MyTho,3316,,,,1.865,0.015,2025-05-27 02:45:01
MyTho,3316,,,,1.784,0.02,2025-06-06 00:43:32
MyTho,3316,,,,1.731,0.008,2025-06-15 22:42:03
MyTho,3316,,,,1.681,0.004,2025-06-25 20:40:34
MyTho,3316,,,,1.982,0.005,2025-07-15 16:37:38
MyTho,3316,,,,2.048,0.012,2025-07-25 14:36:10
MyTho,3316,,,,1.879,0.016,2025-08-04 12:34:42
MyTho,3316,,,,1.711,0.001,2025-08-14 10:33:13
MyTho,3316,,,,1.996,0.014,2025-08-24 08:31:45
MyTho,3316,,,,2.086,0.002,2025-09-03 06:30:17
MyTho,3316,,,,1.935,0.015,2025-09-13 04:28:48
MyTho,3316,,,,1.984,0.0,2025-10-03 00:25:51
MyTho,3316,,,,1.87,0.018,2025-10-12 22:24:22
MyTho,3316,,,,1.959,0.006,2025-10-22 20:22:54
MyTho,3316,,,,2.004,0.009,2025-11-01 18:21:26
MyTho,3316,,,,2.692,0.009,2025-11-21 14:18:30
MyTho,3316,,,,2.441,0.006,2025-12-01 12:17:02
MyTho,3316,,,,2.299,0.005,2025-12-11 10:15:33
MyTho,3316,,,,2.012,0.007,2025-12-21 08:14:04
MyTho,3316,,,,1.949,0.001,2025-12-31 06:12:35
MyTho,3316,,,,1.912,0.005,2026-01-10 04:11:07
MyTho,3316,,,,1.973,0.0,2026-01-20 02:09:39
MyTho,3316,,,,1.879,0.017,2026-01-30 00:08:11
MyTho,3316,,,,2.004,0.004,2026-02-08 22:06:43
MyTho,3316,,,,1.995,0.003,2026-02-18 20:05:15
MyTho,3316,,,,1.856,0.019,2026-02-28 18:03:47
MyTho,3316,,,,1.981,0.003,2026-03-10 16:02:19
MyTho,3316,,,,1.914,0.073,2026-03-30 11:59:22
MyTho,3316,,,,1.696,0.016,2026-04-09 09:57:54
MyTho,3316,,,,1.725,0.013,2026-04-19 07:56:25
MyTho,3316,,,,1.771,0.001,2026-04-29 05:54:56
MyTho,3316,,,,1.748,0.003,2026-05-19 01:51:57
MyTho,3316,,,,1.98,0.002,2026-05-28 23:50:29
MyTho,3316,,,,1.937,0.011,2026-06-07 21:49:01
MyTho,3316,,,,1.854,0.001,2026-06-27 17:46:04
MyTho,3316,,,,1.788,0.009,2026-07-07 15:44:36
MyTho,3316,,,,1.981,0.039,2026-07-17 13:43:07
MyTho,3316,,,,1.818,0.017,2026-07-27 11:41:39
