year_month,dahiti_wl_mean,dahiti_wl_min,dahiti_wl_max,dahiti_obs_count,station,dahiti_available,source,version,snapshot_id,quality_flag
2002-06,3.241,3.241,3.241,1,TanChau,True,DAHITI,API_V2,DAHITI_2026-09-12T2014,VERIFIED
2002-07,2.93,2.93,2.93,1,TanChau,True,DAHITI,API_V2,DAHITI_2026-09-12T2014,VERIFIED
2002-08,4.276,4.276,4.276,1,TanChau,True,DAHITI,API_V2,DAHITI_2026-09-12T2014,VERIFIED
2002-09,6.376,6.376,6.376,1,TanChau,True,DAHITI,API_V2,DAHITI_2026-09-12T2014,VERIFIED
2002-10,4.15,4.15,4.15,1,TanChau,True,DAHITI,API_V2,DAHITI_2026-09-12T2014,VERIFIED
2002-12,3.728,3.728,3.728,1,TanChau,True,DAHITI,API_V2,DAHITI_2026-09-12T2014,VERIFIED
2003-01,3.017,3.017,3.017,1,TanChau,True,DAHITI,API_V2,DAHITI_2026-09-12T2014,VERIFIED
2003-02,3.034,3.034,3.034,1,TanChau,True,DAHITI,API_V2,DAHITI_2026-09-12T2014,VERIFIED
2003-04,3.209,3.209,3.209,1,TanChau,True,DAHITI,API_V2,DAHITI_2026-09-12T2014,VERIFIED
2003-05,2.878,2.878,2.878,1,TanChau,True,DAHITI,API_V2,DAHITI_2026-09-12T2014,VERIFIED
2003-07,2.883,2.883,2.883,1,TanChau,True,DAHITI,API_V2,DAHITI_2026-09-12T2014,VERIFIED
2003-08,3.262,3.262,3.262,1,TanChau,True,DAHITI,API_V2,DAHITI_2026-09-12T2014,VERIFIED
2003-09,4.238,4.238,4.238,1,TanChau,True,DAHITI,API_V2,DAHITI_2026-09-12T2014,VERIFIED
2003-10,4.865,4.865,4.865,1,TanChau,True,DAHITI,API_V2,DAHITI_2026-09-12T2014,VERIFIED
2003-11,3.32,3.32,3.32,1,TanChau,True,DAHITI,API_V2,DAHITI_2026-09-12T2014,VERIFIED
2003-12,3.348,3.348,3.348,1,TanChau,True,DAHITI,API_V2,DAHITI_2026-09-12T2014,VERIFIED
2004-01,3.031,3.031,3.031,1,TanChau,True,DAHITI,API_V2,DAHITI_2026-09-12T2014,VERIFIED
2004-03,3.165,3.165,3.165,1,TanChau,True,DAHITI,API_V2,DAHITI_2026-09-12T2014,VERIFIED
2004-04,2.999,2.999,2.999,1,TanChau,True,DAHITI,API_V2,DAHITI_2026-09-12T2014,VERIFIED
2004-05,3.367,3.367,3.367,1,TanChau,True,DAHITI,API_V2,DAHITI_2026-09-12T2014,VERIFIED
2004-06,2.896,2.896,2.896,1,TanChau,True,DAHITI,API_V2,DAHITI_2026-09-12T2014,VERIFIED
2004-07,2.88,2.88,2.88,1,TanChau,True,DAHITI,API_V2,DAHITI_2026-09-12T2014,VERIFIED
2004-08,4.414,4.414,4.414,1,TanChau,True,DAHITI,API_V2,DAHITI_2026-09-12T2014,VERIFIED
2004-09,4.733,4.733,4.733,1,TanChau,True,DAHITI,API_V2,DAHITI_2026-09-12T2014,VERIFIED
2004-11,3.93,3.93,3.93,1,TanChau,True,DAHITI,API_V2,DAHITI_2026-09-12T2014,VERIFIED
2004-12,3.193,3.193,3.193,1,TanChau,True,DAHITI,API_V2,DAHITI_2026-09-12T2014,VERIFIED
2005-01,2.874,2.874,2.874,1,TanChau,True,DAHITI,API_V2,DAHITI_2026-09-12T2014,VERIFIED
2005-02,2.901,2.901,2.901,1,TanChau,True,DAHITI,API_V2,DAHITI_2026-09-12T2014,VERIFIED
2005-03,3.348,3.348,3.348,1,TanChau,True,DAHITI,API_V2,DAHITI_2026-09-12T2014,VERIFIED
2005-04,3.205,3.205,3.205,1,TanChau,True,DAHITI,API_V2,DAHITI_2026-09-12T2014,VERIFIED
2005-06,3.161,3.161,3.161,1,TanChau,True,DAHITI,API_V2,DAHITI_2026-09-12T2014,VERIFIED
2005-07,2.909,2.909,2.909,1,TanChau,True,DAHITI,API_V2,DAHITI_2026-09-12T2014,VERIFIED
2005-08,4.277,4.277,4.277,1,TanChau,True,DAHITI,API_V2,DAHITI_2026-09-12T2014,VERIFIED
2005-09,5.796,5.796,5.796,1,TanChau,True,DAHITI,API_V2,DAHITI_2026-09-12T2014,VERIFIED
2005-11,3.776,3.776,3.776,1,TanChau,True,DAHITI,API_V2,DAHITI_2026-09-12T2014,VERIFIED
2005-12,3.06,3.06,3.06,1,TanChau,True,DAHITI,API_V2,DAHITI_2026-09-12T2014,VERIFIED
2006-02,3.023,3.023,3.023,1,TanChau,True,DAHITI,API_V2,DAHITI_2026-09-12T2014,VERIFIED
2006-03,3.088,3.088,3.088,1,TanChau,True,DAHITI,API_V2,DAHITI_2026-09-12T2014,VERIFIED
2006-04,2.919,2.919,2.919,1,TanChau,True,DAHITI,API_V2,DAHITI_2026-09-12T2014,VERIFIED
2006-05,3.072,3.072,3.072,1,TanChau,True,DAHITI,API_V2,DAHITI_2026-09-12T2014,VERIFIED
2006-06,2.879,2.879,2.879,1,TanChau,True,DAHITI,API_V2,DAHITI_2026-09-12T2014,VERIFIED
2006-07,3.462,3.462,3.462,1,TanChau,True,DAHITI,API_V2,DAHITI_2026-09-12T2014,VERIFIED
2006-10,3.919,3.919,3.919,1,TanChau,True,DAHITI,API_V2,DAHITI_2026-09-12T2014,VERIFIED
2006-11,4.493,4.493,4.493,1,TanChau,True,DAHITI,API_V2,DAHITI_2026-09-12T2014,VERIFIED
2007-01,2.968,2.968,2.968,1,TanChau,True,DAHITI,API_V2,DAHITI_2026-09-12T2014,VERIFIED
2007-02,2.889,2.889,2.889,1,TanChau,True,DAHITI,API_V2,DAHITI_2026-09-12T2014,VERIFIED
2007-05,3.102,3.102,3.102,1,TanChau,True,DAHITI,API_V2,DAHITI_2026-09-12T2014,VERIFIED
2007-06,3.089,3.089,3.089,1,TanChau,True,DAHITI,API_V2,DAHITI_2026-09-12T2014,VERIFIED
2007-07,3.526,3.526,3.526,1,TanChau,True,DAHITI,API_V2,DAHITI_2026-09-12T2014,VERIFIED
2007-08,3.825,3.825,3.825,1,TanChau,True,DAHITI,API_V2,DAHITI_2026-09-12T2014,VERIFIED
2007-09,4.346,4.346,4.346,1,TanChau,True,DAHITI,API_V2,DAHITI_2026-09-12T2014,VERIFIED
2007-10,4.588,4.588,4.588,1,TanChau,True,DAHITI,API_V2,DAHITI_2026-09-12T2014,VERIFIED
2007-11,3.753,3.753,3.753,1,TanChau,True,DAHITI,API_V2,DAHITI_2026-09-12T2014,VERIFIED
2008-01,3.282,3.282,3.282,1,TanChau,True,DAHITI,API_V2,DAHITI_2026-09-12T2014,VERIFIED
2008-03,3.176,3.176,3.176,1,TanChau,True,DAHITI,API_V2,DAHITI_2026-09-12T2014,VERIFIED
2008-04,3.567,3.567,3.567,1,TanChau,True,DAHITI,API_V2,DAHITI_2026-09-12T2014,VERIFIED
2008-05,3.06,3.06,3.06,1,TanChau,True,DAHITI,API_V2,DAHITI_2026-09-12T2014,VERIFIED
2008-06,2.799,2.799,2.799,1,TanChau,True,DAHITI,API_V2,DAHITI_2026-09-12T2014,VERIFIED
2008-07,3.27,3.27,3.27,1,TanChau,True,DAHITI,API_V2,DAHITI_2026-09-12T2014,VERIFIED
2008-09,4.823,4.823,4.823,1,TanChau,True,DAHITI,API_V2,DAHITI_2026-09-12T2014,VERIFIED
2008-10,3.251,3.251,3.251,1,TanChau,True,DAHITI,API_V2,DAHITI_2026-09-12T2014,VERIFIED
2008-11,4.005,4.005,4.005,1,TanChau,True,DAHITI,API_V2,DAHITI_2026-09-12T2014,VERIFIED
2008-12,3.168,3.168,3.168,1,TanChau,True,DAHITI,API_V2,DAHITI_2026-09-12T2014,VERIFIED
2009-01,3.17,3.17,3.17,1,TanChau,True,DAHITI,API_V2,DAHITI_2026-09-12T2014,VERIFIED
2009-02,3.036,3.036,3.036,1,TanChau,True,DAHITI,API_V2,DAHITI_2026-09-12T2014,VERIFIED
2009-04,2.799,2.799,2.799,1,TanChau,True,DAHITI,API_V2,DAHITI_2026-09-12T2014,VERIFIED
2009-05,3.074,3.074,3.074,1,TanChau,True,DAHITI,API_V2,DAHITI_2026-09-12T2014,VERIFIED
2009-06,3.08,3.08,3.08,1,TanChau,True,DAHITI,API_V2,DAHITI_2026-09-12T2014,VERIFIED
2009-07,2.925,2.925,2.925,1,TanChau,True,DAHITI,API_V2,DAHITI_2026-09-12T2014,VERIFIED
2009-08,4.159,4.159,4.159,1,TanChau,True,DAHITI,API_V2,DAHITI_2026-09-12T2014,VERIFIED
2009-10,4.936,4.936,4.936,1,TanChau,True,DAHITI,API_V2,DAHITI_2026-09-12T2014,VERIFIED
2009-12,3.41,3.41,3.41,1,TanChau,True,DAHITI,API_V2,DAHITI_2026-09-12T2014,VERIFIED
2010-01,3.198,3.198,3.198,1,TanChau,True,DAHITI,API_V2,DAHITI_2026-09-12T2014,VERIFIED
2010-02,3.643,3.643,3.643,1,TanChau,True,DAHITI,API_V2,DAHITI_2026-09-12T2014,VERIFIED
2010-03,3.111,3.111,3.111,1,TanChau,True,DAHITI,API_V2,DAHITI_2026-09-12T2014,VERIFIED
2010-04,3.116,3.116,3.116,1,TanChau,True,DAHITI,API_V2,DAHITI_2026-09-12T2014,VERIFIED
2010-05,3.037,3.037,3.037,1,TanChau,True,DAHITI,API_V2,DAHITI_2026-09-12T2014,VERIFIED
2010-07,3.652,3.652,3.652,1,TanChau,True,DAHITI,API_V2,DAHITI_2026-09-12T2014,VERIFIED
2010-10,3.662,3.662,3.662,1,TanChau,True,DAHITI,API_V2,DAHITI_2026-09-12T2014,VERIFIED
2013-04,3.051,3.051,3.051,1,TanChau,True,DAHITI,API_V2,DAHITI_2026-09-12T2014,VERIFIED
2013-05,2.889,2.889,2.889,1,TanChau,True,DAHITI,API_V2,DAHITI_2026-09-12T2014,VERIFIED
2013-06,2.813,2.813,2.813,1,TanChau,True,DAHITI,API_V2,DAHITI_2026-09-12T2014,VERIFIED
2013-07,3.156,3.156,3.156,1,TanChau,True,DAHITI,API_V2,DAHITI_2026-09-12T2014,VERIFIED
2013-08,3.757,3.757,3.757,1,TanChau,True,DAHITI,API_V2,DAHITI_2026-09-12T2014,VERIFIED
2013-10,5.195,5.195,5.195,1,TanChau,True,DAHITI,API_V2,DAHITI_2026-09-12T2014,VERIFIED
2013-11,3.511,3.511,3.511,1,TanChau,True,DAHITI,API_V2,DAHITI_2026-09-12T2014,VERIFIED
2013-12,2.908,2.908,2.908,1,TanChau,True,DAHITI,API_V2,DAHITI_2026-09-12T2014,VERIFIED
2014-01,2.924,2.924,2.924,1,TanChau,True,DAHITI,API_V2,DAHITI_2026-09-12T2014,VERIFIED
2014-02,2.858,2.858,2.858,1,TanChau,True,DAHITI,API_V2,DAHITI_2026-09-12T2014,VERIFIED
2014-03,3.007,3.007,3.007,1,TanChau,True,DAHITI,API_V2,DAHITI_2026-09-12T2014,VERIFIED
2014-05,3.112,3.112,3.112,1,TanChau,True,DAHITI,API_V2,DAHITI_2026-09-12T2014,VERIFIED
2014-06,3.12,3.12,3.12,1,TanChau,True,DAHITI,API_V2,DAHITI_2026-09-12T2014,VERIFIED
2014-07,3.005,3.005,3.005,1,TanChau,True,DAHITI,API_V2,DAHITI_2026-09-12T2014,VERIFIED
2014-08,4.18,4.18,4.18,1,TanChau,True,DAHITI,API_V2,DAHITI_2026-09-12T2014,VERIFIED
2014-09,4.124,4.124,4.124,1,TanChau,True,DAHITI,API_V2,DAHITI_2026-09-12T2014,VERIFIED
2014-10,2.766,2.766,2.766,1,TanChau,True,DAHITI,API_V2,DAHITI_2026-09-12T2014,VERIFIED
2014-11,3.149,3.149,3.149,1,TanChau,True,DAHITI,API_V2,DAHITI_2026-09-12T2014,VERIFIED
2015-01,2.863,2.863,2.863,1,TanChau,True,DAHITI,API_V2,DAHITI_2026-09-12T2014,VERIFIED
2015-03,2.892,2.892,2.892,1,TanChau,True,DAHITI,API_V2,DAHITI_2026-09-12T2014,VERIFIED
2015-04,3.274,3.274,3.274,1,TanChau,True,DAHITI,API_V2,DAHITI_2026-09-12T2014,VERIFIED
2015-08,2.771,2.771,2.771,1,TanChau,True,DAHITI,API_V2,DAHITI_2026-09-12T2014,VERIFIED
2015-09,3.157,3.157,3.157,1,TanChau,True,DAHITI,API_V2,DAHITI_2026-09-12T2014,VERIFIED
2015-11,3.062,3.062,3.062,1,TanChau,True,DAHITI,API_V2,DAHITI_2026-09-12T2014,VERIFIED
2015-12,3.228,3.228,3.228,1,TanChau,True,DAHITI,API_V2,DAHITI_2026-09-12T2014,VERIFIED
2016-01,3.215,3.215,3.215,1,TanChau,True,DAHITI,API_V2,DAHITI_2026-09-12T2014,VERIFIED
2016-02,2.707,2.707,2.707,1,TanChau,True,DAHITI,API_V2,DAHITI_2026-09-12T2014,VERIFIED
2016-04,3.447,3.447,3.447,1,TanChau,True,DAHITI,API_V2,DAHITI_2026-09-12T2014,VERIFIED
2016-05,2.963,2.963,2.963,1,TanChau,True,DAHITI,API_V2,DAHITI_2026-09-12T2014,VERIFIED
